{"type":"FeatureCollection","features":[{"type":"Feature","properties":{"nombre":"Arroyo El Gato","descripcion":"Río"},"geometry":{"type":"LineString","coordinates":[[-57.9902,-34.8915],[-57.99082,-34.89091],[-57.99102,-34.89054],[-57.99111,-34.89019],[-57.99114,-34.88986],[-57.99107,-34.88898],[-57.991,-34.88874],[-57.99022,-34.88704]]}},{"type":"Feature","properties":{"descripcion":"Desagüe o zanja"},"geometry":{"type":"LineString","coordinates":[[-57.98422,-34.88008],[-57.98443,-34.88]]}},{"type":"Feature","properties":{"descripcion":"Arroyo"},"geometry":{"type":"LineString","coordinates":[[-58.05988,-34.99172],[-58.05765,-34.98966],[-58.05734,-34.98939],[-58.05702,-34.98911],[-58.05698,-34.98908],[-58.05696,-34.98907],[-58.05693,-34.98907],[-58.05691,-34.98907],[-58.0569,-34.98908],[-58.05683,-34.98913],[-58.05671,-34.98922],[-58.05669,-34.98922],[-58.05667,-34.98922],[-58.05664,-34.98921],[-58.05662,-34.9892]]}},{"type":"Feature","properties":{"descripcion":"Desagüe o zanja"},"geometry":{"type":"LineString","coordinates":[[-57.98399,-34.88014],[-57.98422,-34.88008]]}},{"type":"Feature","properties":{"descripcion":"Arroyo"},"geometry":{"type":"LineString","coordinates":[[-58.00024,-34.91625],[-58.00046,-34.91608],[-58.00059,-34.91597],[-58.00064,-34.91578],[-58.00027,-34.91488]]}},{"type":"Feature","properties":{"nombre":"Arroyo Savoia","descripcion":"Arroyo"},"geometry":{"type":"LineString","coordinates":[[-58.02626,-34.85844],[-58.02562,-34.85832]]}},{"type":"Feature","properties":{"descripcion":"Desagüe o zanja"},"geometry":{"type":"LineString","coordinates":[[-57.98443,-34.88],[-57.98497,-34.87979],[-57.98619,-34.87951],[-57.98695,-34.87939],[-57.9875,-34.87934],[-57.98816,-34.8793],[-57.98883,-34.87922],[-57.98912,-34.87924],[-57.99006,-34.87929],[-57.99034,-34.87931],[-57.9911,-34.87941],[-57.99117,-34.87941],[-57.99127,-34.87938]]}},{"type":"Feature","properties":{"nombre":"Arroyo El Gato","descripcion":"Arroyo"},"geometry":{"type":"LineString","coordinates":[[-58.01905,-34.95551],[-58.01905,-34.95549],[-58.01913,-34.9548],[-58.01914,-34.9544],[-58.01914,-34.95417],[-58.01916,-34.95413]]}},{"type":"Feature","properties":{"nombre":"Canal Plátanos","descripcion":"Arroyo"},"geometry":{"type":"LineString","coordinates":[[-58.1713,-34.7766],[-58.16647,-34.7721],[-58.16616,-34.77182],[-58.15737,-34.76367],[-58.14584,-34.75291],[-58.14543,-34.75239],[-58.14517,-34.75197],[-58.14478,-34.75116],[-58.14468,-34.75036],[-58.14464,-34.74946],[-58.1447,-34.74919]]}},{"type":"Feature","properties":{"descripcion":"Desagüe o zanja"},"geometry":{"type":"LineString","coordinates":[[-57.94048,-34.87961],[-57.94031,-34.87951]]}},{"type":"Feature","properties":{"nombre":"Arroyo El Pescado","descripcion":"Río"},"geometry":{"type":"LineString","coordinates":[[-57.75844,-34.92581],[-57.75827,-34.92582],[-57.75814,-34.9258],[-57.75802,-34.92575],[-57.75796,-34.92569],[-57.75793,-34.92561],[-57.75796,-34.92549],[-57.75803,-34.92537],[-57.75804,-34.92529],[-57.75803,-34.92521],[-57.758,-34.92513],[-57.75797,-34.92507],[-57.75792,-34.92501],[-57.75783,-34.92496],[-57.75737,-34.92478],[-57.75725,-34.92472],[-57.75718,-34.92466],[-57.75715,-34.92461],[-57.75713,-34.92456],[-57.75712,-34.92445],[-57.75715,-34.92433],[-57.7572,-34.92424],[-57.75719,-34.92413],[-57.75716,-34.924],[-57.7571,-34.9239],[-57.75697,-34.92379],[-57.75692,-34.92361],[-57.75687,-34.92348],[-57.75669,-34.92317],[-57.75666,-34.92305],[-57.75631,-34.92206],[-57.75613,-34.92195],[-57.75506,-34.922],[-57.75456,-34.92197],[-57.75398,-34.92176],[-57.75325,-34.92111],[-57.75315,-34.92102],[-57.75317,-34.92088]]}},{"type":"Feature","properties":{"descripcion":"Canal"},"geometry":{"type":"LineString","coordinates":[[-57.90445,-34.87176],[-57.89902,-34.87173],[-57.89763,-34.87299],[-57.8959,-34.87441],[-57.89562,-34.87456],[-57.89541,-34.87479]]}},{"type":"Feature","properties":{"nombre":"Arroyo La Fama","descripcion":"Canal"},"geometry":{"type":"LineString","coordinates":[[-57.91285,-34.85288],[-57.91292,-34.85226],[-57.91263,-34.85194],[-57.91199,-34.85122],[-57.91165,-34.85084],[-57.91059,-34.84967]]}},{"type":"Feature","properties":{"nombre":"Arroyo Borsani","descripcion":"Arroyo"},"geometry":{"type":"LineString","coordinates":[[-57.8664,-34.85811],[-57.86671,-34.85779],[-57.86696,-34.85743],[-57.86708,-34.85701],[-57.86732,-34.85661],[-57.86771,-34.85596],[-57.86782,-34.85585],[-57.86818,-34.8555],[-57.86867,-34.85511],[-57.86916,-34.85474],[-57.86974,-34.85439],[-57.87004,-34.85423],[-57.87025,-34.8542],[-57.87129,-34.85415],[-57.87229,-34.85421],[-57.87418,-34.85444],[-57.87554,-34.85444],[-57.87733,-34.85436]]}},{"type":"Feature","properties":{"nombre":"Arroyo San Martín","descripcion":"Arroyo"},"geometry":{"type":"LineString","coordinates":[[-57.86586,-34.86027],[-57.8665,-34.85902],[-57.86745,-34.85825],[-57.86852,-34.85784],[-57.86949,-34.85779],[-57.8705,-34.858],[-57.87107,-34.85814],[-57.87176,-34.85811],[-57.87278,-34.85806]]}},{"type":"Feature","properties":{"nombre":"Arroyo La Fama","descripcion":"Canal"},"geometry":{"type":"LineString","coordinates":[[-57.91059,-34.84967],[-57.91049,-34.84889]]}},{"type":"Feature","properties":{"nombre":"Arroyo Martin","descripcion":"Arroyo"},"geometry":{"type":"LineString","coordinates":[[-58.10502,-34.94577],[-58.10465,-34.94546],[-58.10366,-34.94457],[-58.1032,-34.94413],[-58.10278,-34.94378],[-58.10137,-34.94254],[-58.10138,-34.94231],[-58.10136,-34.94212],[-58.10128,-34.94193],[-58.10121,-34.94166],[-58.10125,-34.94152]]}},{"type":"Feature","properties":{"nombre":"Arroyo Rodríguez","descripcion":"Arroyo"},"geometry":{"type":"LineString","coordinates":[[-58.06322,-34.90344],[-58.06321,-34.9034],[-58.06314,-34.90326],[-58.06307,-34.90306],[-58.06307,-34.90294],[-58.06316,-34.90281],[-58.06323,-34.90267],[-58.06323,-34.90256],[-58.06326,-34.90231],[-58.0633,-34.90215],[-58.06332,-34.90193],[-58.06331,-34.90172],[-58.06322,-34.90161],[-58.06315,-34.90149],[-58.06294,-34.90125],[-58.06281,-34.9011],[-58.0627,-34.90091],[-58.06264,-34.90065],[-58.06246,-34.90041],[-58.06228,-34.90022],[-58.06201,-34.89999],[-58.06182,-34.89981],[-58.06161,-34.89964],[-58.06138,-34.89952],[-58.06099,-34.89939],[-58.06071,-34.89934],[-58.06038,-34.89935],[-58.06026,-34.89935],[-58.05997,-34.89934],[-58.0598,-34.89938],[-58.0596,-34.89945],[-58.05951,-34.8995],[-58.05943,-34.89957],[-58.05935,-34.89964],[-58.05919,-34.89969],[-58.05897,-34.89967],[-58.05883,-34.89961],[-58.05855,-34.89948],[-58.05843,-34.89942],[-58.05822,-34.89932],[-58.05804,-34.89918],[-58.0579,-34.89904],[-58.05782,-34.89903],[-58.05766,-34.89903],[-58.05742,-34.89892],[-58.05734,-34.8989],[-58.05727,-34.8989],[-58.05717,-34.8989],[-58.05709,-34.89893],[-58.05692,-34.89898],[-58.05677,-34.89898],[-58.05668,-34.89894],[-58.05659,-34.8989],[-58.05654,-34.89883],[-58.0565,-34.89875],[-58.0565,-34.89868],[-58.05652,-34.89859],[-58.05652,-34.89852],[-58.05652,-34.89846],[-58.05648,-34.89842],[-58.05648,-34.89834],[-58.05648,-34.89825],[-58.05644,-34.89816],[-58.0564,-34.89805],[-58.05633,-34.89795],[-58.05621,-34.89788],[-58.05611,-34.89783],[-58.056,-34.89779],[-58.05592,-34.89777],[-58.05575,-34.89769],[-58.05561,-34.89766],[-58.05545,-34.89764],[-58.05528,-34.89764],[-58.05505,-34.89764],[-58.05478,-34.89763],[-58.05452,-34.89758],[-58.05434,-34.8975],[-58.05418,-34.89741],[-58.05411,-34.89737],[-58.05404,-34.89735],[-58.05391,-34.89728],[-58.05376,-34.89721],[-58.0536,-34.89714],[-58.05343,-34.89704],[-58.05329,-34.89694],[-58.0531,-34.89672],[-58.05295,-34.89653],[-58.05277,-34.89635],[-58.0527,-34.89629],[-58.05261,-34.89623],[-58.05253,-34.89615],[-58.05249,-34.89604],[-58.05236,-34.8958],[-58.05233,-34.89572],[-58.05235,-34.89562],[-58.05245,-34.89542],[-58.05258,-34.89523],[-58.05265,-34.89502],[-58.05268,-34.89494],[-58.05264,-34.89489],[-58.05257,-34.89476],[-58.0525,-34.89465],[-58.05239,-34.89458],[-58.05231,-34.89456],[-58.05222,-34.89457],[-58.05209,-34.89458],[-58.05189,-34.89454],[-58.05168,-34.89438],[-58.05161,-34.89425],[-58.05158,-34.89412],[-58.05157,-34.89399],[-58.05153,-34.89387],[-58.05147,-34.89378],[-58.05141,-34.89367],[-58.05125,-34.89348],[-58.05117,-34.89335],[-58.05103,-34.89328],[-58.05093,-34.89326],[-58.05076,-34.89325],[-58.0505,-34.89324],[-58.05041,-34.89322],[-58.05034,-34.89318],[-58.05026,-34.89312],[-58.05021,-34.89304],[-58.05019,-34.89296],[-58.0502,-34.89288],[-58.05022,-34.89271],[-58.05023,-34.89253],[-58.05026,-34.89224],[-58.0502,-34.89198],[-58.0501,-34.89184],[-58.05006,-34.89168],[-58.04991,-34.89138],[-58.04978,-34.89115],[-58.04969,-34.89106],[-58.04959,-34.89098],[-58.04936,-34.89083],[-58.0492,-34.89061],[-58.04908,-34.89043],[-58.04894,-34.89028],[-58.04883,-34.89021],[-58.04872,-34.89015],[-58.04837,-34.88999],[-58.04812,-34.88977],[-58.04786,-34.88937]]}},{"type":"Feature","properties":{"descripcion":"Desagüe o zanja"},"geometry":{"type":"LineString","coordinates":[[-57.91852,-34.86505],[-57.91863,-34.86497],[-57.9184,-34.86478],[-57.9186,-34.86457]]}},{"type":"Feature","properties":{"descripcion":"Arroyo"},"geometry":{"type":"LineString","coordinates":[[-58.06215,-34.85721],[-58.06146,-34.8568],[-58.06092,-34.85626]]}},{"type":"Feature","properties":{"nombre":"Arroyo Rodríguez","descripcion":"Arroyo"},"geometry":{"type":"LineString","coordinates":[[-58.03011,-34.87169],[-58.02994,-34.87126],[-58.02992,-34.87119],[-58.02976,-34.87085],[-58.02959,-34.87067],[-58.02926,-34.87052],[-58.02794,-34.87018],[-58.02758,-34.87002],[-58.02727,-34.86981],[-58.02697,-34.86936],[-58.02688,-34.86918],[-58.02222,-34.86198]]}},{"type":"Feature","properties":{"nombre":"Arroyo Carnaval","descripcion":"Arroyo"},"geometry":{"type":"LineString","coordinates":[[-58.11248,-34.9293],[-58.1125,-34.92887],[-58.11243,-34.92856],[-58.11225,-34.92817],[-58.11201,-34.92766],[-58.11192,-34.92731],[-58.11183,-34.92699],[-58.11174,-34.92623],[-58.11152,-34.92564],[-58.11153,-34.9245],[-58.11135,-34.92419],[-58.11116,-34.92398],[-58.11098,-34.92378],[-58.11087,-34.92345],[-58.11077,-34.92314],[-58.11085,-34.92285],[-58.11094,-34.92255],[-58.11085,-34.92219],[-58.11077,-34.92187],[-58.11068,-34.92173],[-58.1105,-34.92159],[-58.11031,-34.92144],[-58.11011,-34.92128],[-58.10999,-34.92104],[-58.10995,-34.92072],[-58.10989,-34.92033],[-58.10983,-34.91993],[-58.10972,-34.91963],[-58.10973,-34.91908],[-58.10968,-34.91894],[-58.10891,-34.91804],[-58.10852,-34.91729],[-58.10824,-34.91701]]}},{"type":"Feature","properties":{"descripcion":"Desagüe o zanja"},"geometry":{"type":"LineString","coordinates":[[-57.91896,-34.85864],[-57.92184,-34.86101],[-57.92192,-34.86154]]}},{"type":"Feature","properties":{"nombre":"Arroyo Don Carlos","descripcion":"Arroyo"},"geometry":{"type":"LineString","coordinates":[[-58.02392,-34.89173],[-58.02438,-34.88693]]}},{"type":"Feature","properties":{"nombre":"Arroyo San Juan","descripcion":"Arroyo"},"geometry":{"type":"LineString","coordinates":[[-58.15532,-34.9171],[-58.15494,-34.91628],[-58.15493,-34.91614],[-58.1551,-34.91602],[-58.15524,-34.91594],[-58.15531,-34.91575],[-58.1552,-34.9155],[-58.15444,-34.91479],[-58.15502,-34.91426],[-58.15502,-34.91417],[-58.15465,-34.9138],[-58.15481,-34.91367],[-58.15405,-34.91292],[-58.154,-34.9127],[-58.15393,-34.91246],[-58.15375,-34.91219],[-58.15321,-34.91162],[-58.15313,-34.9115],[-58.15282,-34.91135],[-58.15271,-34.91128],[-58.15242,-34.91124],[-58.15223,-34.9112],[-58.15207,-34.91108],[-58.15193,-34.91093],[-58.15182,-34.91085],[-58.15165,-34.91072],[-58.15135,-34.91049],[-58.15115,-34.91013],[-58.15105,-34.90994],[-58.15094,-34.90974],[-58.15076,-34.90947],[-58.15058,-34.90916],[-58.15031,-34.90883],[-58.14989,-34.90844],[-58.1494,-34.90799],[-58.14886,-34.90752],[-58.14858,-34.90712],[-58.1485,-34.90698],[-58.14837,-34.90672],[-58.14816,-34.90655],[-58.14788,-34.90634],[-58.14773,-34.90621],[-58.14751,-34.90579],[-58.14727,-34.90536],[-58.14702,-34.90484],[-58.14674,-34.90443],[-58.14572,-34.9032],[-58.14564,-34.90298],[-58.1455,-34.90265],[-58.14528,-34.90235],[-58.14501,-34.90189],[-58.1446,-34.90141],[-58.14448,-34.90119],[-58.14438,-34.90079],[-58.14414,-34.9003],[-58.14351,-34.89944],[-58.14351,-34.89916],[-58.14342,-34.89874],[-58.14333,-34.89856],[-58.14316,-34.89817],[-58.14298,-34.89798],[-58.14303,-34.89792],[-58.14291,-34.89766],[-58.14282,-34.89752],[-58.14275,-34.89731],[-58.14274,-34.89698],[-58.1427,-34.89674],[-58.14257,-34.89657],[-58.14245,-34.89639],[-58.14235,-34.89623],[-58.14231,-34.89599],[-58.14224,-34.89561],[-58.14207,-34.89513],[-58.14192,-34.89455],[-58.14175,-34.89408]]}},{"type":"Feature","properties":{"descripcion":"Arroyo"},"geometry":{"type":"LineString","coordinates":[[-58.12411,-34.90035],[-58.12406,-34.9003],[-58.124,-34.90017],[-58.12403,-34.90011],[-58.12409,-34.90008],[-58.12408,-34.89996],[-58.12405,-34.89985],[-58.12397,-34.89979],[-58.12384,-34.8998],[-58.12366,-34.89984],[-58.1235,-34.89981],[-58.12332,-34.89974],[-58.1231,-34.89964],[-58.12297,-34.89955],[-58.12286,-34.89943],[-58.12265,-34.89931],[-58.12244,-34.89919],[-58.12227,-34.89906],[-58.12213,-34.89893],[-58.12188,-34.89886],[-58.12167,-34.89882],[-58.12146,-34.89871],[-58.12111,-34.89855],[-58.12088,-34.89845],[-58.12057,-34.89829],[-58.12043,-34.89818],[-58.12004,-34.89781],[-58.11966,-34.8976],[-58.11942,-34.89752],[-58.1192,-34.89745],[-58.11903,-34.89731],[-58.11899,-34.89722],[-58.11883,-34.89721],[-58.11856,-34.89716],[-58.11827,-34.89701],[-58.11804,-34.89692],[-58.11796,-34.89684],[-58.11789,-34.89679],[-58.11777,-34.8968],[-58.11756,-34.89685],[-58.11733,-34.89685],[-58.11703,-34.89688],[-58.11681,-34.89688],[-58.11666,-34.89684],[-58.11657,-34.89676],[-58.11653,-34.89661],[-58.11639,-34.8965],[-58.11626,-34.89642],[-58.11604,-34.89646],[-58.11589,-34.89648]]}},{"type":"Feature","properties":{"descripcion":"Arroyo"},"geometry":{"type":"LineString","coordinates":[[-58.1059,-34.89548],[-58.10583,-34.89547],[-58.10566,-34.8954],[-58.10543,-34.89533],[-58.10521,-34.89524],[-58.10504,-34.89511],[-58.10488,-34.895],[-58.10483,-34.89492],[-58.10477,-34.89478],[-58.1045,-34.89434],[-58.10439,-34.89416],[-58.10428,-34.89405],[-58.10412,-34.89384],[-58.10412,-34.89372],[-58.10264,-34.88987]]}},{"type":"Feature","properties":{"descripcion":"Arroyo"},"geometry":{"type":"LineString","coordinates":[[-58.08366,-34.95459],[-58.08351,-34.95445],[-58.08335,-34.95432],[-58.08324,-34.95415],[-58.08306,-34.95396],[-58.08295,-34.95387],[-58.08283,-34.95382],[-58.08272,-34.95373],[-58.08266,-34.95365],[-58.08263,-34.95355],[-58.08258,-34.95343],[-58.08256,-34.9533],[-58.08252,-34.95318],[-58.08248,-34.95306],[-58.08248,-34.95295],[-58.08248,-34.95284],[-58.08228,-34.95277],[-58.0822,-34.95268],[-58.08211,-34.95254],[-58.08206,-34.95243],[-58.08202,-34.95232],[-58.08189,-34.95224],[-58.08177,-34.95212],[-58.08163,-34.95198],[-58.08149,-34.9518],[-58.08142,-34.95165],[-58.08137,-34.95149],[-58.08131,-34.95135],[-58.08113,-34.95122],[-58.0809,-34.95113],[-58.08074,-34.95107],[-58.0806,-34.95097],[-58.0805,-34.95082],[-58.08045,-34.95072],[-58.08039,-34.95056],[-58.08044,-34.95038],[-58.08039,-34.95024],[-58.0803,-34.95005],[-58.0802,-34.94999],[-58.07765,-34.94785],[-58.07764,-34.94776]]}},{"type":"Feature","properties":{"nombre":"Arroyo Las Conchitas","descripcion":"Río"},"geometry":{"type":"LineString","coordinates":[[-58.19864,-34.81563],[-58.19835,-34.81548],[-58.19819,-34.81534],[-58.19814,-34.81523],[-58.19807,-34.81397],[-58.19721,-34.81237],[-58.19705,-34.81158],[-58.19688,-34.81108],[-58.19679,-34.81096],[-58.19612,-34.81068],[-58.19578,-34.81035],[-58.19563,-34.80994],[-58.1956,-34.80918],[-58.1955,-34.80896],[-58.1953,-34.8088],[-58.19495,-34.80867],[-58.19473,-34.80858],[-58.19463,-34.80853],[-58.19457,-34.80848],[-58.19449,-34.80837],[-58.19445,-34.80827],[-58.19436,-34.80797],[-58.19427,-34.80783],[-58.19413,-34.80767],[-58.19405,-34.80755],[-58.19403,-34.80743],[-58.19425,-34.80681],[-58.19419,-34.80608],[-58.19414,-34.80584],[-58.19405,-34.80561],[-58.19385,-34.80534],[-58.19369,-34.80516],[-58.19355,-34.80506],[-58.19338,-34.80496],[-58.1931,-34.80473],[-58.19149,-34.80319],[-58.19138,-34.80307],[-58.19129,-34.80294],[-58.19116,-34.80262],[-58.19102,-34.80247],[-58.19048,-34.80212],[-58.19041,-34.80204],[-58.19038,-34.80196],[-58.19041,-34.80152],[-58.18999,-34.80091],[-58.18992,-34.80069],[-58.18991,-34.80061],[-58.18994,-34.80052],[-58.19168,-34.79956],[-58.19174,-34.79948],[-58.19177,-34.79936],[-58.19167,-34.7992],[-58.19145,-34.79893],[-58.1903,-34.79759],[-58.1895,-34.79714]]}},{"type":"Feature","properties":{"descripcion":"Canal"},"geometry":{"type":"LineString","coordinates":[[-58.18146,-34.82949],[-58.18078,-34.82874]]}},{"type":"Feature","properties":{"descripcion":"Desagüe o zanja"},"geometry":{"type":"LineString","coordinates":[[-57.91914,-34.86534],[-57.91863,-34.86497]]}},{"type":"Feature","properties":{"descripcion":"Desagüe o zanja"},"geometry":{"type":"LineString","coordinates":[[-57.92647,-34.87002],[-57.92635,-34.86992]]}},{"type":"Feature","properties":{"descripcion":"Arroyo"},"geometry":{"type":"LineString","coordinates":[[-58.05142,-34.84696],[-58.04264,-34.84286],[-58.0348,-34.83925],[-58.00623,-34.8262]]}},{"type":"Feature","properties":{"descripcion":"Arroyo"},"geometry":{"type":"LineString","coordinates":[[-57.9414,-34.93069],[-57.94138,-34.93067]]}},{"type":"Feature","properties":{"nombre":"Arroyo Caracoles","descripcion":"Arroyo"},"geometry":{"type":"LineString","coordinates":[[-57.85799,-34.85071],[-57.85817,-34.85069],[-57.85868,-34.85081],[-57.8593,-34.85079],[-57.85975,-34.85086],[-57.86027,-34.8509],[-57.86055,-34.85086],[-57.86079,-34.85078],[-57.86108,-34.85076],[-57.86126,-34.85083],[-57.86168,-34.85087],[-57.86194,-34.85097],[-57.86226,-34.8511],[-57.86239,-34.85115],[-57.86272,-34.85121],[-57.86307,-34.85129],[-57.86353,-34.85141],[-57.86388,-34.85152],[-57.86411,-34.8516],[-57.86445,-34.85174],[-57.86471,-34.85184],[-57.86487,-34.85205],[-57.86477,-34.85225],[-57.86473,-34.85248],[-57.86441,-34.85272],[-57.86425,-34.85285],[-57.86434,-34.85298],[-57.8645,-34.85307],[-57.86465,-34.85318],[-57.86466,-34.8534],[-57.86455,-34.85361],[-57.86455,-34.85383],[-57.86463,-34.85402],[-57.86576,-34.85492],[-57.8659,-34.85518],[-57.86647,-34.85536],[-57.86657,-34.85551],[-57.86748,-34.85571],[-57.86782,-34.85585]]}},{"type":"Feature","properties":{"nombre":"Arroyo La Bernarda","descripcion":"Arroyo"},"geometry":{"type":"LineString","coordinates":[[-57.86848,-34.86316],[-57.86898,-34.86324],[-57.86963,-34.86353],[-57.86979,-34.86342],[-57.86984,-34.86331],[-57.86984,-34.86311],[-57.86991,-34.86294],[-57.87005,-34.86282],[-57.87015,-34.86279],[-57.87051,-34.8628],[-57.87097,-34.86283],[-57.87143,-34.86269],[-57.8718,-34.86258],[-57.87214,-34.86255],[-57.87255,-34.86245],[-57.87273,-34.86245],[-57.87289,-34.86234],[-57.87304,-34.86225],[-57.87307,-34.86195],[-57.87312,-34.86169],[-57.87356,-34.86119],[-57.87387,-34.86095],[-57.87412,-34.86062],[-57.87438,-34.8603],[-57.87463,-34.85956]]}},{"type":"Feature","properties":{"nombre":"Arroyo Filgueira","descripcion":"Arroyo"},"geometry":{"type":"LineString","coordinates":[[-57.87514,-34.86574],[-57.87515,-34.86561]]}},{"type":"Feature","properties":{"nombre":"Arroyo Los Membrillos","descripcion":"Arroyo"},"geometry":{"type":"LineString","coordinates":[[-57.84821,-34.85817],[-57.84812,-34.85869],[-57.84815,-34.85894],[-57.8482,-34.85911],[-57.84834,-34.85943],[-57.84871,-34.86028],[-57.84878,-34.8608],[-57.84906,-34.86141],[-57.84913,-34.86218],[-57.84934,-34.86276],[-57.84939,-34.86305],[-57.84944,-34.8633],[-57.84956,-34.8638],[-57.84973,-34.86387],[-57.84994,-34.8639],[-57.85039,-34.86391],[-57.85051,-34.86401],[-57.85053,-34.86447],[-57.85062,-34.86482],[-57.85059,-34.86504],[-57.85068,-34.86515],[-57.85082,-34.86522],[-57.85083,-34.86539],[-57.85087,-34.86597]]}},{"type":"Feature","properties":{"nombre":"Arroyo Laureles","descripcion":"Arroyo"},"geometry":{"type":"LineString","coordinates":[[-57.85722,-34.85713],[-57.85729,-34.8573],[-57.85737,-34.8575],[-57.8573,-34.85772],[-57.85724,-34.85793],[-57.85723,-34.85824],[-57.85719,-34.85846],[-57.85713,-34.8586],[-57.8571,-34.85888],[-57.85711,-34.85899],[-57.85722,-34.85897],[-57.85742,-34.85902],[-57.85763,-34.85915],[-57.85767,-34.85933],[-57.85773,-34.85954],[-57.85782,-34.8599],[-57.85784,-34.86007],[-57.85783,-34.86024],[-57.85782,-34.86051],[-57.85783,-34.86062],[-57.85793,-34.86063],[-57.85814,-34.86059],[-57.85827,-34.86059],[-57.85837,-34.86073],[-57.85836,-34.86099],[-57.85835,-34.86129],[-57.85832,-34.86136],[-57.85806,-34.86146],[-57.85799,-34.86156],[-57.85802,-34.86174],[-57.85813,-34.86183],[-57.85835,-34.86192],[-57.85851,-34.86203],[-57.85859,-34.86213],[-57.85852,-34.86222],[-57.85833,-34.86232],[-57.85819,-34.86242],[-57.85811,-34.86251],[-57.8581,-34.86259],[-57.8579,-34.86278],[-57.85788,-34.86287],[-57.8579,-34.86298],[-57.85806,-34.86305],[-57.85818,-34.8631],[-57.85821,-34.86321],[-57.85836,-34.86371]]}},{"type":"Feature","properties":{"nombre":"Arroyo Palo Blanco","descripcion":"Arroyo"},"geometry":{"type":"LineString","coordinates":[[-57.84432,-34.86649],[-57.8443,-34.86655],[-57.84427,-34.86659],[-57.8442,-34.86665],[-57.84394,-34.86679],[-57.84389,-34.86683],[-57.84384,-34.86688],[-57.84379,-34.86697],[-57.84374,-34.86707],[-57.84356,-34.86759],[-57.84347,-34.86816],[-57.84344,-34.86824],[-57.84339,-34.86831],[-57.84333,-34.86838],[-57.84323,-34.86845],[-57.84309,-34.86854],[-57.84297,-34.86857],[-57.83916,-34.86862],[-57.83736,-34.86855],[-57.83708,-34.86856],[-57.83681,-34.86859],[-57.83653,-34.86863],[-57.83626,-34.86868],[-57.83602,-34.86875],[-57.83582,-34.86883],[-57.83441,-34.86962],[-57.83427,-34.86967],[-57.83412,-34.86972],[-57.83394,-34.86974],[-57.83383,-34.86974],[-57.83369,-34.86972],[-57.83354,-34.86969],[-57.83336,-34.86963],[-57.83302,-34.86948],[-57.83285,-34.86939],[-57.83277,-34.86935],[-57.83271,-34.86929],[-57.83267,-34.86925],[-57.83239,-34.86866],[-57.8321,-34.86819],[-57.832,-34.86813],[-57.8319,-34.86811],[-57.83179,-34.86809],[-57.83166,-34.8681],[-57.83157,-34.86811],[-57.83149,-34.86813],[-57.83131,-34.86818],[-57.83077,-34.86845],[-57.83002,-34.8689],[-57.82964,-34.86921],[-57.82908,-34.86937],[-57.8284,-34.86948],[-57.82797,-34.86946],[-57.82771,-34.86939],[-57.82746,-34.86925],[-57.82727,-34.869],[-57.8264,-34.86747],[-57.82631,-34.86722],[-57.82601,-34.86687],[-57.82518,-34.86566],[-57.82503,-34.86532],[-57.82454,-34.86463]]}},{"type":"Feature","properties":{"nombre":"Arroyo Zunda","descripcion":"Arroyo"},"geometry":{"type":"LineString","coordinates":[[-57.87613,-34.84165],[-57.87687,-34.84311],[-57.87701,-34.84339],[-57.87935,-34.84803],[-57.8805,-34.85032],[-57.881,-34.8513],[-57.88113,-34.85156],[-57.88126,-34.85181],[-57.882,-34.853]]}},{"type":"Feature","properties":{"nombre":"Arroyo Sulliaga","descripcion":"Arroyo"},"geometry":{"type":"LineString","coordinates":[[-57.86893,-34.84479],[-57.87032,-34.84567],[-57.87033,-34.84573],[-57.87034,-34.84581],[-57.87036,-34.84587],[-57.87078,-34.84621],[-57.87223,-34.84749],[-57.87235,-34.84761],[-57.87239,-34.84768],[-57.87274,-34.84834],[-57.8733,-34.84914],[-57.87336,-34.84926],[-57.87337,-34.8494],[-57.87336,-34.84951],[-57.87333,-34.84962],[-57.87332,-34.8497],[-57.87333,-34.84977],[-57.87343,-34.85082],[-57.87345,-34.8509],[-57.87348,-34.85097],[-57.87356,-34.85104],[-57.87365,-34.85109],[-57.87376,-34.85113],[-57.87382,-34.85119],[-57.8739,-34.85124],[-57.87402,-34.85125],[-57.8741,-34.85125],[-57.87417,-34.85125],[-57.87421,-34.85123],[-57.87424,-34.85119],[-57.87424,-34.85113],[-57.87428,-34.85111],[-57.87433,-34.8511],[-57.87437,-34.85111],[-57.87441,-34.85113],[-57.87442,-34.85119],[-57.87441,-34.85125],[-57.87442,-34.85133],[-57.87443,-34.85138],[-57.87449,-34.85141],[-57.87456,-34.8514],[-57.87463,-34.85138],[-57.87474,-34.85133],[-57.87481,-34.85132],[-57.87485,-34.85132],[-57.87488,-34.85135],[-57.8749,-34.85138],[-57.87489,-34.85145],[-57.87488,-34.85155],[-57.8749,-34.85162],[-57.87495,-34.85168],[-57.87503,-34.85174],[-57.8751,-34.85179],[-57.8752,-34.85183],[-57.8753,-34.85184],[-57.87547,-34.85192],[-57.87554,-34.85197],[-57.87556,-34.85204],[-57.87555,-34.85227],[-57.87557,-34.85249],[-57.87569,-34.85275],[-57.87578,-34.85298],[-57.87607,-34.85314],[-57.87636,-34.85329],[-57.87883,-34.8538]]}},{"type":"Feature","properties":{"nombre":"Arroyo Largo","descripcion":"Arroyo"},"geometry":{"type":"LineString","coordinates":[[-57.90026,-34.84605],[-57.90101,-34.84418],[-57.90109,-34.84409],[-57.90113,-34.84405],[-57.90118,-34.844],[-57.90126,-34.84392],[-57.90134,-34.84382],[-57.90141,-34.84372],[-57.90148,-34.8436],[-57.90154,-34.84345],[-57.90157,-34.84329],[-57.90158,-34.84308],[-57.90161,-34.84297],[-57.90166,-34.84283],[-57.90185,-34.84238],[-57.90189,-34.84224],[-57.9019,-34.84213],[-57.90188,-34.84203],[-57.90185,-34.84195],[-57.90183,-34.84185],[-57.90181,-34.84167],[-57.90181,-34.84156],[-57.90183,-34.84148],[-57.90187,-34.8414],[-57.90192,-34.84134],[-57.90237,-34.84102],[-57.90245,-34.84095],[-57.90251,-34.84089],[-57.90255,-34.84083],[-57.90259,-34.84076],[-57.9027,-34.84039],[-57.90302,-34.83979],[-57.90321,-34.83907],[-57.90413,-34.83773],[-57.90482,-34.83702],[-57.90527,-34.83688],[-57.90544,-34.83665],[-57.90544,-34.83646],[-57.90562,-34.83595],[-57.90561,-34.83578]]}},{"type":"Feature","properties":{"nombre":"Arroyo del Chileno","descripcion":"Arroyo"},"geometry":{"type":"LineString","coordinates":[[-57.90874,-34.83852],[-57.90887,-34.83848],[-57.90899,-34.83848],[-57.9091,-34.83844],[-57.90927,-34.83835],[-57.90939,-34.83832],[-57.90952,-34.83829],[-57.90962,-34.83824],[-57.90972,-34.83817],[-57.9098,-34.83809],[-57.90993,-34.83802],[-57.9101,-34.83795],[-57.91029,-34.83785],[-57.91063,-34.83746],[-57.91094,-34.83706],[-57.91098,-34.837],[-57.91102,-34.83696],[-57.91107,-34.83693],[-57.91113,-34.83691],[-57.91182,-34.8365],[-57.9119,-34.83645],[-57.91196,-34.83641],[-57.912,-34.83634],[-57.91202,-34.83627],[-57.91224,-34.83553],[-57.9126,-34.83477],[-57.91259,-34.83467],[-57.91259,-34.83462],[-57.91262,-34.83458],[-57.9127,-34.83454],[-57.91273,-34.83448],[-57.91281,-34.8342],[-57.91288,-34.83407],[-57.91293,-34.834],[-57.91297,-34.83395],[-57.91302,-34.8339],[-57.9131,-34.83384],[-57.91316,-34.83376],[-57.91316,-34.83368],[-57.91312,-34.83362],[-57.91298,-34.83347],[-57.91292,-34.83341],[-57.9128,-34.83334],[-57.91238,-34.83304],[-57.91161,-34.83265],[-57.91153,-34.83257],[-57.91147,-34.8325],[-57.91144,-34.83238],[-57.91144,-34.83232],[-57.91146,-34.83225],[-57.9115,-34.83218],[-57.91156,-34.8321],[-57.9117,-34.83195],[-57.91205,-34.8316],[-57.91212,-34.83149],[-57.91219,-34.83134],[-57.91222,-34.83125],[-57.91223,-34.83117],[-57.91222,-34.83108],[-57.91218,-34.83101],[-57.91214,-34.83093],[-57.91207,-34.83086],[-57.91186,-34.83073],[-57.91176,-34.83063],[-57.91168,-34.83053],[-57.91156,-34.83041],[-57.91141,-34.83029],[-57.91119,-34.83024],[-57.91078,-34.82996]]}},{"type":"Feature","properties":{"nombre":"Arroyo Horqueta","descripcion":"Arroyo"},"geometry":{"type":"LineString","coordinates":[[-57.91677,-34.83655],[-57.91677,-34.83685],[-57.91634,-34.83753],[-57.91583,-34.83805],[-57.91561,-34.8385],[-57.91527,-34.83893],[-57.91525,-34.8393],[-57.91608,-34.83956]]}},{"type":"Feature","properties":{"descripcion":"Arroyo"},"geometry":{"type":"LineString","coordinates":[[-57.78862,-34.93921],[-57.78663,-34.93948],[-57.78337,-34.93932],[-57.78229,-34.93954],[-57.7818,-34.93911],[-57.78178,-34.93853],[-57.7833,-34.93638],[-57.78315,-34.93573],[-57.78229,-34.93556],[-57.78037,-34.93583],[-57.77926,-34.93549],[-57.77799,-34.93425],[-57.77715,-34.93377],[-57.77658,-34.93372],[-57.77572,-34.9333],[-57.77428,-34.93157],[-57.7723,-34.9312],[-57.77042,-34.93172],[-57.76992,-34.93164],[-57.76946,-34.93176],[-57.76878,-34.93157],[-57.76803,-34.93158],[-57.76762,-34.93157],[-57.76715,-34.93178]]}},{"type":"Feature","properties":{"nombre":"Arroyo Pereyra","descripcion":"Arroyo"},"geometry":{"type":"LineString","coordinates":[[-58.12461,-34.84527],[-58.12449,-34.84463],[-58.12445,-34.84429],[-58.12442,-34.84411],[-58.12431,-34.84392],[-58.12411,-34.84372]]}},{"type":"Feature","properties":{"nombre":"Arroyo Pereyra","descripcion":"Arroyo"},"geometry":{"type":"LineString","coordinates":[[-58.12411,-34.84372],[-58.12407,-34.84359],[-58.12405,-34.84338],[-58.12397,-34.84307],[-58.12391,-34.84292],[-58.12384,-34.84274],[-58.12373,-34.84267],[-58.12313,-34.84267],[-58.12282,-34.8427],[-58.12258,-34.84277],[-58.12245,-34.8427],[-58.12229,-34.84268],[-58.12215,-34.84248],[-58.12213,-34.84226],[-58.12211,-34.84201],[-58.12205,-34.84183],[-58.1219,-34.84172],[-58.12189,-34.84144],[-58.12184,-34.84121],[-58.12168,-34.84108],[-58.12139,-34.8409],[-58.12074,-34.84078],[-58.12049,-34.8407],[-58.12036,-34.84057],[-58.12024,-34.84028],[-58.12029,-34.83997],[-58.12032,-34.83979],[-58.12007,-34.83946],[-58.11995,-34.83933],[-58.11985,-34.83926],[-58.11969,-34.83905],[-58.11959,-34.83889],[-58.11949,-34.83871],[-58.11956,-34.83847],[-58.11945,-34.83821],[-58.11945,-34.83799],[-58.11949,-34.83776],[-58.11937,-34.83757],[-58.11942,-34.83743],[-58.11942,-34.83731],[-58.11941,-34.83709],[-58.11933,-34.8368],[-58.11927,-34.83651],[-58.11915,-34.83633],[-58.11915,-34.8361],[-58.1192,-34.83591],[-58.11918,-34.83579],[-58.11906,-34.8356],[-58.11897,-34.83535],[-58.1189,-34.83511],[-58.11885,-34.83496],[-58.11876,-34.83486],[-58.11841,-34.83459],[-58.11828,-34.83437],[-58.11825,-34.83425],[-58.1182,-34.83413],[-58.11817,-34.83406],[-58.118,-34.83376],[-58.1179,-34.83351],[-58.11774,-34.83336],[-58.1175,-34.83319],[-58.1173,-34.83318],[-58.11712,-34.83326],[-58.11702,-34.83337],[-58.11694,-34.83344],[-58.1168,-34.8334],[-58.11667,-34.83333],[-58.11661,-34.83326],[-58.11652,-34.83315],[-58.11641,-34.83297],[-58.11636,-34.8327],[-58.11631,-34.83248],[-58.11616,-34.83227],[-58.11581,-34.83216],[-58.11536,-34.83205],[-58.11466,-34.83179],[-58.11426,-34.83137],[-58.11417,-34.83128],[-58.11397,-34.83092],[-58.11396,-34.8306],[-58.11406,-34.83032],[-58.11422,-34.83009],[-58.11427,-34.82986],[-58.11421,-34.82964],[-58.11404,-34.82939],[-58.11377,-34.82908],[-58.11361,-34.82884],[-58.11347,-34.82862],[-58.11338,-34.82819],[-58.11302,-34.82773],[-58.11277,-34.8274],[-58.11238,-34.82716],[-58.11182,-34.82706],[-58.11141,-34.8267],[-58.11135,-34.8263],[-58.11156,-34.82593],[-58.11156,-34.82546],[-58.11125,-34.82517],[-58.11091,-34.82488],[-58.11054,-34.82467],[-58.1098,-34.8238],[-58.10626,-34.82082],[-58.10608,-34.82067],[-58.10443,-34.81916],[-58.10247,-34.81759],[-58.10072,-34.81612],[-58.09672,-34.81277],[-58.09209,-34.80893],[-58.08721,-34.80487],[-58.08415,-34.80238],[-58.08001,-34.7989],[-58.07555,-34.79528],[-58.07282,-34.7928],[-58.06952,-34.79009],[-58.06749,-34.78845],[-58.06463,-34.78612],[-58.06181,-34.78378],[-58.05576,-34.77865],[-58.05389,-34.77705]]}},{"type":"Feature","properties":{"descripcion":"Arroyo"},"geometry":{"type":"LineString","coordinates":[[-57.89826,-34.83521],[-57.8973,-34.83462],[-57.8968,-34.83401],[-57.89652,-34.83374],[-57.8965,-34.83348],[-57.89676,-34.83322],[-57.89687,-34.8329],[-57.89661,-34.83253],[-57.89655,-34.83181],[-57.89652,-34.83121],[-57.89659,-34.83064],[-57.89706,-34.83012],[-57.89734,-34.82966],[-57.89747,-34.82937],[-57.89739,-34.82904],[-57.89761,-34.82849],[-57.89765,-34.82823]]}},{"type":"Feature","properties":{"descripcion":"Arroyo"},"geometry":{"type":"LineString","coordinates":[[-57.89371,-34.83984],[-57.89333,-34.83922],[-57.893,-34.83889],[-57.89268,-34.83866],[-57.89223,-34.83857],[-57.89206,-34.83852],[-57.892,-34.83851],[-57.89194,-34.83851],[-57.89187,-34.83852],[-57.89182,-34.83854],[-57.89161,-34.83866],[-57.89156,-34.83869],[-57.89153,-34.8387],[-57.89151,-34.8387],[-57.89145,-34.83871],[-57.89119,-34.83877],[-57.89116,-34.83878],[-57.89114,-34.83878],[-57.89112,-34.83878],[-57.89109,-34.83878],[-57.89107,-34.83878],[-57.89084,-34.83876],[-57.88996,-34.83876],[-57.88748,-34.83961]]}},{"type":"Feature","properties":{"descripcion":"Arroyo"},"geometry":{"type":"LineString","coordinates":[[-57.887,-34.83473],[-57.89519,-34.83348],[-57.8959,-34.83339],[-57.8965,-34.83348]]}},{"type":"Feature","properties":{"descripcion":"Arroyo"},"geometry":{"type":"LineString","coordinates":[[-57.92998,-34.83832],[-57.92916,-34.83832],[-57.92837,-34.83831],[-57.92721,-34.83836],[-57.92695,-34.83844]]}},{"type":"Feature","properties":{"descripcion":"Arroyo"},"geometry":{"type":"LineString","coordinates":[[-57.91182,-34.84026],[-57.91182,-34.84052],[-57.91184,-34.84095],[-57.91146,-34.84119],[-57.91133,-34.84139],[-57.91136,-34.84188]]}},{"type":"Feature","properties":{"descripcion":"Arroyo"},"geometry":{"type":"LineString","coordinates":[[-57.91058,-34.84139],[-57.91092,-34.84144],[-57.91133,-34.84139]]}},{"type":"Feature","properties":{"nombre":"Arroyo Punta del Monte","descripcion":"Arroyo"},"geometry":{"type":"LineString","coordinates":[[-57.9018,-34.83278],[-57.90135,-34.83327],[-57.90092,-34.83396],[-57.90006,-34.83477],[-57.89955,-34.8354],[-57.89942,-34.83637],[-57.89938,-34.83743],[-57.89946,-34.83785]]}},{"type":"Feature","properties":{"descripcion":"Arroyo"},"geometry":{"type":"LineString","coordinates":[[-57.87852,-34.85951],[-57.87965,-34.8584],[-57.87976,-34.85848],[-57.87985,-34.8588],[-57.87982,-34.85896],[-57.87996,-34.85898],[-57.88088,-34.85868],[-57.88189,-34.85808],[-57.8823,-34.85804],[-57.8835,-34.85768]]}},{"type":"Feature","properties":{"descripcion":"Arroyo"},"geometry":{"type":"LineString","coordinates":[[-57.8747,-34.86685],[-57.87391,-34.8668],[-57.87324,-34.86627],[-57.87279,-34.86597],[-57.87273,-34.86592]]}},{"type":"Feature","properties":{"descripcion":"Arroyo"},"geometry":{"type":"LineString","coordinates":[[-57.86436,-34.8679],[-57.86388,-34.86768],[-57.86336,-34.86724],[-57.86343,-34.86665],[-57.86322,-34.86647],[-57.86318,-34.86595],[-57.86306,-34.86582],[-57.86309,-34.86573],[-57.86328,-34.86568],[-57.8633,-34.86555],[-57.86311,-34.86545],[-57.86296,-34.86544],[-57.86284,-34.86555],[-57.86254,-34.86555],[-57.86234,-34.86569],[-57.862,-34.86566],[-57.86152,-34.86572],[-57.86138,-34.86566],[-57.86136,-34.86542],[-57.86118,-34.86515],[-57.86101,-34.86513],[-57.86083,-34.8652],[-57.86065,-34.86506],[-57.86073,-34.86483],[-57.86098,-34.86458],[-57.86104,-34.86433],[-57.86078,-34.86376]]}},{"type":"Feature","properties":{"descripcion":"Arroyo"},"geometry":{"type":"LineString","coordinates":[[-57.86661,-34.86708],[-57.86619,-34.86581],[-57.8662,-34.86556],[-57.86615,-34.86548],[-57.86602,-34.86545],[-57.86567,-34.86547],[-57.86543,-34.86539],[-57.86538,-34.86533],[-57.86534,-34.86523],[-57.86526,-34.86517],[-57.8651,-34.86512],[-57.86487,-34.86498],[-57.8648,-34.8649],[-57.86477,-34.86482],[-57.86481,-34.86474],[-57.865,-34.86461],[-57.86507,-34.86454],[-57.8652,-34.86422],[-57.86535,-34.86413],[-57.86537,-34.86405],[-57.86527,-34.86392],[-57.86512,-34.86383],[-57.86489,-34.8635],[-57.86486,-34.86338],[-57.8649,-34.86326],[-57.86505,-34.8631],[-57.86513,-34.86293],[-57.86509,-34.86276],[-57.86462,-34.86212]]}},{"type":"Feature","properties":{"descripcion":"Arroyo"},"geometry":{"type":"LineString","coordinates":[[-57.85914,-34.86979],[-57.85906,-34.86976],[-57.85892,-34.86957],[-57.8587,-34.86948],[-57.85819,-34.86932],[-57.85807,-34.86921],[-57.85779,-34.86873],[-57.85771,-34.86867],[-57.85753,-34.86858],[-57.85751,-34.86849],[-57.85764,-34.86833],[-57.85792,-34.86822],[-57.85806,-34.86805],[-57.85815,-34.86775],[-57.85804,-34.86711],[-57.85829,-34.86665],[-57.85823,-34.86631],[-57.8582,-34.8659],[-57.85828,-34.86577],[-57.85847,-34.86575],[-57.85854,-34.86567],[-57.85858,-34.86544],[-57.85867,-34.86525],[-57.85867,-34.86516],[-57.85854,-34.865],[-57.85857,-34.86485],[-57.85879,-34.86468],[-57.85883,-34.8645],[-57.8586,-34.864],[-57.85858,-34.86371]]}},{"type":"Feature","properties":{"descripcion":"Arroyo"},"geometry":{"type":"LineString","coordinates":[[-57.84689,-34.86808],[-57.84703,-34.868],[-57.84776,-34.86785],[-57.84884,-34.8674],[-57.84926,-34.86738],[-57.84966,-34.8675],[-57.85085,-34.86716],[-57.85131,-34.86725],[-57.85181,-34.86716],[-57.85231,-34.86694],[-57.85177,-34.86573]]}},{"type":"Feature","properties":{"descripcion":"Arroyo"},"geometry":{"type":"LineString","coordinates":[[-57.85872,-34.85162],[-57.85834,-34.85164],[-57.85744,-34.85164],[-57.85659,-34.85171],[-57.8559,-34.85197],[-57.85524,-34.85194],[-57.85462,-34.8515],[-57.85412,-34.85118],[-57.85301,-34.85134],[-57.85209,-34.8513],[-57.85153,-34.85118],[-57.85056,-34.85093],[-57.84994,-34.85058],[-57.84893,-34.85007],[-57.84787,-34.84977]]}},{"type":"Feature","properties":{"nombre":"Arroyo del Chileno","descripcion":"Arroyo"},"geometry":{"type":"LineString","coordinates":[[-57.90109,-34.84591],[-57.90164,-34.84451],[-57.90167,-34.84448],[-57.9017,-34.84446],[-57.90176,-34.84443],[-57.90269,-34.84393],[-57.90407,-34.84319],[-57.90491,-34.84298],[-57.90509,-34.84293],[-57.90516,-34.84291],[-57.90523,-34.84289],[-57.90534,-34.84283],[-57.90573,-34.84262],[-57.90575,-34.84258],[-57.90576,-34.84254],[-57.90575,-34.84248],[-57.90573,-34.84242],[-57.90571,-34.84238],[-57.90566,-34.8423],[-57.9056,-34.84224],[-57.90552,-34.84218],[-57.90543,-34.84215],[-57.90536,-34.84215],[-57.90529,-34.84214],[-57.9052,-34.84212],[-57.90514,-34.84209],[-57.9051,-34.84205],[-57.90509,-34.84199],[-57.9051,-34.84193],[-57.90515,-34.84187],[-57.9058,-34.84143],[-57.90636,-34.84084],[-57.90707,-34.84011],[-57.9076,-34.83936],[-57.90769,-34.83926],[-57.90782,-34.83915],[-57.90874,-34.83852]]}},{"type":"Feature","properties":{"descripcion":"Arroyo"},"geometry":{"type":"LineString","coordinates":[[-57.90726,-34.84478],[-57.90605,-34.84399],[-57.9058,-34.84382],[-57.90572,-34.84378],[-57.90567,-34.84376],[-57.90561,-34.84374],[-57.905,-34.84347],[-57.90496,-34.84343],[-57.90492,-34.84339],[-57.9049,-34.84335],[-57.90489,-34.8433],[-57.90487,-34.84311],[-57.90487,-34.84308],[-57.90487,-34.84306],[-57.90488,-34.84302],[-57.90491,-34.84298]]}},{"type":"Feature","properties":{"descripcion":"Arroyo"},"geometry":{"type":"LineString","coordinates":[[-57.93307,-34.8512],[-57.9329,-34.85129]]}},{"type":"Feature","properties":{"nombre":"Arroyo del Gato","descripcion":"Arroyo"},"geometry":{"type":"LineString","coordinates":[[-57.95166,-34.85083],[-57.95166,-34.85021],[-57.95179,-34.8497],[-57.95157,-34.84919],[-57.95134,-34.84884],[-57.95127,-34.84861],[-57.95134,-34.84824],[-57.95131,-34.84815],[-57.95063,-34.8477],[-57.95035,-34.84729],[-57.95009,-34.84689],[-57.94998,-34.84659],[-57.94981,-34.84615],[-57.94915,-34.84549],[-57.94902,-34.84533],[-57.94891,-34.84518],[-57.9487,-34.84484],[-57.9484,-34.84456],[-57.94833,-34.84417],[-57.94823,-34.84406],[-57.94812,-34.84393],[-57.94767,-34.8437],[-57.94737,-34.84365],[-57.94706,-34.84361],[-57.94683,-34.84361],[-57.94653,-34.84361],[-57.94612,-34.84343],[-57.9461,-34.8432]]}},{"type":"Feature","properties":{"descripcion":"Arroyo"},"geometry":{"type":"LineString","coordinates":[[-57.94385,-34.84139],[-57.94415,-34.84178],[-57.94451,-34.84208],[-57.9446,-34.84245],[-57.94474,-34.84278]]}},{"type":"Feature","properties":{"descripcion":"Arroyo"},"geometry":{"type":"LineString","coordinates":[[-57.94325,-34.84224],[-57.94344,-34.84259],[-57.94347,-34.84281]]}},{"type":"Feature","properties":{"descripcion":"Arroyo"},"geometry":{"type":"LineString","coordinates":[[-57.94709,-34.84664],[-57.9473,-34.84629],[-57.94752,-34.84586],[-57.94756,-34.84556],[-57.94734,-34.84502],[-57.94715,-34.8446],[-57.94694,-34.84412],[-57.94676,-34.84382],[-57.94683,-34.84361]]}},{"type":"Feature","properties":{"descripcion":"Arroyo"},"geometry":{"type":"LineString","coordinates":[[-57.94833,-34.84322],[-57.94782,-34.84335],[-57.94737,-34.84365]]}},{"type":"Feature","properties":{"descripcion":"Arroyo"},"geometry":{"type":"LineString","coordinates":[[-57.95095,-34.8434],[-57.95058,-34.84377],[-57.95043,-34.84377],[-57.95,-34.84379],[-57.94951,-34.84375],[-57.94895,-34.84379],[-57.94823,-34.84406]]}},{"type":"Feature","properties":{"descripcion":"Arroyo"},"geometry":{"type":"LineString","coordinates":[[-57.95108,-34.84386],[-57.95076,-34.84386],[-57.95043,-34.84377]]}},{"type":"Feature","properties":{"descripcion":"Arroyo"},"geometry":{"type":"LineString","coordinates":[[-57.95157,-34.84493],[-57.95118,-34.84479],[-57.95039,-34.84493],[-57.94973,-34.84491],[-57.94934,-34.84504],[-57.94902,-34.84533]]}},{"type":"Feature","properties":{"descripcion":"Arroyo"},"geometry":{"type":"LineString","coordinates":[[-57.95097,-34.84595],[-57.95046,-34.8463],[-57.95033,-34.84656]]}},{"type":"Feature","properties":{"descripcion":"Arroyo"},"geometry":{"type":"LineString","coordinates":[[-57.95202,-34.84829],[-57.95134,-34.84824]]}},{"type":"Feature","properties":{"descripcion":"Arroyo"},"geometry":{"type":"LineString","coordinates":[[-57.96052,-34.83294],[-57.95998,-34.83276],[-57.95936,-34.83271],[-57.95867,-34.83271],[-57.95814,-34.83246],[-57.95767,-34.83218],[-57.95706,-34.83211],[-57.95582,-34.83192],[-57.95464,-34.83174],[-57.9538,-34.83157],[-57.95356,-34.83149]]}},{"type":"Feature","properties":{"descripcion":"Río"},"geometry":{"type":"LineString","coordinates":[[-57.93731,-34.83481],[-57.9372,-34.83477],[-57.93697,-34.8345],[-57.93677,-34.83405],[-57.93642,-34.83361],[-57.93611,-34.83332],[-57.93594,-34.83254]]}},{"type":"Feature","properties":{"descripcion":"Río"},"geometry":{"type":"LineString","coordinates":[[-57.93924,-34.83605],[-57.93788,-34.83419],[-57.93762,-34.8339],[-57.93708,-34.83235]]}},{"type":"Feature","properties":{"descripcion":"Arroyo"},"geometry":{"type":"LineString","coordinates":[[-57.93812,-34.8371],[-57.93778,-34.83659],[-57.93845,-34.83636],[-57.93859,-34.83625],[-57.93924,-34.83605],[-57.93986,-34.8357],[-57.94024,-34.83542],[-57.94024,-34.83505],[-57.9399,-34.83452],[-57.93973,-34.83417],[-57.93983,-34.83368],[-57.93973,-34.83332],[-57.93958,-34.8331],[-57.93964,-34.83266],[-57.93961,-34.83206]]}},{"type":"Feature","properties":{"descripcion":"Arroyo"},"geometry":{"type":"LineString","coordinates":[[-57.94086,-34.8357],[-57.94024,-34.83505]]}},{"type":"Feature","properties":{"descripcion":"Arroyo"},"geometry":{"type":"LineString","coordinates":[[-57.94471,-34.83305],[-57.9447,-34.83309],[-57.94449,-34.83322],[-57.94413,-34.83331],[-57.9438,-34.83325],[-57.94357,-34.83313],[-57.94342,-34.8328],[-57.94331,-34.83243],[-57.94299,-34.8322],[-57.94244,-34.83168]]}},{"type":"Feature","properties":{"nombre":"Arroyo Negrero","descripcion":"Arroyo"},"geometry":{"type":"LineString","coordinates":[[-57.91144,-34.84787],[-57.91222,-34.84711],[-57.91228,-34.84619],[-57.91222,-34.84421]]}},{"type":"Feature","properties":{"descripcion":"Desagüe o zanja"},"geometry":{"type":"LineString","coordinates":[[-57.92644,-34.86224],[-57.92894,-34.86416]]}},{"type":"Feature","properties":{"descripcion":"Desagüe o zanja"},"geometry":{"type":"LineString","coordinates":[[-57.92402,-34.86819],[-57.92879,-34.8644],[-57.92878,-34.86428],[-57.92885,-34.86422]]}},{"type":"Feature","properties":{"descripcion":"Arroyo"},"geometry":{"type":"LineString","coordinates":[[-57.93687,-34.83578],[-57.93633,-34.83572],[-57.93573,-34.83569],[-57.93511,-34.83572],[-57.93382,-34.83591]]}},{"type":"Feature","properties":{"descripcion":"Arroyo"},"geometry":{"type":"LineString","coordinates":[[-58.00611,-34.82615],[-57.99495,-34.82113],[-57.99459,-34.82089],[-57.99441,-34.82073]]}},{"type":"Feature","properties":{"descripcion":"Arroyo"},"geometry":{"type":"LineString","coordinates":[[-58.05182,-34.84713],[-58.05142,-34.84696]]}},{"type":"Feature","properties":{"descripcion":"Arroyo"},"geometry":{"type":"LineString","coordinates":[[-58.05217,-34.8473],[-58.05182,-34.84713]]}},{"type":"Feature","properties":{"descripcion":"Arroyo"},"geometry":{"type":"LineString","coordinates":[[-57.99371,-34.81988],[-57.99366,-34.8198]]}},{"type":"Feature","properties":{"descripcion":"Arroyo"},"geometry":{"type":"LineString","coordinates":[[-58.00623,-34.8262],[-58.00611,-34.82615]]}},{"type":"Feature","properties":{"nombre":"Arroyo Savoia","descripcion":"Arroyo"},"geometry":{"type":"LineString","coordinates":[[-58.0333,-34.85715],[-58.02861,-34.85789],[-58.02731,-34.85814],[-58.02662,-34.85847],[-58.02626,-34.85844]]}},{"type":"Feature","properties":{"descripcion":"Arroyo"},"geometry":{"type":"LineString","coordinates":[[-58.05236,-34.84722],[-58.05619,-34.84554]]}},{"type":"Feature","properties":{"descripcion":"Arroyo"},"geometry":{"type":"LineString","coordinates":[[-58.05619,-34.84554],[-58.0564,-34.84546]]}},{"type":"Feature","properties":{"nombre":"Arroyo El Miguelín","descripcion":"Arroyo"},"geometry":{"type":"LineString","coordinates":[[-57.99366,-34.8198],[-57.99359,-34.81965],[-57.9935,-34.8194],[-57.99348,-34.81919],[-57.99336,-34.81878],[-57.99336,-34.81836],[-57.99344,-34.81706],[-57.99351,-34.8168],[-57.99381,-34.8162],[-57.99387,-34.81495],[-57.99412,-34.81142],[-57.99418,-34.81124],[-57.99416,-34.81077],[-57.99386,-34.81012],[-57.99155,-34.80325],[-57.99155,-34.80311],[-57.99103,-34.80207],[-57.99019,-34.80094],[-57.98896,-34.79969]]}},{"type":"Feature","properties":{"descripcion":"Arroyo"},"geometry":{"type":"LineString","coordinates":[[-58.0564,-34.84546],[-58.05657,-34.84538]]}},{"type":"Feature","properties":{"descripcion":"Arroyo"},"geometry":{"type":"LineString","coordinates":[[-57.99441,-34.82073],[-57.9943,-34.8206]]}},{"type":"Feature","properties":{"descripcion":"Arroyo"},"geometry":{"type":"LineString","coordinates":[[-58.05236,-34.84722],[-58.05225,-34.84728]]}},{"type":"Feature","properties":{"descripcion":"Arroyo"},"geometry":{"type":"LineString","coordinates":[[-57.9943,-34.8206],[-57.99397,-34.82023],[-57.99371,-34.81988]]}},{"type":"Feature","properties":{"descripcion":"Arroyo"},"geometry":{"type":"LineString","coordinates":[[-58.00131,-34.8185],[-58.00101,-34.81768],[-58.00064,-34.81676],[-58.00041,-34.81574],[-58.00032,-34.81512],[-58,-34.81477],[-57.99949,-34.81435],[-57.99903,-34.81362],[-57.99824,-34.81241],[-57.99773,-34.81206],[-57.997,-34.81186],[-57.99634,-34.81182],[-57.99592,-34.81184],[-57.99553,-34.81182],[-57.99527,-34.8118],[-57.99486,-34.81157],[-57.99451,-34.8115],[-57.99412,-34.81142]]}},{"type":"Feature","properties":{"nombre":"Río Santiago","descripcion":"Río"},"geometry":{"type":"LineString","coordinates":[[-57.92743,-34.83237],[-57.92679,-34.83339],[-57.92624,-34.83419],[-57.92556,-34.83564],[-57.92518,-34.83651],[-57.92447,-34.83763],[-57.92411,-34.83783],[-57.92314,-34.83835],[-57.92099,-34.83881],[-57.91893,-34.83941],[-57.9161,-34.84095],[-57.91016,-34.84425],[-57.90726,-34.84478],[-57.90109,-34.84591],[-57.90026,-34.84605],[-57.90016,-34.84608],[-57.89385,-34.84839],[-57.89298,-34.84876],[-57.89155,-34.84938],[-57.88822,-34.8508],[-57.88467,-34.85232],[-57.882,-34.853],[-57.88154,-34.85311],[-57.87883,-34.8538],[-57.87733,-34.85436],[-57.87579,-34.85513],[-57.87418,-34.85676],[-57.87344,-34.85743],[-57.87278,-34.85806],[-57.87201,-34.8588],[-57.87083,-34.8595],[-57.86915,-34.86031],[-57.86776,-34.86088],[-57.86651,-34.86132],[-57.86544,-34.86163],[-57.86462,-34.86212],[-57.86428,-34.86246],[-57.86338,-34.86299],[-57.86265,-34.86332],[-57.86189,-34.86355],[-57.86078,-34.86376],[-57.85858,-34.86371],[-57.85836,-34.86371],[-57.85733,-34.86369],[-57.85643,-34.86375],[-57.85548,-34.86387],[-57.85394,-34.86459],[-57.85265,-34.8653],[-57.85177,-34.86573],[-57.851,-34.86595],[-57.85087,-34.86597],[-57.85003,-34.86614],[-57.84772,-34.86614],[-57.84531,-34.86623],[-57.8449,-34.86632],[-57.84432,-34.86649]]}},{"type":"Feature","properties":{"descripcion":"Arroyo"},"geometry":{"type":"LineString","coordinates":[[-57.83875,-34.86553],[-57.83937,-34.86565],[-57.8401,-34.86582],[-57.84066,-34.86597],[-57.84117,-34.86598],[-57.84175,-34.86593],[-57.84209,-34.86581],[-57.8425,-34.86581],[-57.84282,-34.86581],[-57.84378,-34.8662],[-57.84419,-34.86642],[-57.84432,-34.86649]]}},{"type":"Feature","properties":{"nombre":"Río Samborombón","descripcion":"Río"},"geometry":{"type":"LineString","coordinates":[[-58.20952,-35.22482],[-58.20899,-35.22512],[-58.20825,-35.2253],[-58.20752,-35.22539],[-58.20686,-35.22535],[-58.20479,-35.22498],[-58.20392,-35.22482],[-58.20306,-35.2246],[-58.20271,-35.22456],[-58.20217,-35.22457],[-58.20175,-35.22462],[-58.20147,-35.22471],[-58.20113,-35.22496],[-58.20074,-35.22531],[-58.20046,-35.22552],[-58.19995,-35.22579],[-58.19963,-35.2261],[-58.1994,-35.22619],[-58.19897,-35.22626],[-58.1986,-35.22641],[-58.19738,-35.22694],[-58.19687,-35.22723],[-58.19655,-35.22747],[-58.19617,-35.22761],[-58.19592,-35.22781],[-58.19585,-35.22796],[-58.19583,-35.22812],[-58.19577,-35.2284],[-58.19559,-35.22867],[-58.19524,-35.22902],[-58.195,-35.22919],[-58.19455,-35.22935],[-58.19391,-35.22945],[-58.19312,-35.22963],[-58.19266,-35.22972],[-58.19212,-35.22975],[-58.19172,-35.22977],[-58.19132,-35.22985],[-58.19094,-35.23001],[-58.1906,-35.2302],[-58.19042,-35.23038],[-58.19021,-35.23067],[-58.18938,-35.23152],[-58.18921,-35.23178],[-58.18876,-35.23218],[-58.1883,-35.2324],[-58.18801,-35.23257],[-58.18779,-35.23276],[-58.18751,-35.23317],[-58.18727,-35.23344],[-58.18682,-35.23377],[-58.18646,-35.23406],[-58.18583,-35.23443],[-58.18576,-35.23445],[-58.18552,-35.23446],[-58.18526,-35.23456],[-58.18505,-35.23466],[-58.18355,-35.23596],[-58.1827,-35.2369],[-58.18242,-35.23714],[-58.18214,-35.23733],[-58.18189,-35.23743],[-58.18174,-35.23745],[-58.18153,-35.23736],[-58.18122,-35.23731],[-58.18069,-35.23735],[-58.17992,-35.23736],[-58.17919,-35.23732],[-58.17875,-35.2372],[-58.17829,-35.2369],[-58.17801,-35.23679],[-58.17756,-35.23674],[-58.17687,-35.23673],[-58.17596,-35.23681],[-58.17443,-35.23669],[-58.17358,-35.23674],[-58.17249,-35.23681],[-58.17195,-35.23688],[-58.17167,-35.23695],[-58.17082,-35.23726],[-58.17001,-35.2373],[-58.16976,-35.23734],[-58.16946,-35.23746],[-58.16918,-35.2375],[-58.16879,-35.23748],[-58.16827,-35.23742],[-58.16743,-35.23738],[-58.16698,-35.23729],[-58.16675,-35.23728],[-58.1662,-35.23738],[-58.16577,-35.23732],[-58.16563,-35.23727],[-58.16549,-35.23714],[-58.16524,-35.2371],[-58.16456,-35.23709],[-58.16389,-35.23714],[-58.16314,-35.23706],[-58.16254,-35.23711],[-58.16237,-35.23716],[-58.16205,-35.23737],[-58.16151,-35.23758],[-58.16103,-35.2377],[-58.15975,-35.23777],[-58.15929,-35.23776],[-58.15829,-35.23759],[-58.15772,-35.23753],[-58.1575,-35.23744],[-58.15722,-35.23722],[-58.15698,-35.23689],[-58.1567,-35.23656],[-58.15649,-35.23642],[-58.15627,-35.23635],[-58.15595,-35.23633],[-58.1557,-35.23635],[-58.15543,-35.23644],[-58.15502,-35.23665],[-58.15463,-35.23684],[-58.15385,-35.23709],[-58.15312,-35.23721],[-58.15259,-35.23719],[-58.15142,-35.23708],[-58.15073,-35.23715],[-58.14881,-35.23785],[-58.14858,-35.23805],[-58.14828,-35.23845],[-58.14754,-35.24001],[-58.14742,-35.24025],[-58.14722,-35.2405],[-58.14694,-35.24067],[-58.14574,-35.24146],[-58.14554,-35.24167],[-58.14506,-35.24248],[-58.14471,-35.24284],[-58.14409,-35.24335],[-58.14352,-35.24394],[-58.14275,-35.24485],[-58.14232,-35.24524],[-58.14157,-35.24579],[-58.14101,-35.2463],[-58.14064,-35.24686],[-58.14035,-35.2472],[-58.1398,-35.24761],[-58.13893,-35.24806],[-58.13857,-35.24824],[-58.13831,-35.24845],[-58.13818,-35.24851],[-58.13779,-35.24857],[-58.13709,-35.24902],[-58.13614,-35.2498],[-58.13579,-35.25006],[-58.13538,-35.2503],[-58.13525,-35.25053],[-58.13504,-35.25071],[-58.13485,-35.25082],[-58.13462,-35.25089],[-58.13443,-35.251],[-58.1342,-35.25115],[-58.13383,-35.2513],[-58.13358,-35.25142],[-58.13333,-35.25146],[-58.13306,-35.2515],[-58.13286,-35.25158],[-58.13265,-35.25175],[-58.13243,-35.25181],[-58.13218,-35.25193],[-58.13172,-35.2522],[-58.13147,-35.25228],[-58.13118,-35.25235],[-58.13076,-35.25239],[-58.13054,-35.25249],[-58.13032,-35.25264],[-58.13002,-35.25271],[-58.1296,-35.25266],[-58.12875,-35.25258],[-58.12809,-35.25257],[-58.12756,-35.25265],[-58.12719,-35.25274],[-58.12686,-35.25296],[-58.12658,-35.25322],[-58.12625,-35.25357],[-58.12601,-35.25385],[-58.12594,-35.25413],[-58.12583,-35.25434],[-58.12565,-35.25454],[-58.12538,-35.25472],[-58.12507,-35.25486],[-58.12486,-35.25499],[-58.12473,-35.25515],[-58.12469,-35.25536],[-58.12475,-35.25574],[-58.12488,-35.25609],[-58.12487,-35.25636],[-58.12492,-35.25662],[-58.12524,-35.25756],[-58.12537,-35.25797],[-58.12552,-35.25839],[-58.12558,-35.25897],[-58.12564,-35.25959],[-58.12561,-35.26014],[-58.12552,-35.26048],[-58.12552,-35.26079],[-58.12561,-35.26147],[-58.12567,-35.26172],[-58.12559,-35.26231],[-58.12546,-35.26265],[-58.12511,-35.26361],[-58.12494,-35.26409],[-58.12485,-35.2646],[-58.12477,-35.26502],[-58.12473,-35.26544],[-58.12472,-35.26568],[-58.12481,-35.2659],[-58.125,-35.26617],[-58.12539,-35.26678],[-58.12572,-35.26731],[-58.12582,-35.26761],[-58.12585,-35.26803],[-58.12586,-35.26935],[-58.12589,-35.26973],[-58.12599,-35.27012],[-58.12616,-35.27045],[-58.12634,-35.27076],[-58.12657,-35.27105],[-58.12691,-35.27143],[-58.1271,-35.27171],[-58.12714,-35.27195],[-58.12709,-35.27214],[-58.12699,-35.27229],[-58.12681,-35.27241],[-58.12655,-35.2725],[-58.12608,-35.27257],[-58.12552,-35.27262],[-58.12499,-35.2727],[-58.12466,-35.27283],[-58.12447,-35.27296],[-58.12439,-35.27312],[-58.12434,-35.27338],[-58.12424,-35.27372],[-58.12415,-35.27395],[-58.12397,-35.27411],[-58.12376,-35.27417],[-58.12354,-35.27414],[-58.12324,-35.27405],[-58.12282,-35.27395],[-58.12253,-35.27391],[-58.12219,-35.27394],[-58.12185,-35.27407],[-58.12152,-35.27424],[-58.12132,-35.27437],[-58.1212,-35.27457],[-58.12107,-35.2749],[-58.12093,-35.27531],[-58.12073,-35.27562],[-58.12028,-35.27609],[-58.12015,-35.27621],[-58.11993,-35.27643],[-58.11966,-35.27674],[-58.11945,-35.27687],[-58.11908,-35.277],[-58.11879,-35.2771],[-58.11842,-35.27711],[-58.11806,-35.27713],[-58.11774,-35.27726],[-58.11747,-35.27745],[-58.11713,-35.27777],[-58.11675,-35.27814],[-58.11664,-35.27836],[-58.11658,-35.27864],[-58.11647,-35.27883],[-58.11643,-35.27899],[-58.11648,-35.27938],[-58.11646,-35.27965],[-58.11641,-35.27981],[-58.11624,-35.27999],[-58.11595,-35.28019],[-58.11554,-35.28061],[-58.11515,-35.28098],[-58.11477,-35.28141],[-58.11444,-35.28174],[-58.11396,-35.28216],[-58.11361,-35.28247],[-58.11313,-35.28275],[-58.11276,-35.28303],[-58.11245,-35.28336],[-58.11217,-35.28377],[-58.11188,-35.28409],[-58.11161,-35.28434],[-58.11131,-35.28477],[-58.11136,-35.28522],[-58.11132,-35.28554],[-58.11124,-35.28584],[-58.111,-35.28619],[-58.11062,-35.28669],[-58.11029,-35.28699],[-58.1099,-35.28732],[-58.10945,-35.28771],[-58.1092,-35.28797],[-58.10895,-35.28838],[-58.10879,-35.28865],[-58.10858,-35.28884],[-58.10834,-35.28897],[-58.10806,-35.28908],[-58.10771,-35.28915],[-58.10721,-35.28923],[-58.10681,-35.28935],[-58.10653,-35.28948],[-58.10616,-35.28973],[-58.10587,-35.29],[-58.10554,-35.29033],[-58.1051,-35.29077],[-58.10477,-35.291],[-58.10385,-35.29154],[-58.10352,-35.29178],[-58.10321,-35.29207],[-58.10282,-35.29243],[-58.10254,-35.29264],[-58.10228,-35.29275],[-58.10201,-35.2928],[-58.10171,-35.29282],[-58.10141,-35.29279],[-58.10112,-35.29271],[-58.10086,-35.29259],[-58.10058,-35.29244],[-58.10031,-35.29219],[-58.09974,-35.29159],[-58.09899,-35.29092],[-58.09838,-35.29052],[-58.0976,-35.29015],[-58.09695,-35.28997],[-58.09635,-35.28986],[-58.09598,-35.28987],[-58.09538,-35.29],[-58.09459,-35.29027],[-58.09419,-35.29044],[-58.09392,-35.2905],[-58.0936,-35.2905],[-58.09331,-35.29047],[-58.09297,-35.29037],[-58.09241,-35.2901],[-58.09208,-35.28997],[-58.09185,-35.28995],[-58.09162,-35.28998],[-58.0914,-35.29008],[-58.0912,-35.29022],[-58.09102,-35.29046],[-58.09079,-35.29085],[-58.09057,-35.29114],[-58.09035,-35.29133],[-58.09008,-35.2915],[-58.08981,-35.29159],[-58.08953,-35.29164],[-58.08929,-35.29162],[-58.089,-35.29157],[-58.08874,-35.29145],[-58.08823,-35.29109],[-58.08786,-35.29084],[-58.08751,-35.29067],[-58.08695,-35.29049],[-58.08637,-35.2904],[-58.08568,-35.29034],[-58.08491,-35.29034],[-58.08446,-35.29039],[-58.08399,-35.29052],[-58.08356,-35.2907],[-58.08323,-35.29092],[-58.08292,-35.29118],[-58.08271,-35.2915],[-58.08258,-35.29186],[-58.08246,-35.29239],[-58.08243,-35.2928],[-58.08242,-35.29309],[-58.08245,-35.29329],[-58.08252,-35.29345],[-58.08268,-35.29363],[-58.08277,-35.29373],[-58.08281,-35.29392],[-58.08283,-35.29418],[-58.0829,-35.29437],[-58.08304,-35.29452],[-58.08349,-35.29487],[-58.08381,-35.29516],[-58.08406,-35.29545],[-58.08415,-35.29568],[-58.0842,-35.29595],[-58.08416,-35.2963],[-58.08406,-35.2966],[-58.08393,-35.29685],[-58.08378,-35.29698],[-58.08365,-35.29702],[-58.08335,-35.29704],[-58.08309,-35.29711],[-58.08238,-35.29723],[-58.08166,-35.29741],[-58.08125,-35.29747],[-58.08099,-35.29745],[-58.08066,-35.29737],[-58.08024,-35.29723],[-58.07995,-35.29718],[-58.07966,-35.29721],[-58.07938,-35.29729],[-58.07911,-35.29742],[-58.07885,-35.29765],[-58.07855,-35.29794],[-58.0783,-35.29826],[-58.07815,-35.29862],[-58.07804,-35.2989],[-58.07805,-35.2991],[-58.0781,-35.2993],[-58.07819,-35.29951],[-58.07827,-35.29969],[-58.07828,-35.29991],[-58.07832,-35.30037],[-58.07829,-35.30061],[-58.07821,-35.30079],[-58.0781,-35.30093],[-58.07792,-35.301],[-58.07768,-35.30114],[-58.07742,-35.30134],[-58.07723,-35.30161],[-58.07704,-35.30197],[-58.07695,-35.30234],[-58.07687,-35.30276],[-58.07668,-35.30321],[-58.07648,-35.30365],[-58.07607,-35.30422],[-58.07584,-35.30462],[-58.07567,-35.30495],[-58.07553,-35.30529],[-58.07534,-35.3061],[-58.07524,-35.30668],[-58.07519,-35.30716],[-58.07509,-35.30745],[-58.07494,-35.30771],[-58.07475,-35.3079],[-58.0745,-35.30806],[-58.07424,-35.30816],[-58.07397,-35.3082],[-58.07361,-35.30823],[-58.07328,-35.30823],[-58.07303,-35.30817],[-58.07287,-35.30814],[-58.07272,-35.30813],[-58.07259,-35.30817],[-58.07249,-35.30822],[-58.0723,-35.30837],[-58.07214,-35.30862],[-58.07209,-35.30888],[-58.0721,-35.30915],[-58.0722,-35.30938],[-58.07229,-35.30957],[-58.07247,-35.30974],[-58.0727,-35.30989],[-58.07298,-35.31009],[-58.07321,-35.31031],[-58.07345,-35.31061],[-58.07366,-35.31098],[-58.07372,-35.31122],[-58.07368,-35.31142],[-58.07357,-35.31157],[-58.07337,-35.31169],[-58.07296,-35.31184],[-58.0727,-35.31197],[-58.07248,-35.31212],[-58.07228,-35.31237],[-58.07204,-35.31277],[-58.07168,-35.31359],[-58.07147,-35.31423],[-58.07141,-35.31452],[-58.07138,-35.31472],[-58.0715,-35.31481],[-58.07169,-35.31499],[-58.07174,-35.31512],[-58.07177,-35.31521],[-58.07176,-35.3154],[-58.07174,-35.3156],[-58.07178,-35.31589],[-58.07182,-35.31609],[-58.07194,-35.3163],[-58.07214,-35.31657],[-58.07227,-35.31686],[-58.07234,-35.31721],[-58.07242,-35.31758],[-58.07246,-35.31788],[-58.07249,-35.31811],[-58.07248,-35.31829],[-58.07234,-35.31875],[-58.07221,-35.31912],[-58.0722,-35.31923],[-58.07218,-35.3196],[-58.07212,-35.31984],[-58.07201,-35.32001],[-58.07184,-35.32013],[-58.07155,-35.3203],[-58.0712,-35.32049],[-58.0709,-35.32082],[-58.0707,-35.32105],[-58.07048,-35.32119],[-58.07025,-35.32123],[-58.07005,-35.32124],[-58.06974,-35.32119],[-58.06928,-35.32112],[-58.0689,-35.32101],[-58.06861,-35.32088],[-58.06839,-35.32067],[-58.06811,-35.32047],[-58.06787,-35.3204],[-58.06754,-35.32026],[-58.06717,-35.32023],[-58.06685,-35.32022],[-58.06646,-35.32022],[-58.0659,-35.32024],[-58.0654,-35.32021],[-58.06499,-35.32024],[-58.06472,-35.32036],[-58.06457,-35.32057],[-58.06442,-35.32081],[-58.06421,-35.32102],[-58.06404,-35.32118],[-58.06394,-35.32129],[-58.06375,-35.32168],[-58.0636,-35.32197],[-58.0635,-35.32218],[-58.06326,-35.32246],[-58.06292,-35.32291],[-58.06256,-35.32334],[-58.06227,-35.32372],[-58.06166,-35.32451],[-58.06122,-35.32498],[-58.06092,-35.3252],[-58.0606,-35.32537],[-58.06037,-35.32544],[-58.06018,-35.32546],[-58.05999,-35.32542],[-58.05977,-35.32533],[-58.05939,-35.32509],[-58.05903,-35.32485],[-58.05878,-35.32476],[-58.05853,-35.32473],[-58.05834,-35.32475],[-58.05816,-35.32484],[-58.05802,-35.32499],[-58.05785,-35.32521],[-58.05768,-35.32535],[-58.05747,-35.32545],[-58.05725,-35.3255],[-58.05694,-35.32554],[-58.05666,-35.3256],[-58.05644,-35.32571],[-58.05631,-35.32583],[-58.05623,-35.32601],[-58.05616,-35.32623],[-58.05597,-35.32649],[-58.05558,-35.32703],[-58.05535,-35.32733],[-58.05518,-35.32749],[-58.05499,-35.32761],[-58.0547,-35.32775],[-58.0543,-35.32798],[-58.05409,-35.32811],[-58.0539,-35.32819],[-58.05373,-35.32821],[-58.05357,-35.3282],[-58.05335,-35.32813],[-58.05301,-35.32801],[-58.05271,-35.32795],[-58.05249,-35.32796],[-58.0523,-35.32801],[-58.05206,-35.32808],[-58.05184,-35.32822],[-58.05173,-35.32835],[-58.05166,-35.32854],[-58.05157,-35.3289],[-58.05149,-35.32933],[-58.05139,-35.32965],[-58.0512,-35.33004],[-58.05101,-35.33034],[-58.05073,-35.33067],[-58.05052,-35.33086],[-58.05006,-35.33111],[-58.04969,-35.33128],[-58.0492,-35.33146],[-58.04897,-35.33157],[-58.0487,-35.33173],[-58.04841,-35.33196],[-58.04806,-35.33233],[-58.04775,-35.33266],[-58.04748,-35.33292],[-58.04727,-35.33306],[-58.04666,-35.33345],[-58.04615,-35.33377],[-58.04578,-35.33406],[-58.04554,-35.3343],[-58.04538,-35.33452],[-58.04529,-35.33478],[-58.04524,-35.33509],[-58.04518,-35.33531],[-58.04513,-35.3355]]}},{"type":"Feature","properties":{"descripcion":"Arroyo"},"geometry":{"type":"LineString","coordinates":[[-58.19396,-35.10597],[-58.18924,-35.10925],[-58.1883,-35.10946],[-58.18746,-35.10968],[-58.18693,-35.10973],[-58.18657,-35.10963],[-58.18627,-35.10967],[-58.18584,-35.10977],[-58.1854,-35.10987],[-58.18512,-35.10988],[-58.18482,-35.10979],[-58.18456,-35.10979],[-58.18428,-35.10981],[-58.18375,-35.10984],[-58.1834,-35.10994],[-58.17914,-35.11273],[-58.1786,-35.11278],[-58.17323,-35.11257],[-58.1724,-35.11274],[-58.17166,-35.11304],[-58.17101,-35.11354],[-58.1705,-35.11438],[-58.16956,-35.11612],[-58.16934,-35.11646],[-58.169,-35.11681],[-58.16891,-35.11705],[-58.1688,-35.11758],[-58.16876,-35.11845],[-58.16872,-35.11973],[-58.16715,-35.12067],[-58.16697,-35.12107],[-58.16672,-35.12133],[-58.1664,-35.12173],[-58.16624,-35.12205],[-58.16589,-35.12228],[-58.16552,-35.12258],[-58.1652,-35.12275],[-58.16492,-35.12286],[-58.16444,-35.12326],[-58.16418,-35.12346],[-58.164,-35.12353],[-58.16367,-35.12361],[-58.16354,-35.12367],[-58.16345,-35.12377],[-58.16338,-35.12389],[-58.16336,-35.12422],[-58.16329,-35.12444],[-58.16314,-35.12464],[-58.16272,-35.125],[-58.16218,-35.12524],[-58.16139,-35.12552],[-58.161,-35.12581],[-58.16036,-35.1264],[-58.16017,-35.12674],[-58.15991,-35.12752],[-58.15988,-35.12821],[-58.15984,-35.12862],[-58.15979,-35.12876],[-58.1597,-35.12886],[-58.15956,-35.12893],[-58.15507,-35.12979],[-58.15475,-35.12988],[-58.15377,-35.13051],[-58.1533,-35.13082],[-58.1529,-35.1312],[-58.14994,-35.13284],[-58.14826,-35.13374],[-58.14467,-35.13495],[-58.14358,-35.13534],[-58.14314,-35.13565],[-58.14288,-35.13579],[-58.14127,-35.13652],[-58.1408,-35.13664],[-58.14055,-35.13667],[-58.1399,-35.13677],[-58.1397,-35.13682],[-58.13925,-35.13702],[-58.13873,-35.13713],[-58.13843,-35.13715],[-58.13794,-35.13709],[-58.1376,-35.13698],[-58.13736,-35.13685],[-58.13719,-35.13675],[-58.137,-35.13671],[-58.13566,-35.13661],[-58.13538,-35.13661],[-58.13468,-35.13682],[-58.13278,-35.13711],[-58.13254,-35.13719],[-58.13223,-35.13737],[-58.13201,-35.13757],[-58.13191,-35.13775],[-58.13181,-35.13817],[-58.13171,-35.13969],[-58.13165,-35.13996],[-58.13153,-35.14031],[-58.13138,-35.14055],[-58.13115,-35.14079],[-58.13094,-35.1409],[-58.1305,-35.14109],[-58.13029,-35.14125],[-58.13014,-35.14145],[-58.12984,-35.14199],[-58.12965,-35.14217],[-58.12939,-35.14234],[-58.12904,-35.14247],[-58.1287,-35.1425],[-58.12213,-35.14274],[-58.12187,-35.14276],[-58.12165,-35.14284],[-58.12,-35.1433],[-58.11978,-35.14334],[-58.11963,-35.14331],[-58.11939,-35.14314],[-58.11917,-35.14309],[-58.11902,-35.14312],[-58.11881,-35.14318],[-58.11873,-35.14319],[-58.11819,-35.14312],[-58.11805,-35.14313],[-58.11793,-35.14319],[-58.11778,-35.14331],[-58.11703,-35.14371],[-58.11634,-35.14406],[-58.11624,-35.14409],[-58.11608,-35.14416],[-58.11597,-35.14417],[-58.11572,-35.14426],[-58.11539,-35.14432],[-58.11529,-35.14431],[-58.11516,-35.14435],[-58.11499,-35.14433],[-58.11476,-35.14429],[-58.11455,-35.1443],[-58.11437,-35.14428],[-58.11371,-35.14417]]}},{"type":"Feature","properties":{"nombre":"Arroyo Godoy","descripcion":"Arroyo"},"geometry":{"type":"LineString","coordinates":[[-58.174,-35.01791],[-58.17416,-35.01794],[-58.17416,-35.01812],[-58.17411,-35.01838],[-58.17408,-35.01859],[-58.17388,-35.0198],[-58.17386,-35.02295],[-58.17454,-35.024],[-58.17411,-35.02525],[-58.17382,-35.02581],[-58.17275,-35.02819],[-58.1725,-35.02875],[-58.17236,-35.0292],[-58.17239,-35.02966],[-58.17236,-35.0308],[-58.17247,-35.03145],[-58.17241,-35.03233],[-58.17252,-35.03246],[-58.17265,-35.03314],[-58.17251,-35.03345],[-58.17252,-35.03384],[-58.17319,-35.03584],[-58.17349,-35.03659],[-58.1736,-35.03713],[-58.17384,-35.03815],[-58.17396,-35.03875],[-58.17402,-35.03896],[-58.17396,-35.03902],[-58.17386,-35.03909],[-58.17378,-35.03919],[-58.17376,-35.0393],[-58.17406,-35.0397],[-58.17402,-35.03991],[-58.17381,-35.04003],[-58.17417,-35.04121],[-58.17421,-35.04126],[-58.17426,-35.0413],[-58.17438,-35.0414],[-58.17443,-35.04146],[-58.17446,-35.04154],[-58.1745,-35.04182],[-58.17453,-35.04208],[-58.17467,-35.04234],[-58.17469,-35.04241],[-58.17471,-35.04249],[-58.17471,-35.04272],[-58.17468,-35.04306],[-58.1745,-35.04544],[-58.17428,-35.04602],[-58.17467,-35.04627],[-58.17484,-35.04832],[-58.17484,-35.04904],[-58.17493,-35.04972],[-58.17458,-35.05129],[-58.17484,-35.05278],[-58.17453,-35.05332],[-58.17489,-35.05505],[-58.17513,-35.05615],[-58.1752,-35.05665],[-58.17521,-35.05678],[-58.17523,-35.05693],[-58.17532,-35.05702],[-58.17544,-35.0571],[-58.17583,-35.05734],[-58.17621,-35.0576],[-58.17659,-35.05798],[-58.17679,-35.05828],[-58.17705,-35.05872],[-58.17752,-35.0594],[-58.17888,-35.06138],[-58.17899,-35.06157],[-58.17908,-35.06176],[-58.17914,-35.06187],[-58.17924,-35.06195],[-58.17945,-35.06217],[-58.1797,-35.06266],[-58.18029,-35.06384],[-58.18048,-35.06415],[-58.18069,-35.06433],[-58.1812,-35.0646],[-58.18209,-35.06515],[-58.18226,-35.06527],[-58.18436,-35.06748],[-58.18577,-35.06872],[-58.18596,-35.06884],[-58.18641,-35.06925],[-58.187,-35.06983],[-58.18817,-35.07108],[-58.18962,-35.07279],[-58.19078,-35.07413],[-58.19323,-35.07701],[-58.19597,-35.08032],[-58.19815,-35.08291],[-58.19975,-35.08483],[-58.1998,-35.08498],[-58.1998,-35.08555],[-58.19978,-35.0858],[-58.19972,-35.08591],[-58.19944,-35.08603],[-58.19896,-35.08628],[-58.19872,-35.08638],[-58.19848,-35.08651],[-58.19828,-35.08664],[-58.19809,-35.0868],[-58.19792,-35.08697],[-58.19783,-35.08711],[-58.19773,-35.08726],[-58.19766,-35.08744],[-58.19758,-35.08769],[-58.1975,-35.08818],[-58.19743,-35.08837],[-58.19746,-35.08874],[-58.19742,-35.08899],[-58.19668,-35.09014],[-58.19657,-35.09026],[-58.19621,-35.0905],[-58.19602,-35.09078],[-58.19596,-35.09104],[-58.19587,-35.09129],[-58.19519,-35.09181],[-58.19489,-35.092],[-58.19445,-35.09223],[-58.19405,-35.09259],[-58.19367,-35.09311],[-58.19346,-35.09347],[-58.1931,-35.09383],[-58.19277,-35.09462],[-58.19251,-35.09501],[-58.19217,-35.09531],[-58.19004,-35.09688],[-58.18998,-35.09696],[-58.19,-35.09702],[-58.19351,-35.10139],[-58.1947,-35.10301],[-58.19448,-35.10313]]}},{"type":"Feature","properties":{"nombre":"Arroyo Savoia","descripcion":"Arroyo"},"geometry":{"type":"LineString","coordinates":[[-58.06055,-34.85618],[-58.0603,-34.85562],[-58.06008,-34.85523],[-58.05983,-34.855],[-58.05888,-34.85433],[-58.05792,-34.85387],[-58.05743,-34.85359],[-58.05625,-34.85331],[-58.05514,-34.8535],[-58.04902,-34.85453],[-58.04569,-34.85505],[-58.04102,-34.85586],[-58.0333,-34.85715]]}},{"type":"Feature","properties":{"nombre":"Derivacion al. Club Hipico","descripcion":"Arroyo"},"geometry":{"type":"LineString","coordinates":[[-58.0483,-34.86215],[-58.04298,-34.85749],[-58.04125,-34.85598],[-58.04102,-34.85586]]}},{"type":"Feature","properties":{"nombre":"Derivacion A Laguna","descripcion":"Arroyo"},"geometry":{"type":"LineString","coordinates":[[-58.03121,-34.85769],[-58.03119,-34.85791],[-58.03126,-34.85797],[-58.03123,-34.85825],[-58.03134,-34.85889],[-58.03123,-34.85913],[-58.03069,-34.8596],[-58.03018,-34.85998],[-58.02994,-34.86022],[-58.02977,-34.86053],[-58.02972,-34.86073],[-58.02958,-34.86098],[-58.02917,-34.8612],[-58.0287,-34.86141],[-58.02843,-34.86151],[-58.02834,-34.86162],[-58.02783,-34.86283],[-58.02782,-34.86308],[-58.02795,-34.86342],[-58.0281,-34.86362],[-58.02845,-34.86388],[-58.0285,-34.864],[-58.02846,-34.86434]]}},{"type":"Feature","properties":{"descripcion":"Desagüe o zanja"},"geometry":{"type":"LineString","coordinates":[[-58.02413,-34.85942],[-58.02364,-34.85915]]}},{"type":"Feature","properties":{"descripcion":"Arroyo"},"geometry":{"type":"LineString","coordinates":[[-58.02523,-34.86258],[-58.02551,-34.86254],[-58.02567,-34.86258],[-58.02593,-34.86277],[-58.02609,-34.86325],[-58.02631,-34.86336],[-58.02663,-34.86379],[-58.0272,-34.86489],[-58.02742,-34.86503],[-58.0275,-34.86513]]}},{"type":"Feature","properties":{"descripcion":"Arroyo"},"geometry":{"type":"LineString","coordinates":[[-58.06172,-34.86684],[-58.06374,-34.86646],[-58.06409,-34.86661],[-58.06438,-34.86633],[-58.06473,-34.86601],[-58.06498,-34.86571],[-58.06505,-34.86558],[-58.06513,-34.8655],[-58.06509,-34.86543],[-58.06519,-34.86543],[-58.06538,-34.86534],[-58.06556,-34.86532],[-58.06565,-34.86536],[-58.06594,-34.86534],[-58.06626,-34.8653],[-58.06635,-34.86522],[-58.06643,-34.86502],[-58.06658,-34.8649],[-58.06674,-34.86482],[-58.06677,-34.86461],[-58.06675,-34.86447],[-58.06663,-34.86448],[-58.06656,-34.86447],[-58.0665,-34.86442],[-58.06645,-34.8643],[-58.06644,-34.86415],[-58.06647,-34.86409],[-58.06646,-34.86403],[-58.06637,-34.86406],[-58.06627,-34.86407],[-58.06607,-34.86415],[-58.06589,-34.86418],[-58.06572,-34.86424],[-58.06553,-34.86429],[-58.06533,-34.86433],[-58.06516,-34.8643],[-58.06503,-34.86422],[-58.06499,-34.86409]]}},{"type":"Feature","properties":{"descripcion":"Desagüe o zanja"},"geometry":{"type":"LineString","coordinates":[[-58.02959,-34.862],[-58.02936,-34.86185]]}},{"type":"Feature","properties":{"descripcion":"Desagüe o zanja"},"geometry":{"type":"LineString","coordinates":[[-58.0335,-34.86032],[-58.03154,-34.86117],[-58.02972,-34.86073],[-58.0269,-34.86002]]}},{"type":"Feature","properties":{"descripcion":"Desagüe o zanja"},"geometry":{"type":"LineString","coordinates":[[-58.02364,-34.85915],[-58.02331,-34.859],[-58.02316,-34.85889]]}},{"type":"Feature","properties":{"descripcion":"Desagüe o zanja"},"geometry":{"type":"LineString","coordinates":[[-58.02948,-34.86205],[-58.02936,-34.86185],[-58.0287,-34.86141],[-58.0269,-34.86002],[-58.02658,-34.85975],[-58.02633,-34.85964],[-58.02519,-34.85935],[-58.02485,-34.8593],[-58.02472,-34.85939],[-58.02461,-34.85945],[-58.0244,-34.85952],[-58.02427,-34.85953],[-58.02413,-34.85942]]}},{"type":"Feature","properties":{"descripcion":"Desagüe o zanja"},"geometry":{"type":"LineString","coordinates":[[-58.02578,-34.85884],[-58.02485,-34.8593]]}},{"type":"Feature","properties":{"descripcion":"Desagüe o zanja"},"geometry":{"type":"LineString","coordinates":[[-58.02217,-34.86048],[-58.02409,-34.85965],[-58.02427,-34.85953]]}},{"type":"Feature","properties":{"descripcion":"Arroyo"},"geometry":{"type":"LineString","coordinates":[[-58.06608,-34.857],[-58.06523,-34.85663],[-58.06486,-34.85647],[-58.06448,-34.85629],[-58.06432,-34.85621],[-58.06412,-34.85606],[-58.06387,-34.85587],[-58.06371,-34.85566],[-58.06352,-34.85543]]}},{"type":"Feature","properties":{"nombre":"Derivacion 476","descripcion":"Desagüe o zanja"},"geometry":{"type":"LineString","coordinates":[[-58.03126,-34.85797],[-58.03141,-34.85798],[-58.03167,-34.85793],[-58.03189,-34.85793],[-58.03195,-34.85795],[-58.03239,-34.85868],[-58.0335,-34.86032]]}},{"type":"Feature","properties":{"descripcion":"Arroyo"},"geometry":{"type":"LineString","coordinates":[[-58.06475,-34.86364],[-58.065,-34.86334],[-58.0654,-34.8631],[-58.06557,-34.86268],[-58.06554,-34.8625],[-58.06539,-34.8623],[-58.06549,-34.86198],[-58.06556,-34.86158],[-58.06566,-34.86128],[-58.06586,-34.86121]]}},{"type":"Feature","properties":{"descripcion":"Arroyo"},"geometry":{"type":"LineString","coordinates":[[-58.02179,-34.85969],[-58.02322,-34.85907],[-58.02331,-34.859]]}},{"type":"Feature","properties":{"descripcion":"Arroyo"},"geometry":{"type":"LineString","coordinates":[[-58.05225,-34.84728],[-58.05217,-34.8473],[-58.03333,-34.85565],[-58.03105,-34.85673],[-58.02881,-34.85756],[-58.02869,-34.85762],[-58.02862,-34.85771],[-58.02861,-34.85789]]}},{"type":"Feature","properties":{"descripcion":"Desagüe o zanja"},"geometry":{"type":"LineString","coordinates":[[-58.12521,-34.83923],[-58.12525,-34.83921],[-58.1253,-34.8392],[-58.12535,-34.8392],[-58.12539,-34.83921],[-58.12543,-34.83922],[-58.12548,-34.83924],[-58.12554,-34.83926],[-58.12559,-34.83927],[-58.12563,-34.83928],[-58.12574,-34.83928],[-58.12584,-34.8393],[-58.12599,-34.83931],[-58.1261,-34.83931],[-58.12622,-34.83933],[-58.12641,-34.83934],[-58.12654,-34.83936],[-58.12679,-34.83938],[-58.12685,-34.83939],[-58.12695,-34.8394],[-58.12703,-34.83943],[-58.12722,-34.83945],[-58.12728,-34.83948],[-58.12733,-34.83948],[-58.12737,-34.83949],[-58.12743,-34.83949],[-58.12752,-34.83948]]}},{"type":"Feature","properties":{"descripcion":"Desagüe o zanja"},"geometry":{"type":"LineString","coordinates":[[-58.12896,-34.84448],[-58.12449,-34.84463],[-58.11688,-34.84487],[-58.11664,-34.84486]]}},{"type":"Feature","properties":{"descripcion":"Desagüe o zanja"},"geometry":{"type":"LineString","coordinates":[[-58.11664,-34.84486],[-58.11653,-34.84486]]}},{"type":"Feature","properties":{"descripcion":"Desagüe o zanja"},"geometry":{"type":"LineString","coordinates":[[-57.9251,-34.87972],[-57.92394,-34.88069],[-57.92463,-34.88134],[-57.9252,-34.8818],[-57.92584,-34.88229],[-57.92622,-34.8825],[-57.92658,-34.88289],[-57.92697,-34.88318],[-57.92706,-34.88338],[-57.92793,-34.88409],[-57.92884,-34.8849],[-57.93089,-34.88661],[-57.93203,-34.8876],[-57.93322,-34.88863],[-57.93404,-34.88933],[-57.93497,-34.89015],[-57.93556,-34.8906],[-57.93603,-34.89101],[-57.93692,-34.8919],[-57.93825,-34.89293]]}},{"type":"Feature","properties":{"descripcion":"Desagüe o zanja"},"geometry":{"type":"LineString","coordinates":[[-57.94031,-34.87951],[-57.93973,-34.87918]]}},{"type":"Feature","properties":{"descripcion":"Desagüe o zanja"},"geometry":{"type":"LineString","coordinates":[[-57.9331,-34.85677],[-57.9311,-34.85498]]}},{"type":"Feature","properties":{"descripcion":"Desagüe o zanja"},"geometry":{"type":"LineString","coordinates":[[-57.91737,-34.87578],[-57.91456,-34.87326]]}},{"type":"Feature","properties":{"descripcion":"Desagüe o zanja"},"geometry":{"type":"LineString","coordinates":[[-57.91775,-34.87543],[-57.91625,-34.87417]]}},{"type":"Feature","properties":{"descripcion":"Desagüe o zanja"},"geometry":{"type":"LineString","coordinates":[[-57.91567,-34.8686],[-57.91649,-34.86794],[-57.91581,-34.86737],[-57.91852,-34.86505]]}},{"type":"Feature","properties":{"descripcion":"Desagüe o zanja"},"geometry":{"type":"LineString","coordinates":[[-57.92582,-34.86191],[-57.92598,-34.86186],[-57.92644,-34.86224]]}},{"type":"Feature","properties":{"descripcion":"Desagüe o zanja"},"geometry":{"type":"LineString","coordinates":[[-57.94554,-34.88307],[-57.94434,-34.8823],[-57.93797,-34.8785],[-57.93676,-34.87764],[-57.92917,-34.87237]]}},{"type":"Feature","properties":{"descripcion":"Desagüe o zanja"},"geometry":{"type":"LineString","coordinates":[[-57.942,-34.88946],[-57.94169,-34.88878],[-57.94147,-34.88828],[-57.94114,-34.88764],[-57.94143,-34.88691],[-57.94146,-34.88686],[-57.94273,-34.88585],[-57.94273,-34.88512],[-57.94441,-34.88374],[-57.94421,-34.88322],[-57.94434,-34.8828],[-57.94434,-34.8823]]}},{"type":"Feature","properties":{"descripcion":"Desagüe o zanja"},"geometry":{"type":"LineString","coordinates":[[-57.9395,-34.89072],[-57.94004,-34.89018],[-57.94043,-34.88987],[-57.94075,-34.88957],[-57.94113,-34.88922],[-57.94151,-34.88885],[-57.94169,-34.88878]]}},{"type":"Feature","properties":{"descripcion":"Desagüe o zanja"},"geometry":{"type":"LineString","coordinates":[[-57.9161,-34.87404],[-57.91486,-34.873]]}},{"type":"Feature","properties":{"descripcion":"Arroyo"},"geometry":{"type":"LineString","coordinates":[[-57.94114,-34.88764],[-57.9403,-34.88745],[-57.93959,-34.88716],[-57.93925,-34.88716],[-57.93825,-34.88798],[-57.93725,-34.88822],[-57.93626,-34.88804],[-57.93456,-34.88656],[-57.93444,-34.88646],[-57.93434,-34.88653]]}},{"type":"Feature","properties":{"descripcion":"Desagüe o zanja"},"geometry":{"type":"LineString","coordinates":[[-57.9563,-34.88315],[-57.95605,-34.88309],[-57.95559,-34.8829],[-57.95528,-34.88261],[-57.95512,-34.88223],[-57.9552,-34.8819]]}},{"type":"Feature","properties":{"descripcion":"Desagüe o zanja"},"geometry":{"type":"LineString","coordinates":[[-57.95649,-34.88023],[-57.95652,-34.8798],[-57.95652,-34.87977]]}},{"type":"Feature","properties":{"descripcion":"Desagüe o zanja"},"geometry":{"type":"LineString","coordinates":[[-57.95688,-34.87805],[-57.95689,-34.8774],[-57.95663,-34.87699],[-57.95673,-34.87673],[-57.95697,-34.87286],[-57.95693,-34.87271],[-57.95739,-34.86601],[-57.95764,-34.8621],[-57.95786,-34.85877],[-57.95787,-34.85791],[-57.95792,-34.85741]]}},{"type":"Feature","properties":{"descripcion":"Desagüe o zanja"},"geometry":{"type":"LineString","coordinates":[[-57.95656,-34.87835],[-57.95688,-34.87805]]}},{"type":"Feature","properties":{"descripcion":"Desagüe o zanja"},"geometry":{"type":"LineString","coordinates":[[-57.95624,-34.88407],[-57.9563,-34.88315],[-57.95633,-34.88278]]}},{"type":"Feature","properties":{"nombre":"Arroyo Doña Flora","descripcion":"Arroyo"},"geometry":{"type":"LineString","coordinates":[[-57.92765,-34.85772],[-57.9311,-34.85498],[-57.93115,-34.85462],[-57.93068,-34.85425],[-57.92992,-34.85405],[-57.92933,-34.85355],[-57.92899,-34.85333],[-57.92888,-34.85238],[-57.92849,-34.85175],[-57.92833,-34.85153],[-57.92781,-34.85129],[-57.92707,-34.85132],[-57.92667,-34.85112],[-57.92607,-34.85111],[-57.92538,-34.85054],[-57.92535,-34.85037],[-57.92502,-34.85017],[-57.92424,-34.85019],[-57.92384,-34.8499],[-57.92266,-34.84976],[-57.92248,-34.84953]]}},{"type":"Feature","properties":{"nombre":"Arroyo Doña Flora","descripcion":"Arroyo"},"geometry":{"type":"LineString","coordinates":[[-57.92248,-34.84953],[-57.92239,-34.84929],[-57.92067,-34.84839],[-57.92016,-34.84778],[-57.9202,-34.84648],[-57.92049,-34.84413],[-57.91982,-34.84273],[-57.91719,-34.8417],[-57.9161,-34.84095]]}},{"type":"Feature","properties":{"descripcion":"Canal"},"geometry":{"type":"LineString","coordinates":[[-58.17888,-34.82357],[-58.17866,-34.82307],[-58.17849,-34.8224],[-58.17814,-34.82221],[-58.17776,-34.82186],[-58.17749,-34.82047],[-58.17662,-34.81986],[-58.17626,-34.81936],[-58.17623,-34.81931],[-58.1762,-34.81928],[-58.17616,-34.81921],[-58.17595,-34.81887],[-58.17596,-34.81851]]}},{"type":"Feature","properties":{"descripcion":"Arroyo"},"geometry":{"type":"LineString","coordinates":[[-58.1769,-34.80749],[-58.17687,-34.80714],[-58.1772,-34.80669],[-58.17763,-34.80539],[-58.17843,-34.80475],[-58.1785,-34.80469],[-58.1793,-34.80401],[-58.17935,-34.80386],[-58.18028,-34.80188],[-58.18105,-34.80015],[-58.18111,-34.80006],[-58.18573,-34.79612],[-58.18573,-34.79526]]}},{"type":"Feature","properties":{"descripcion":"Canal"},"geometry":{"type":"LineString","coordinates":[[-58.1775,-34.80823],[-58.17743,-34.80801]]}},{"type":"Feature","properties":{"descripcion":"Canal"},"geometry":{"type":"LineString","coordinates":[[-58.17743,-34.80801],[-58.17732,-34.80786],[-58.17699,-34.80761]]}},{"type":"Feature","properties":{"descripcion":"Canal"},"geometry":{"type":"LineString","coordinates":[[-58.17699,-34.80761],[-58.1769,-34.80749]]}},{"type":"Feature","properties":{"descripcion":"Canal"},"geometry":{"type":"LineString","coordinates":[[-58.17596,-34.81851],[-58.17585,-34.81843]]}},{"type":"Feature","properties":{"descripcion":"Canal"},"geometry":{"type":"LineString","coordinates":[[-58.17645,-34.80913],[-58.1766,-34.809]]}},{"type":"Feature","properties":{"descripcion":"Canal"},"geometry":{"type":"LineString","coordinates":[[-58.17548,-34.81046],[-58.17568,-34.81028]]}},{"type":"Feature","properties":{"descripcion":"Canal"},"geometry":{"type":"LineString","coordinates":[[-58.17908,-34.82595],[-58.17904,-34.82581]]}},{"type":"Feature","properties":{"descripcion":"Canal"},"geometry":{"type":"LineString","coordinates":[[-58.17606,-34.80956],[-58.17606,-34.80946]]}},{"type":"Feature","properties":{"descripcion":"Canal"},"geometry":{"type":"LineString","coordinates":[[-58.18018,-34.82808],[-58.18011,-34.82787]]}},{"type":"Feature","properties":{"descripcion":"Canal"},"geometry":{"type":"LineString","coordinates":[[-58.17888,-34.82377],[-58.17888,-34.82357]]}},{"type":"Feature","properties":{"descripcion":"Canal"},"geometry":{"type":"LineString","coordinates":[[-58.18078,-34.82874],[-58.18069,-34.82864]]}},{"type":"Feature","properties":{"descripcion":"Canal"},"geometry":{"type":"LineString","coordinates":[[-58.18069,-34.82864],[-58.18018,-34.82808]]}},{"type":"Feature","properties":{"descripcion":"Canal"},"geometry":{"type":"LineString","coordinates":[[-58.1766,-34.809],[-58.17747,-34.80826],[-58.1775,-34.80823]]}},{"type":"Feature","properties":{"descripcion":"Canal"},"geometry":{"type":"LineString","coordinates":[[-58.17568,-34.81028],[-58.17596,-34.81002],[-58.17606,-34.80956]]}},{"type":"Feature","properties":{"descripcion":"Canal"},"geometry":{"type":"LineString","coordinates":[[-58.17606,-34.80946],[-58.17611,-34.80942],[-58.17645,-34.80913]]}},{"type":"Feature","properties":{"descripcion":"Canal"},"geometry":{"type":"LineString","coordinates":[[-58.17585,-34.81843],[-58.17459,-34.81467],[-58.17477,-34.8132]]}},{"type":"Feature","properties":{"descripcion":"Canal"},"geometry":{"type":"LineString","coordinates":[[-58.18011,-34.82787],[-58.18004,-34.82769],[-58.18011,-34.82739],[-58.17957,-34.82662]]}},{"type":"Feature","properties":{"descripcion":"Canal"},"geometry":{"type":"LineString","coordinates":[[-58.17904,-34.82581],[-58.17896,-34.82516],[-58.17904,-34.8247],[-58.17901,-34.82417],[-58.17888,-34.82377]]}},{"type":"Feature","properties":{"descripcion":"Arroyo"},"geometry":{"type":"LineString","coordinates":[[-58.06352,-34.85543],[-58.06342,-34.8553]]}},{"type":"Feature","properties":{"descripcion":"Arroyo"},"geometry":{"type":"LineString","coordinates":[[-58.06342,-34.8553],[-58.06338,-34.85525],[-58.06326,-34.85515],[-58.06287,-34.8553],[-58.06254,-34.85546],[-58.062,-34.85573],[-58.06165,-34.85591],[-58.06111,-34.85616],[-58.06092,-34.85626]]}},{"type":"Feature","properties":{"nombre":"Arroyo San Juan","descripcion":"Arroyo"},"geometry":{"type":"LineString","coordinates":[[-58.14175,-34.89408],[-58.14165,-34.89385]]}},{"type":"Feature","properties":{"nombre":"Arroyo San Juan","descripcion":"Arroyo"},"geometry":{"type":"LineString","coordinates":[[-58.14165,-34.89385],[-58.1416,-34.89372],[-58.14154,-34.89349],[-58.14146,-34.89338],[-58.14139,-34.89303],[-58.14129,-34.89286],[-58.14118,-34.89253],[-58.14113,-34.89241],[-58.141,-34.8922],[-58.14096,-34.89196],[-58.14084,-34.89172],[-58.1408,-34.8916],[-58.14081,-34.89146],[-58.14083,-34.89128],[-58.14084,-34.89118],[-58.14076,-34.89102],[-58.14073,-34.89089],[-58.14062,-34.89079],[-58.14053,-34.89069],[-58.14043,-34.89057],[-58.14028,-34.89047],[-58.14014,-34.89033],[-58.14004,-34.89022],[-58.13989,-34.89008],[-58.13972,-34.88989],[-58.13959,-34.88974],[-58.13948,-34.88961],[-58.13934,-34.88953],[-58.13922,-34.88945],[-58.13903,-34.88941],[-58.13892,-34.88928],[-58.13883,-34.88915],[-58.13883,-34.88898],[-58.13884,-34.88886],[-58.13886,-34.88875],[-58.13888,-34.88855],[-58.13886,-34.88841],[-58.13884,-34.88824],[-58.13873,-34.88815],[-58.13855,-34.88798],[-58.13821,-34.88783],[-58.13777,-34.88786],[-58.13761,-34.8878],[-58.13747,-34.8878],[-58.1373,-34.88774],[-58.13711,-34.88762],[-58.137,-34.88749],[-58.13679,-34.88736],[-58.1367,-34.88725],[-58.13658,-34.88718],[-58.13638,-34.88707],[-58.13623,-34.88698],[-58.13601,-34.88662],[-58.13586,-34.88653],[-58.1357,-34.8863],[-58.13553,-34.88622],[-58.13538,-34.88608],[-58.13528,-34.88591],[-58.13515,-34.88579],[-58.13498,-34.88567],[-58.13484,-34.88545],[-58.13473,-34.88532],[-58.13463,-34.88519],[-58.13439,-34.88492],[-58.13428,-34.88478],[-58.13416,-34.88458],[-58.13403,-34.8844],[-58.13398,-34.88423],[-58.13386,-34.88406],[-58.1337,-34.88395],[-58.13346,-34.88377],[-58.13315,-34.88373],[-58.13292,-34.88366],[-58.13262,-34.88356],[-58.13244,-34.88341],[-58.13237,-34.88322],[-58.13227,-34.883],[-58.13222,-34.88275],[-58.1322,-34.88256],[-58.13212,-34.88236],[-58.13202,-34.88221],[-58.13175,-34.8819],[-58.13152,-34.88168],[-58.13136,-34.88151],[-58.13102,-34.88122],[-58.13079,-34.88102],[-58.13063,-34.88076],[-58.1306,-34.88055],[-58.13066,-34.88027],[-58.13077,-34.88009],[-58.13085,-34.87994],[-58.13092,-34.87956],[-58.13093,-34.87948],[-58.13091,-34.87934],[-58.1309,-34.87909],[-58.1309,-34.87892],[-58.1309,-34.87871],[-58.13085,-34.87852],[-58.13077,-34.87841],[-58.13061,-34.8783],[-58.13043,-34.87823],[-58.13026,-34.87815],[-58.13016,-34.87804],[-58.13008,-34.87791],[-58.13006,-34.87769],[-58.13013,-34.87756],[-58.13014,-34.87738],[-58.13009,-34.87724],[-58.13001,-34.8771],[-58.12987,-34.87698],[-58.12976,-34.87695],[-58.1297,-34.87683],[-58.12969,-34.87666],[-58.12967,-34.87651],[-58.12958,-34.87636],[-58.12952,-34.87619],[-58.12939,-34.87601],[-58.12929,-34.87591],[-58.1292,-34.8757],[-58.12909,-34.87565],[-58.12899,-34.87556],[-58.12885,-34.87529],[-58.12875,-34.87505],[-58.12883,-34.87495],[-58.1289,-34.87483],[-58.12895,-34.87463],[-58.129,-34.87443],[-58.12897,-34.87433],[-58.12891,-34.87411],[-58.12885,-34.87397],[-58.12878,-34.87377],[-58.12866,-34.87361],[-58.12854,-34.87352],[-58.12843,-34.87338],[-58.12837,-34.87316],[-58.12838,-34.87299],[-58.12832,-34.87274],[-58.12791,-34.87108],[-58.12782,-34.87103],[-58.12771,-34.87066],[-58.12761,-34.87018],[-58.12734,-34.86933],[-58.12707,-34.86845],[-58.12695,-34.86815],[-58.12699,-34.86807],[-58.12709,-34.868],[-58.12711,-34.8675],[-58.12708,-34.8673],[-58.12708,-34.86716],[-58.12695,-34.86699],[-58.12658,-34.8668],[-58.12644,-34.86655],[-58.12635,-34.86632],[-58.12639,-34.86615],[-58.12641,-34.86603],[-58.12652,-34.86592],[-58.1267,-34.86583],[-58.12687,-34.86573],[-58.12703,-34.86573],[-58.12719,-34.86551],[-58.12736,-34.8653],[-58.12751,-34.86512],[-58.12754,-34.86498],[-58.12759,-34.86485],[-58.12767,-34.8647],[-58.12769,-34.86445],[-58.12769,-34.86426],[-58.1277,-34.86404],[-58.12755,-34.86385],[-58.12736,-34.86362],[-58.12718,-34.86336],[-58.12729,-34.86305],[-58.12722,-34.86293],[-58.12722,-34.86281],[-58.12719,-34.86265],[-58.12708,-34.86242],[-58.12707,-34.86228],[-58.12699,-34.86209],[-58.12697,-34.86176],[-58.12694,-34.86162],[-58.12684,-34.86131],[-58.12668,-34.8611],[-58.12636,-34.86077],[-58.12606,-34.86044],[-58.12589,-34.8602],[-58.12579,-34.85996],[-58.12569,-34.85973],[-58.1255,-34.85956],[-58.12523,-34.85927],[-58.12497,-34.85906],[-58.12475,-34.85879],[-58.1246,-34.85856],[-58.1245,-34.85829],[-58.12448,-34.85787],[-58.12448,-34.8578],[-58.12467,-34.8577],[-58.12492,-34.85757],[-58.12513,-34.85741],[-58.12514,-34.85728],[-58.12508,-34.85717],[-58.12508,-34.85699],[-58.12501,-34.85683],[-58.12494,-34.85667],[-58.12491,-34.85643],[-58.12485,-34.85616],[-58.1247,-34.85587],[-58.12463,-34.85573],[-58.12447,-34.85549],[-58.12445,-34.85529],[-58.1244,-34.8551],[-58.12433,-34.85482],[-58.12428,-34.85466],[-58.12424,-34.85444],[-58.12424,-34.8543],[-58.12428,-34.854],[-58.12438,-34.85374],[-58.12447,-34.85352],[-58.12443,-34.85329],[-58.12445,-34.85305],[-58.12447,-34.85283],[-58.12449,-34.8527],[-58.12442,-34.85262],[-58.12423,-34.85259],[-58.12405,-34.85264],[-58.12387,-34.85257],[-58.12384,-34.85239],[-58.12379,-34.85219],[-58.12375,-34.85201],[-58.12365,-34.85178],[-58.12351,-34.8515],[-58.12351,-34.85127],[-58.12353,-34.85101],[-58.12358,-34.85073],[-58.12371,-34.85044],[-58.12372,-34.85029],[-58.12373,-34.85001],[-58.12371,-34.84979],[-58.12375,-34.84963],[-58.12375,-34.84933],[-58.1238,-34.84915],[-58.12399,-34.84889],[-58.12405,-34.84865],[-58.12413,-34.84852],[-58.12429,-34.84825],[-58.12435,-34.84814],[-58.12442,-34.84803],[-58.12446,-34.84784],[-58.1245,-34.84773],[-58.12461,-34.84752],[-58.12477,-34.84733],[-58.12484,-34.84725],[-58.1248,-34.84712],[-58.12469,-34.84705],[-58.12453,-34.84701],[-58.1243,-34.84703],[-58.12411,-34.8471],[-58.12399,-34.84701],[-58.12379,-34.84676],[-58.12373,-34.84652],[-58.12372,-34.84637],[-58.12393,-34.84622],[-58.12407,-34.84602],[-58.12421,-34.84568],[-58.12437,-34.84559],[-58.12453,-34.84547],[-58.12461,-34.8454],[-58.12461,-34.84527]]}},{"type":"Feature","properties":{"descripcion":"Arroyo"},"geometry":{"type":"LineString","coordinates":[[-58.11564,-34.89641],[-58.1154,-34.89625],[-58.11526,-34.89619],[-58.11512,-34.89621],[-58.11492,-34.8962],[-58.11477,-34.89617],[-58.11458,-34.8961],[-58.11445,-34.89601],[-58.11437,-34.89598],[-58.11426,-34.89598],[-58.11411,-34.89599],[-58.11404,-34.89602],[-58.11395,-34.89608],[-58.11388,-34.89613],[-58.11378,-34.89621],[-58.11371,-34.89624],[-58.11367,-34.89619],[-58.11358,-34.89618],[-58.11346,-34.89617],[-58.11332,-34.8962],[-58.11321,-34.89625],[-58.11299,-34.89632],[-58.11248,-34.89637],[-58.1123,-34.89637],[-58.11215,-34.89632],[-58.112,-34.89627],[-58.11175,-34.8961],[-58.11064,-34.8953],[-58.10889,-34.89405],[-58.10806,-34.89347],[-58.10786,-34.89332],[-58.10773,-34.89323],[-58.10758,-34.89312],[-58.10738,-34.89296],[-58.10677,-34.89256],[-58.10587,-34.89192],[-58.10517,-34.89146],[-58.10455,-34.89106],[-58.10377,-34.89057],[-58.10326,-34.89025],[-58.10264,-34.88987],[-58.1024,-34.88971],[-58.10162,-34.88924],[-58.10118,-34.88893],[-58.10091,-34.88871],[-58.09989,-34.8877],[-58.09918,-34.88713],[-58.09866,-34.88662],[-58.09854,-34.88651],[-58.09829,-34.88623],[-58.09718,-34.8849],[-58.09664,-34.88423],[-58.09611,-34.88366],[-58.09563,-34.8832],[-58.09534,-34.88292],[-58.09522,-34.88281],[-58.09509,-34.88269],[-58.09497,-34.88257],[-58.09485,-34.88243],[-58.09477,-34.88236],[-58.09471,-34.88228],[-58.09465,-34.88221],[-58.09456,-34.88212],[-58.09447,-34.88206],[-58.0944,-34.88204],[-58.09422,-34.88202],[-58.09404,-34.88197],[-58.09389,-34.88194],[-58.09361,-34.88186],[-58.09339,-34.88184],[-58.09319,-34.88178],[-58.09301,-34.88172],[-58.09284,-34.88172],[-58.09271,-34.88167],[-58.09257,-34.8816],[-58.09247,-34.88151],[-58.09241,-34.88145],[-58.09232,-34.88129],[-58.09228,-34.88122],[-58.09203,-34.88087],[-58.09195,-34.88078]]}},{"type":"Feature","properties":{"nombre":"Arroyo Plátanos","descripcion":"Río"},"geometry":{"type":"LineString","coordinates":[[-58.18038,-34.78845],[-58.18041,-34.78812],[-58.18035,-34.7877],[-58.18011,-34.7872],[-58.18016,-34.78707],[-58.18031,-34.7869],[-58.18036,-34.78658],[-58.18058,-34.78627],[-58.1807,-34.78588],[-58.18085,-34.78576],[-58.18095,-34.78575],[-58.1813,-34.78584],[-58.18149,-34.78586],[-58.18162,-34.78582],[-58.18177,-34.78572],[-58.18188,-34.78563],[-58.18191,-34.78528],[-58.18194,-34.78503],[-58.18193,-34.78485],[-58.1818,-34.7847],[-58.18148,-34.78458],[-58.18127,-34.78458],[-58.18093,-34.7844],[-58.18072,-34.78415],[-58.18027,-34.78376],[-58.17995,-34.7835],[-58.17973,-34.78332],[-58.17956,-34.78317],[-58.1793,-34.78299],[-58.17904,-34.78297],[-58.17891,-34.78299],[-58.17851,-34.78273],[-58.17835,-34.78263],[-58.17783,-34.78235],[-58.17763,-34.78222],[-58.17742,-34.78197],[-58.17724,-34.78166],[-58.17708,-34.78138],[-58.17684,-34.78113],[-58.17648,-34.78084],[-58.17609,-34.78053],[-58.17579,-34.78036],[-58.17549,-34.78026],[-58.17482,-34.78005],[-58.1742,-34.77967],[-58.17371,-34.77927],[-58.17323,-34.7788],[-58.17301,-34.77844],[-58.17278,-34.77811],[-58.17203,-34.77731],[-58.1713,-34.7766]]}},{"type":"Feature","properties":{"nombre":"Arroyo Martin","descripcion":"Arroyo"},"geometry":{"type":"LineString","coordinates":[[-58.09922,-34.93748],[-58.09883,-34.93667],[-58.09863,-34.93616],[-58.09847,-34.9356],[-58.09833,-34.93511],[-58.09818,-34.9344],[-58.09814,-34.93421],[-58.09808,-34.93383],[-58.09801,-34.93355],[-58.09794,-34.93325],[-58.09774,-34.93299],[-58.09758,-34.93281],[-58.09732,-34.93272],[-58.09709,-34.93268],[-58.09658,-34.93263],[-58.09615,-34.93257],[-58.09599,-34.9325]]}},{"type":"Feature","properties":{"nombre":"Arroyo Martin","descripcion":"Arroyo"},"geometry":{"type":"LineString","coordinates":[[-58.09932,-34.93762],[-58.09922,-34.93748]]}},{"type":"Feature","properties":{"nombre":"Arroyo Martin","descripcion":"Arroyo"},"geometry":{"type":"LineString","coordinates":[[-58.09245,-34.92919],[-58.09236,-34.92909]]}},{"type":"Feature","properties":{"nombre":"Arroyo Martin","descripcion":"Arroyo"},"geometry":{"type":"LineString","coordinates":[[-58.08296,-34.92273],[-58.0829,-34.9226]]}},{"type":"Feature","properties":{"nombre":"Arroyo Martín","descripcion":"Arroyo"},"geometry":{"type":"LineString","coordinates":[[-58.0829,-34.9226],[-58.08278,-34.92242],[-58.08266,-34.92228],[-58.08255,-34.92218],[-58.08244,-34.92203],[-58.08231,-34.92191],[-58.08215,-34.92181],[-58.08201,-34.92165],[-58.08185,-34.92155],[-58.08176,-34.92141],[-58.0817,-34.92128],[-58.08158,-34.9212],[-58.08149,-34.92113],[-58.08141,-34.92103],[-58.0814,-34.92093],[-58.08143,-34.92076],[-58.08141,-34.92057],[-58.08144,-34.92047],[-58.08148,-34.92037],[-58.08158,-34.92027],[-58.08158,-34.92021],[-58.08157,-34.92013],[-58.08155,-34.92002],[-58.08148,-34.91988],[-58.08142,-34.91969],[-58.08137,-34.91967],[-58.08116,-34.91967],[-58.08102,-34.91963],[-58.08087,-34.91954],[-58.08069,-34.91947],[-58.08055,-34.91948],[-58.08047,-34.91952],[-58.08033,-34.91954],[-58.08022,-34.91954],[-58.08011,-34.91948],[-58.07998,-34.91935],[-58.07991,-34.91923],[-58.07989,-34.91912],[-58.07986,-34.91895],[-58.0798,-34.91878],[-58.07981,-34.91865],[-58.07981,-34.91855],[-58.07977,-34.91836],[-58.07976,-34.91819],[-58.0797,-34.91806],[-58.07964,-34.91794],[-58.07961,-34.91785],[-58.07949,-34.91775],[-58.07938,-34.91763],[-58.07925,-34.91752],[-58.07915,-34.91735],[-58.07905,-34.91722],[-58.07899,-34.917],[-58.07867,-34.91629],[-58.07856,-34.91615],[-58.07854,-34.91612],[-58.07852,-34.91607],[-58.0785,-34.91603],[-58.07846,-34.91597],[-58.07843,-34.91589],[-58.07837,-34.91574],[-58.07834,-34.91562],[-58.07831,-34.91547],[-58.07828,-34.91532],[-58.07826,-34.91519],[-58.07821,-34.91498],[-58.07807,-34.91476],[-58.07793,-34.91462],[-58.0778,-34.91453],[-58.07759,-34.91445],[-58.07748,-34.91437],[-58.07738,-34.9143],[-58.07723,-34.91418],[-58.07709,-34.91411],[-58.07696,-34.91406],[-58.07687,-34.91401],[-58.07679,-34.91393],[-58.07682,-34.91382],[-58.07684,-34.91377],[-58.07684,-34.91366],[-58.07684,-34.91357],[-58.07687,-34.91345],[-58.0769,-34.91334],[-58.07696,-34.91326],[-58.077,-34.91314],[-58.07706,-34.91301],[-58.07703,-34.91283],[-58.07699,-34.91273],[-58.07689,-34.91261],[-58.07681,-34.91246],[-58.07674,-34.91235],[-58.07671,-34.91219],[-58.07665,-34.91184],[-58.0765,-34.91165],[-58.0764,-34.91154],[-58.07637,-34.91144],[-58.07636,-34.91133],[-58.07637,-34.91127],[-58.07633,-34.91116],[-58.07626,-34.91107],[-58.07633,-34.91097],[-58.07625,-34.91093],[-58.07616,-34.91089],[-58.07612,-34.91084],[-58.07598,-34.9107],[-58.07586,-34.91063],[-58.07577,-34.91048],[-58.07568,-34.91037],[-58.07562,-34.91028],[-58.07559,-34.91019],[-58.07561,-34.9101],[-58.07565,-34.91002],[-58.07569,-34.90995],[-58.0757,-34.90985],[-58.07571,-34.90969],[-58.07572,-34.90956],[-58.07573,-34.9094],[-58.07562,-34.90931],[-58.0755,-34.90924],[-58.07538,-34.90916],[-58.07527,-34.90907],[-58.07519,-34.90898],[-58.075,-34.90881],[-58.07467,-34.90881],[-58.07442,-34.90877],[-58.07415,-34.90868],[-58.07401,-34.90858],[-58.0739,-34.90849],[-58.07377,-34.90834],[-58.07372,-34.90816],[-58.07361,-34.90803],[-58.07346,-34.90793],[-58.07335,-34.9079],[-58.07315,-34.90784],[-58.07296,-34.90781],[-58.07282,-34.90773],[-58.07266,-34.9076],[-58.07252,-34.90749],[-58.07243,-34.90739],[-58.07243,-34.90722],[-58.07245,-34.90706],[-58.07246,-34.90694],[-58.07254,-34.90683],[-58.07248,-34.90676],[-58.0724,-34.90669],[-58.07237,-34.90656],[-58.07224,-34.90644],[-58.07212,-34.90615],[-58.07206,-34.90605],[-58.07204,-34.90591],[-58.07199,-34.90573],[-58.07194,-34.90556],[-58.07196,-34.90545],[-58.07195,-34.90532],[-58.07199,-34.9052],[-58.07201,-34.90508],[-58.07208,-34.905],[-58.0722,-34.9049],[-58.07226,-34.90478],[-58.07227,-34.90463],[-58.07234,-34.90444],[-58.07238,-34.90433],[-58.07239,-34.90422],[-58.07245,-34.90405],[-58.07247,-34.90393],[-58.07239,-34.90379],[-58.07239,-34.90378]]}},{"type":"Feature","properties":{"nombre":"Arroyo Martin","descripcion":"Arroyo"},"geometry":{"type":"LineString","coordinates":[[-58.09236,-34.92909],[-58.0917,-34.92834],[-58.09142,-34.92814],[-58.09095,-34.92782],[-58.09061,-34.92758],[-58.09019,-34.92732],[-58.08972,-34.92706],[-58.08936,-34.92688],[-58.08858,-34.92646],[-58.08829,-34.92632],[-58.08809,-34.9262],[-58.08791,-34.9261],[-58.0877,-34.92604],[-58.08757,-34.92596],[-58.0874,-34.92592],[-58.08731,-34.92585],[-58.08722,-34.9258],[-58.08703,-34.92573],[-58.08691,-34.92564],[-58.08678,-34.92559],[-58.08655,-34.92551],[-58.08634,-34.92542],[-58.08616,-34.92528],[-58.08606,-34.9251],[-58.08596,-34.92496],[-58.08586,-34.92486],[-58.08571,-34.92474],[-58.08563,-34.92464],[-58.08551,-34.92451],[-58.08534,-34.92435],[-58.08516,-34.9242],[-58.08498,-34.92405],[-58.0848,-34.92391],[-58.08457,-34.92375],[-58.08438,-34.92362],[-58.08419,-34.92355],[-58.08401,-34.92347],[-58.08381,-34.92343],[-58.08373,-34.92341],[-58.08348,-34.92326],[-58.08336,-34.92318],[-58.08318,-34.92306],[-58.08308,-34.92297],[-58.08296,-34.92273]]}},{"type":"Feature","properties":{"descripcion":"Arroyo"},"geometry":{"type":"LineString","coordinates":[[-58.07264,-34.94474],[-58.07255,-34.94467]]}},{"type":"Feature","properties":{"nombre":"Arroyo Rodríguez","descripcion":"Arroyo"},"geometry":{"type":"LineString","coordinates":[[-58.07255,-34.97207],[-58.07244,-34.9721],[-58.07233,-34.9722],[-58.0723,-34.97226],[-58.07235,-34.97234],[-58.07241,-34.97239],[-58.07245,-34.97245],[-58.0725,-34.97248],[-58.07252,-34.97255],[-58.07259,-34.97267],[-58.0727,-34.97283],[-58.07278,-34.97298],[-58.07286,-34.97315],[-58.07295,-34.9733],[-58.073,-34.97342],[-58.07312,-34.97361],[-58.07324,-34.97385],[-58.07328,-34.97407],[-58.07325,-34.97428],[-58.07324,-34.97465],[-58.07328,-34.97494],[-58.07345,-34.97516],[-58.07355,-34.97536],[-58.07373,-34.97554],[-58.07388,-34.97566],[-58.07405,-34.97576]]}},{"type":"Feature","properties":{"descripcion":"Arroyo"},"geometry":{"type":"LineString","coordinates":[[-58.07255,-34.94467],[-58.0724,-34.94461],[-58.07193,-34.94434],[-58.07137,-34.94401],[-58.07044,-34.94347],[-58.07011,-34.94325],[-58.0697,-34.94301],[-58.06944,-34.94282],[-58.06853,-34.94201],[-58.0678,-34.94136],[-58.06773,-34.94133],[-58.06763,-34.9412],[-58.06757,-34.94108],[-58.06748,-34.94082],[-58.06744,-34.94067],[-58.06734,-34.9405],[-58.06729,-34.94033],[-58.06716,-34.94016],[-58.06714,-34.94004],[-58.06706,-34.93985],[-58.06691,-34.93972],[-58.06676,-34.93957],[-58.06663,-34.93946],[-58.06649,-34.93932],[-58.0663,-34.9392],[-58.06617,-34.93911],[-58.06603,-34.93902],[-58.06586,-34.939],[-58.06593,-34.9389],[-58.06586,-34.93874],[-58.0658,-34.9386],[-58.06561,-34.93842],[-58.0654,-34.93832],[-58.06534,-34.9382],[-58.06537,-34.93803],[-58.06539,-34.93793],[-58.06536,-34.93781],[-58.06526,-34.93769],[-58.06506,-34.93756],[-58.06492,-34.93745],[-58.06479,-34.93732],[-58.06466,-34.93714],[-58.06462,-34.93698],[-58.06456,-34.93681],[-58.0644,-34.93669],[-58.06417,-34.93657],[-58.06399,-34.9364],[-58.06388,-34.93627],[-58.06363,-34.93619],[-58.06344,-34.93618],[-58.06321,-34.93602],[-58.06309,-34.93585],[-58.06291,-34.93564],[-58.06286,-34.93551],[-58.06271,-34.93538],[-58.06241,-34.9353],[-58.06219,-34.9353],[-58.06212,-34.93517],[-58.06203,-34.93497]]}},{"type":"Feature","properties":{"descripcion":"Desagüe o zanja"},"geometry":{"type":"LineString","coordinates":[[-57.91456,-34.87326],[-57.91486,-34.873],[-57.91471,-34.87286]]}},{"type":"Feature","properties":{"nombre":"Canal del Gato","descripcion":"Arroyo"},"geometry":{"type":"LineString","coordinates":[[-57.98399,-34.88014],[-57.98365,-34.8798],[-57.98297,-34.87909],[-57.97567,-34.8728],[-57.97499,-34.87222]]}},{"type":"Feature","properties":{"descripcion":"Canal"},"geometry":{"type":"LineString","coordinates":[[-57.89936,-34.91065],[-57.89001,-34.89938]]}},{"type":"Feature","properties":{"descripcion":"Canal"},"geometry":{"type":"LineString","coordinates":[[-57.88022,-34.89133],[-57.88557,-34.88832]]}},{"type":"Feature","properties":{"nombre":"Arroyo Maldonado","descripcion":"Arroyo"},"geometry":{"type":"LineString","coordinates":[[-57.91105,-34.95291],[-57.91096,-34.95282],[-57.91103,-34.95261],[-57.91069,-34.95172],[-57.9106,-34.95161],[-57.91046,-34.95156],[-57.91004,-34.95146],[-57.9092,-34.95063],[-57.90861,-34.95017],[-57.90796,-34.94962],[-57.90787,-34.94931],[-57.9079,-34.94908],[-57.90779,-34.94891],[-57.90747,-34.94868],[-57.90739,-34.94858],[-57.90734,-34.94842],[-57.90734,-34.94794],[-57.90766,-34.94732],[-57.90767,-34.94709],[-57.90749,-34.94677],[-57.90769,-34.9464],[-57.9077,-34.946],[-57.90726,-34.94456],[-57.90723,-34.94443]]}},{"type":"Feature","properties":{"descripcion":"Arroyo"},"geometry":{"type":"LineString","coordinates":[[-57.91358,-34.9415],[-57.91287,-34.94124],[-57.91216,-34.94064],[-57.91188,-34.94053],[-57.91179,-34.94045],[-57.91174,-34.94027],[-57.91147,-34.94013],[-57.91131,-34.94013],[-57.91099,-34.94036],[-57.91072,-34.94037],[-57.91045,-34.94043],[-57.9103,-34.94041],[-57.90998,-34.9402],[-57.90986,-34.94019],[-57.90942,-34.94037],[-57.90882,-34.94047],[-57.90844,-34.94045],[-57.90823,-34.94025],[-57.90816,-34.94024],[-57.90731,-34.94024],[-57.90692,-34.94021]]}},{"type":"Feature","properties":{"descripcion":"Arroyo"},"geometry":{"type":"LineString","coordinates":[[-58.04377,-35.01809],[-58.03948,-35.02134]]}},{"type":"Feature","properties":{"descripcion":"Desagüe o zanja"},"geometry":{"type":"LineString","coordinates":[[-58.08137,-34.99696],[-58.08149,-34.9971],[-58.08187,-34.99747],[-58.08396,-34.99937],[-58.0838,-34.99949],[-58.08541,-35.001],[-58.08688,-35.00122],[-58.0885,-35.00245],[-58.09075,-35.00397],[-58.09264,-35.00569],[-58.09406,-35.00788],[-58.09422,-35.00838],[-58.09345,-35.00897],[-58.09348,-35.00902]]}},{"type":"Feature","properties":{"descripcion":"Arroyo"},"geometry":{"type":"LineString","coordinates":[[-58.09125,-34.86215],[-58.09052,-34.86294],[-58.09042,-34.86303]]}},{"type":"Feature","properties":{"nombre":"Canal Oeste","descripcion":"Canal"},"geometry":{"type":"LineString","coordinates":[[-57.93213,-34.89766],[-57.92971,-34.8955],[-57.92886,-34.89467],[-57.92213,-34.88848],[-57.9176,-34.88425],[-57.91687,-34.88367],[-57.9123,-34.87951],[-57.91049,-34.87785],[-57.90807,-34.8757],[-57.90701,-34.87477],[-57.90624,-34.87397],[-57.90456,-34.87197],[-57.90445,-34.87176],[-57.90435,-34.87148],[-57.90412,-34.87124],[-57.9038,-34.87062],[-57.90262,-34.86842],[-57.90171,-34.86671],[-57.90025,-34.86387],[-57.89922,-34.8618],[-57.8975,-34.85857],[-57.89649,-34.85664],[-57.89616,-34.85587],[-57.89583,-34.85451],[-57.89342,-34.84965],[-57.89298,-34.84876]]}},{"type":"Feature","properties":{"descripcion":"Desagüe o zanja"},"geometry":{"type":"LineString","coordinates":[[-57.92007,-34.86551],[-57.91979,-34.86335],[-57.91988,-34.86327]]}},{"type":"Feature","properties":{"descripcion":"Desagüe o zanja"},"geometry":{"type":"LineString","coordinates":[[-57.9186,-34.86457],[-57.91843,-34.86445],[-57.91979,-34.86335]]}},{"type":"Feature","properties":{"nombre":"Arroyo Abascay","descripcion":"Arroyo"},"geometry":{"type":"LineString","coordinates":[[-58.11371,-35.14417],[-58.11325,-35.14447],[-58.11273,-35.14473],[-58.11256,-35.14494],[-58.11234,-35.14552],[-58.11209,-35.14577],[-58.11156,-35.14599],[-58.11133,-35.14636],[-58.11103,-35.14667],[-58.11075,-35.14681],[-58.10931,-35.1469],[-58.10882,-35.1472],[-58.10802,-35.14807],[-58.1066,-35.14959],[-58.10657,-35.14985],[-58.10678,-35.15021],[-58.10683,-35.1505],[-58.10665,-35.15073],[-58.10647,-35.1508],[-58.10557,-35.15114],[-58.10497,-35.15129],[-58.10422,-35.15115],[-58.10396,-35.15136],[-58.10379,-35.15223],[-58.10386,-35.15249],[-58.10476,-35.15277],[-58.1054,-35.15299],[-58.10562,-35.15329],[-58.10546,-35.15373],[-58.10523,-35.15406],[-58.10495,-35.15416],[-58.10442,-35.15428],[-58.10413,-35.15439],[-58.10351,-35.15448],[-58.10333,-35.15454],[-58.10317,-35.15467],[-58.10301,-35.15494],[-58.10272,-35.15589],[-58.10252,-35.1562],[-58.10236,-35.158],[-58.10227,-35.15816],[-58.10197,-35.15846],[-58.10179,-35.1585],[-58.10138,-35.15846],[-58.10119,-35.15847],[-58.10096,-35.15855],[-58.10067,-35.15874],[-58.10025,-35.15911],[-58.09982,-35.1593],[-58.09935,-35.15935],[-58.09915,-35.15954],[-58.09912,-35.1597],[-58.09941,-35.16019],[-58.09935,-35.16097],[-58.09937,-35.16108],[-58.09941,-35.16134],[-58.09988,-35.16185],[-58.09996,-35.16231],[-58.10026,-35.16289],[-58.10121,-35.16427],[-58.1015,-35.16461],[-58.10155,-35.16474],[-58.10155,-35.16486],[-58.10145,-35.16501],[-58.10128,-35.16513],[-58.101,-35.16526],[-58.10036,-35.16545],[-58.10021,-35.16558],[-58.10009,-35.16583],[-58.1001,-35.16601],[-58.10012,-35.16613],[-58.10029,-35.16628],[-58.10132,-35.16757],[-58.10141,-35.16789],[-58.10119,-35.16844],[-58.10077,-35.16893],[-58.10011,-35.16995],[-58.09987,-35.17021],[-58.09958,-35.17099],[-58.09941,-35.17184],[-58.09924,-35.17224],[-58.09944,-35.17358],[-58.09982,-35.17496],[-58.0997,-35.17538],[-58.09945,-35.17564],[-58.09909,-35.17582],[-58.09851,-35.17606],[-58.09808,-35.1764],[-58.09746,-35.17658],[-58.09622,-35.17662],[-58.09594,-35.17682],[-58.09578,-35.17703],[-58.09596,-35.17747],[-58.09633,-35.17804],[-58.09686,-35.17852],[-58.09704,-35.17873],[-58.09704,-35.17894],[-58.09694,-35.17944],[-58.09679,-35.17987],[-58.09659,-35.18075],[-58.09637,-35.18142],[-58.09613,-35.18173],[-58.09551,-35.18222],[-58.09548,-35.18262],[-58.09562,-35.18294],[-58.09596,-35.18334],[-58.09616,-35.18354],[-58.0961,-35.18391],[-58.09566,-35.18423],[-58.0948,-35.18435],[-58.09448,-35.1845],[-58.09436,-35.18475],[-58.09449,-35.18503],[-58.09468,-35.18527],[-58.09496,-35.18578],[-58.09491,-35.18612],[-58.09448,-35.18665],[-58.09421,-35.18684],[-58.09394,-35.18733],[-58.09396,-35.18777],[-58.09411,-35.18809],[-58.09434,-35.18852],[-58.09429,-35.189],[-58.09418,-35.18946],[-58.0942,-35.18991],[-58.0944,-35.19043],[-58.09465,-35.19171],[-58.09464,-35.19212],[-58.09447,-35.19321],[-58.09457,-35.19375],[-58.09473,-35.19449],[-58.09472,-35.19515],[-58.0946,-35.19571],[-58.09441,-35.19614],[-58.0942,-35.19633],[-58.0939,-35.19643],[-58.09356,-35.19682],[-58.09354,-35.19729],[-58.09409,-35.1984],[-58.09416,-35.19884],[-58.09447,-35.19947],[-58.0945,-35.19981],[-58.09482,-35.20448],[-58.09487,-35.2049],[-58.09476,-35.20571],[-58.09484,-35.20644],[-58.09491,-35.20721],[-58.09476,-35.20789],[-58.09452,-35.20871],[-58.09446,-35.20976],[-58.09437,-35.21076],[-58.09394,-35.21192],[-58.09399,-35.2127],[-58.09347,-35.21331],[-58.09364,-35.21423],[-58.09339,-35.21475],[-58.09293,-35.21495],[-58.09248,-35.21586],[-58.09302,-35.21667],[-58.09263,-35.21763],[-58.09212,-35.21804],[-58.09197,-35.21846],[-58.09212,-35.21916],[-58.09167,-35.22081],[-58.09145,-35.22195],[-58.09182,-35.22226],[-58.0916,-35.22308],[-58.0909,-35.2242],[-58.09055,-35.22449],[-58.09057,-35.22494],[-58.09083,-35.22608],[-58.09066,-35.22651],[-58.09058,-35.22771],[-58.09085,-35.22916],[-58.09068,-35.2294],[-58.09085,-35.22968],[-58.09094,-35.23082],[-58.09092,-35.23099],[-58.09145,-35.23213],[-58.09143,-35.23266],[-58.09145,-35.2336],[-58.09178,-35.23398],[-58.09229,-35.23546],[-58.09268,-35.23621],[-58.09315,-35.23805],[-58.09349,-35.24028],[-58.09369,-35.24068],[-58.09373,-35.24131],[-58.09452,-35.24262],[-58.09484,-35.24407],[-58.09577,-35.24723],[-58.09637,-35.24832],[-58.09682,-35.24918],[-58.0962,-35.2513],[-58.09542,-35.25179],[-58.0948,-35.25182],[-58.09414,-35.2517],[-58.0936,-35.2518],[-58.09309,-35.25231],[-58.09218,-35.25259],[-58.09176,-35.25259],[-58.0913,-35.25279],[-58.09014,-35.25363],[-58.08903,-35.25491],[-58.08825,-35.2566],[-58.08824,-35.25767],[-58.08678,-35.25865],[-58.08583,-35.25963],[-58.08437,-35.26076],[-58.08382,-35.26102],[-58.08326,-35.26114],[-58.08278,-35.26145],[-58.08238,-35.2617],[-58.08145,-35.26186],[-58.08071,-35.26222],[-58.08043,-35.26241],[-58.08016,-35.26248],[-58.07987,-35.26243],[-58.07938,-35.26187],[-58.07889,-35.26159],[-58.07862,-35.26157],[-58.07835,-35.26172],[-58.07819,-35.26205],[-58.0779,-35.26263],[-58.07795,-35.26285],[-58.07817,-35.26305],[-58.07843,-35.26317],[-58.0787,-35.26352],[-58.0788,-35.26384],[-58.07868,-35.2641],[-58.07869,-35.26438],[-58.07894,-35.26492],[-58.0793,-35.26519],[-58.07965,-35.26533],[-58.08018,-35.26533],[-58.08084,-35.26511],[-58.08132,-35.26504],[-58.08168,-35.2651],[-58.08212,-35.26529],[-58.08252,-35.2657],[-58.08288,-35.26597],[-58.08334,-35.26615],[-58.08432,-35.26645],[-58.08532,-35.26657],[-58.08599,-35.26682],[-58.08637,-35.26691],[-58.08809,-35.26762],[-58.08884,-35.26788],[-58.08904,-35.26799],[-58.0892,-35.2681],[-58.08945,-35.26822],[-58.08981,-35.26837],[-58.09026,-35.26857],[-58.09069,-35.26873],[-58.09094,-35.26883],[-58.0912,-35.26889],[-58.09145,-35.26896],[-58.09168,-35.26906],[-58.09199,-35.26924],[-58.09223,-35.2694],[-58.09232,-35.26949],[-58.09241,-35.26957],[-58.09254,-35.2696],[-58.09277,-35.2697],[-58.09297,-35.2698],[-58.09311,-35.26989],[-58.09321,-35.26997],[-58.09333,-35.27007],[-58.09348,-35.27011],[-58.09365,-35.27014],[-58.0942,-35.27024],[-58.09464,-35.27037],[-58.09482,-35.27043],[-58.09495,-35.27054],[-58.09505,-35.27065],[-58.09513,-35.27075],[-58.09516,-35.27084],[-58.09516,-35.27094],[-58.09515,-35.27107],[-58.09515,-35.27122],[-58.09519,-35.27133],[-58.09525,-35.27144],[-58.09538,-35.27157],[-58.09558,-35.27174],[-58.09581,-35.27189],[-58.09595,-35.27197],[-58.09616,-35.27206],[-58.09643,-35.27217],[-58.09662,-35.27226],[-58.09675,-35.27236],[-58.09693,-35.27253],[-58.09708,-35.27271],[-58.09718,-35.27283],[-58.0973,-35.27302],[-58.09735,-35.27317],[-58.09739,-35.27328],[-58.09743,-35.27336],[-58.09758,-35.27352],[-58.09768,-35.2736],[-58.09775,-35.2737],[-58.09784,-35.27378],[-58.09796,-35.27384],[-58.09812,-35.2739],[-58.09827,-35.27396],[-58.09841,-35.27404],[-58.09853,-35.27413],[-58.09874,-35.27424],[-58.09902,-35.2744],[-58.09914,-35.2745],[-58.09926,-35.27458],[-58.09945,-35.27466],[-58.09967,-35.27473],[-58.09989,-35.27477],[-58.10017,-35.2748],[-58.10055,-35.27479],[-58.10072,-35.27478],[-58.10086,-35.27474],[-58.101,-35.27474],[-58.1011,-35.27475],[-58.10126,-35.2748],[-58.10147,-35.2748],[-58.10198,-35.27479],[-58.10231,-35.27481],[-58.10245,-35.27484],[-58.10268,-35.27487],[-58.10289,-35.27493],[-58.10325,-35.27505],[-58.10346,-35.27513],[-58.10373,-35.27521],[-58.10391,-35.27528],[-58.10409,-35.27533],[-58.1043,-35.27536],[-58.10438,-35.27542],[-58.10449,-35.27551],[-58.10454,-35.2756],[-58.10455,-35.2757],[-58.10454,-35.27583],[-58.10451,-35.276],[-58.10445,-35.27616],[-58.10439,-35.27633],[-58.10435,-35.27649],[-58.10433,-35.27668],[-58.10436,-35.27682],[-58.10438,-35.27695],[-58.10448,-35.27711],[-58.10459,-35.27727],[-58.10469,-35.27742],[-58.10481,-35.27759],[-58.10497,-35.27774],[-58.10515,-35.2779],[-58.10526,-35.27802],[-58.10532,-35.27812],[-58.10539,-35.27824],[-58.10547,-35.27831],[-58.10556,-35.27835],[-58.10568,-35.27836],[-58.10582,-35.27837],[-58.10599,-35.27839],[-58.10613,-35.27842],[-58.10632,-35.27842],[-58.10657,-35.27842],[-58.1068,-35.27842],[-58.10696,-35.27846],[-58.10711,-35.27853],[-58.10726,-35.27866],[-58.10741,-35.27883],[-58.10751,-35.27894],[-58.10753,-35.27903],[-58.10752,-35.27914],[-58.10747,-35.27922],[-58.10732,-35.27937],[-58.10717,-35.27953],[-58.10713,-35.27964],[-58.10709,-35.2798],[-58.10708,-35.27992],[-58.10708,-35.28005],[-58.10712,-35.28017],[-58.1072,-35.28024],[-58.10741,-35.28042],[-58.10783,-35.28073],[-58.10804,-35.28088],[-58.10819,-35.28097],[-58.10832,-35.28101],[-58.10843,-35.28103],[-58.10866,-35.28101],[-58.10882,-35.281],[-58.10895,-35.28103],[-58.10906,-35.28108],[-58.10917,-35.28116],[-58.10922,-35.28123],[-58.10925,-35.28137],[-58.10923,-35.28157],[-58.10923,-35.28167],[-58.10925,-35.28178],[-58.1093,-35.28185],[-58.10938,-35.28192],[-58.10944,-35.28197],[-58.10979,-35.28207],[-58.11002,-35.28214],[-58.11018,-35.28222],[-58.11029,-35.2823],[-58.11035,-35.28238],[-58.11037,-35.28247],[-58.11035,-35.28256],[-58.11028,-35.2827],[-58.11022,-35.28281],[-58.11016,-35.28303],[-58.11012,-35.2832],[-58.11011,-35.28333],[-58.11013,-35.28345],[-58.1102,-35.28357],[-58.11029,-35.28365],[-58.11043,-35.2837],[-58.11056,-35.28372],[-58.11071,-35.28378],[-58.11091,-35.28398],[-58.11112,-35.28437],[-58.11131,-35.28477]]}},{"type":"Feature","properties":{"nombre":"Arroyo Abascay","descripcion":"Arroyo"},"geometry":{"type":"LineString","coordinates":[[-58.10212,-35.13604],[-58.10221,-35.13607],[-58.10228,-35.13611],[-58.10234,-35.13619],[-58.10241,-35.13634],[-58.10246,-35.13644],[-58.1025,-35.13648],[-58.10256,-35.1365],[-58.10278,-35.13655],[-58.10284,-35.13655],[-58.10312,-35.13656],[-58.10317,-35.13657],[-58.10341,-35.13664],[-58.10351,-35.13666],[-58.10369,-35.13669],[-58.10379,-35.13672],[-58.10387,-35.13676],[-58.10398,-35.13687],[-58.10414,-35.13695],[-58.10433,-35.1371],[-58.10439,-35.13713],[-58.10449,-35.13716],[-58.10475,-35.13721],[-58.10487,-35.13725],[-58.10499,-35.13731],[-58.10511,-35.13742],[-58.10521,-35.13757],[-58.10545,-35.13812],[-58.10569,-35.13854],[-58.10591,-35.13878],[-58.10598,-35.13884],[-58.10627,-35.13898],[-58.10663,-35.13927],[-58.10703,-35.13959],[-58.10708,-35.13962],[-58.10715,-35.13963],[-58.10758,-35.13963],[-58.10766,-35.13964],[-58.10776,-35.13968],[-58.10803,-35.13982],[-58.10814,-35.13985],[-58.10826,-35.13987],[-58.10837,-35.13987],[-58.10877,-35.1398],[-58.10887,-35.1398],[-58.10902,-35.13979],[-58.10935,-35.13974],[-58.10944,-35.13974],[-58.10973,-35.13984],[-58.10983,-35.13988],[-58.11006,-35.14001],[-58.11038,-35.14014],[-58.11047,-35.14016],[-58.11054,-35.14017],[-58.11062,-35.14013],[-58.11069,-35.14012],[-58.11076,-35.14012],[-58.11094,-35.14014],[-58.11102,-35.14014],[-58.1111,-35.14012],[-58.11127,-35.14006],[-58.11138,-35.14004],[-58.11151,-35.14005],[-58.11169,-35.14008],[-58.11206,-35.14019],[-58.11258,-35.14028],[-58.11268,-35.14032],[-58.11277,-35.14038],[-58.11284,-35.14048],[-58.1129,-35.14053],[-58.11308,-35.14064],[-58.11315,-35.14071],[-58.1132,-35.1408],[-58.11323,-35.14091],[-58.11322,-35.14102],[-58.11312,-35.1413],[-58.1131,-35.14141],[-58.1131,-35.14151],[-58.11302,-35.14179],[-58.11303,-35.14189],[-58.11312,-35.14209],[-58.11339,-35.14276],[-58.11345,-35.14294],[-58.11359,-35.14309],[-58.11371,-35.14328],[-58.11385,-35.14344],[-58.11387,-35.14355],[-58.11371,-35.14417]]}},{"type":"Feature","properties":{"descripcion":"Canal"},"geometry":{"type":"LineString","coordinates":[[-58.11313,-35.00889],[-58.11437,-35.00847],[-58.11536,-35.0077]]}},{"type":"Feature","properties":{"descripcion":"Desagüe o zanja"},"geometry":{"type":"LineString","coordinates":[[-58.20271,-34.83553],[-58.20252,-34.83604],[-58.20123,-34.83658],[-58.20029,-34.83738],[-58.20008,-34.83809],[-58.19871,-34.83991],[-58.19848,-34.84077],[-58.19831,-34.84132],[-58.19747,-34.8425],[-58.19352,-34.84485],[-58.19183,-34.84462],[-58.19119,-34.84444],[-58.19096,-34.84453]]}},{"type":"Feature","properties":{"descripcion":"Arroyo"},"geometry":{"type":"LineString","coordinates":[[-58.18705,-34.86061],[-58.18604,-34.85971],[-58.18518,-34.85895]]}},{"type":"Feature","properties":{"descripcion":"Canal"},"geometry":{"type":"LineString","coordinates":[[-57.92418,-34.89664],[-57.91144,-34.88549]]}},{"type":"Feature","properties":{"descripcion":"Arroyo"},"geometry":{"type":"LineString","coordinates":[[-58.10926,-34.81603],[-58.1092,-34.81526],[-58.10897,-34.81386],[-58.10935,-34.81326],[-58.10928,-34.81293],[-58.10884,-34.81291],[-58.1084,-34.81321],[-58.10767,-34.81329],[-58.10671,-34.81374],[-58.1062,-34.81374],[-58.10579,-34.81412],[-58.10407,-34.8147]]}},{"type":"Feature","properties":{"descripcion":"Arroyo"},"geometry":{"type":"LineString","coordinates":[[-58.10976,-34.82306],[-58.10962,-34.8229],[-58.10942,-34.82226],[-58.10921,-34.82174],[-58.10925,-34.82113],[-58.10933,-34.81999],[-58.10918,-34.81913],[-58.10937,-34.81731]]}},{"type":"Feature","properties":{"descripcion":"Canal"},"geometry":{"type":"LineString","coordinates":[[-57.89568,-34.87521],[-57.89544,-34.87499],[-57.89541,-34.87479],[-57.8953,-34.87445]]}},{"type":"Feature","properties":{"descripcion":"Canal"},"geometry":{"type":"LineString","coordinates":[[-58.17408,-35.01859],[-58.17175,-35.01615],[-58.17169,-35.01611],[-58.17163,-35.0161],[-58.17155,-35.0161],[-58.16882,-35.01757],[-58.16651,-35.01874],[-58.16608,-35.01881],[-58.16491,-35.01898]]}},{"type":"Feature","properties":{"descripcion":"Canal"},"geometry":{"type":"LineString","coordinates":[[-58.16087,-35.02039],[-58.16095,-35.02138],[-58.16096,-35.02231],[-58.16094,-35.02326],[-58.16089,-35.02433],[-58.16084,-35.02485],[-58.16045,-35.02616]]}},{"type":"Feature","properties":{"nombre":"Arroyo Abascay","descripcion":"Arroyo"},"geometry":{"type":"LineString","coordinates":[[-58.15638,-34.98311],[-58.15641,-34.98366],[-58.15648,-34.98424],[-58.15643,-34.98445],[-58.15604,-34.9848],[-58.1558,-34.98515],[-58.15572,-34.98562],[-58.15569,-34.98668],[-58.15533,-34.9882],[-58.15522,-34.98906],[-58.15518,-34.99174],[-58.15501,-34.993],[-58.15488,-34.99367],[-58.15467,-34.99476],[-58.15465,-34.99633],[-58.1546,-34.99666],[-58.15464,-34.99683],[-58.1551,-34.99741],[-58.15572,-34.99812],[-58.15645,-34.99916],[-58.15691,-34.99984],[-58.15709,-35.00018],[-58.15718,-35.00032],[-58.15726,-35.0007],[-58.15732,-35.00077],[-58.15761,-35.00095],[-58.15796,-35.00122],[-58.15811,-35.00141],[-58.15813,-35.00161],[-58.15818,-35.0017],[-58.15829,-35.00175],[-58.15851,-35.00176],[-58.15901,-35.00175],[-58.15927,-35.00177],[-58.15939,-35.00182],[-58.15977,-35.00216],[-58.15999,-35.00232],[-58.1605,-35.00272],[-58.16076,-35.00301],[-58.161,-35.00313],[-58.16158,-35.00345],[-58.16196,-35.00371],[-58.16228,-35.00396],[-58.16248,-35.00418],[-58.16271,-35.00443],[-58.16302,-35.00472],[-58.16336,-35.00509],[-58.1636,-35.00531],[-58.16388,-35.00553],[-58.16431,-35.00567],[-58.16461,-35.00577],[-58.16496,-35.00597],[-58.16522,-35.00617],[-58.16551,-35.00634],[-58.16581,-35.0065],[-58.16616,-35.00668],[-58.1665,-35.00691],[-58.16676,-35.0072],[-58.16707,-35.00738],[-58.16745,-35.00739],[-58.16778,-35.00751],[-58.16807,-35.00782],[-58.1684,-35.00817],[-58.16867,-35.0085],[-58.16891,-35.00882],[-58.16911,-35.00916],[-58.16934,-35.00968]]}},{"type":"Feature","properties":{"descripcion":"Arroyo"},"geometry":{"type":"LineString","coordinates":[[-57.99308,-34.96211],[-57.99298,-34.96183],[-57.99289,-34.96155],[-57.99264,-34.96126],[-57.99268,-34.96106],[-57.99256,-34.9608],[-57.99264,-34.96053],[-57.99255,-34.96031],[-57.99259,-34.96018],[-57.99274,-34.95995],[-57.99275,-34.95986],[-57.99281,-34.95943],[-57.9929,-34.95908],[-57.993,-34.95887],[-57.99304,-34.95867],[-57.993,-34.95826],[-57.99295,-34.95801],[-57.99288,-34.9578],[-57.9929,-34.95765],[-57.99299,-34.95753],[-57.99298,-34.95734],[-57.99288,-34.9571],[-57.99284,-34.9568],[-57.99201,-34.95626],[-57.9919,-34.95607],[-57.99198,-34.95595],[-57.99201,-34.95577],[-57.99184,-34.95555],[-57.99205,-34.95517],[-57.99215,-34.95487],[-57.99192,-34.95453],[-57.99202,-34.95383],[-57.99202,-34.95358],[-57.9912,-34.95285],[-57.99076,-34.95235],[-57.99071,-34.95204],[-57.99063,-34.95192],[-57.99068,-34.95158],[-57.99077,-34.95142],[-57.99066,-34.95129],[-57.9908,-34.95043],[-57.99089,-34.95027],[-57.99102,-34.94871],[-57.99055,-34.94824],[-57.99047,-34.94789],[-57.99036,-34.94768],[-57.99036,-34.94752],[-57.99046,-34.94743],[-57.99065,-34.9474],[-57.99069,-34.94733],[-57.99066,-34.94719],[-57.99045,-34.94692],[-57.99045,-34.94685]]}},{"type":"Feature","properties":{"descripcion":"Canal"},"geometry":{"type":"LineString","coordinates":[[-58.00411,-34.96348],[-58.00405,-34.96339],[-58.00364,-34.96255],[-58.00327,-34.96239],[-58.00317,-34.9624],[-58.00296,-34.96228],[-58.00289,-34.9621],[-58.0029,-34.96184],[-58.00285,-34.96167],[-58.00286,-34.96152],[-58.00295,-34.96141],[-58.00306,-34.96125],[-58.00309,-34.96113],[-58.00309,-34.96098],[-58.00305,-34.96081],[-58.00294,-34.96047],[-58.00274,-34.96026],[-58.00253,-34.96002],[-58.00228,-34.95992],[-58.00216,-34.95966],[-58.00203,-34.95931],[-58.00196,-34.959],[-58.00179,-34.95875],[-58.00174,-34.95858],[-58.00272,-34.95786],[-58.00273,-34.95785],[-58.00273,-34.95783]]}},{"type":"Feature","properties":{"descripcion":"Canal"},"geometry":{"type":"LineString","coordinates":[[-58.00128,-34.94516],[-58.00128,-34.94472],[-58.00125,-34.94442],[-58.00104,-34.94416],[-58.00086,-34.94374],[-58.00081,-34.94349],[-58.00044,-34.94302],[-58.00059,-34.94255],[-58.00071,-34.94251],[-58.0007,-34.94242],[-58.00042,-34.94218],[-58.0005,-34.94191],[-58.00036,-34.9417],[-58.00035,-34.94148],[-58.00068,-34.94099]]}},{"type":"Feature","properties":{"descripcion":"Arroyo"},"geometry":{"type":"LineString","coordinates":[[-58.03657,-34.93657],[-58.0366,-34.93621],[-58.03656,-34.93611],[-58.03647,-34.93588],[-58.03649,-34.93578],[-58.03671,-34.93556],[-58.03686,-34.93534],[-58.03689,-34.93513],[-58.03695,-34.93499],[-58.03693,-34.93492],[-58.03682,-34.93484],[-58.03676,-34.93469],[-58.03695,-34.9345],[-58.03582,-34.9335],[-58.03561,-34.93337],[-58.03537,-34.93329],[-58.03508,-34.93327],[-58.03459,-34.93309],[-58.03423,-34.93291],[-58.0341,-34.93279],[-58.03394,-34.93245],[-58.03373,-34.93244],[-58.03343,-34.93219],[-58.03345,-34.93193],[-58.03323,-34.93189],[-58.0331,-34.93184]]}},{"type":"Feature","properties":{"descripcion":"Arroyo"},"geometry":{"type":"LineString","coordinates":[[-58.09885,-35.02034],[-58.09918,-35.02067]]}},{"type":"Feature","properties":{"descripcion":"Arroyo"},"geometry":{"type":"LineString","coordinates":[[-58.10561,-35.04776],[-58.10566,-35.04785],[-58.10563,-35.04794],[-58.1056,-35.04804],[-58.10561,-35.04816],[-58.10562,-35.04828],[-58.10561,-35.0484],[-58.10558,-35.04851],[-58.1055,-35.04868],[-58.10543,-35.04883],[-58.10525,-35.04906],[-58.10465,-35.04949],[-58.10424,-35.04955],[-58.10408,-35.04989],[-58.10387,-35.05011],[-58.10393,-35.05029],[-58.10411,-35.05056],[-58.10402,-35.05108],[-58.10387,-35.05128],[-58.10404,-35.05167],[-58.10399,-35.05178],[-58.10391,-35.05187],[-58.10362,-35.05216],[-58.10305,-35.05236],[-58.1026,-35.05306],[-58.10252,-35.0538],[-58.10235,-35.05425],[-58.10214,-35.05456],[-58.10223,-35.05493],[-58.10253,-35.05501],[-58.10242,-35.05565],[-58.10237,-35.05581],[-58.10223,-35.05693],[-58.10213,-35.05713],[-58.1021,-35.05782],[-58.10197,-35.05805],[-58.10212,-35.05871],[-58.10283,-35.05896],[-58.10343,-35.05945],[-58.1036,-35.06064],[-58.10355,-35.06168],[-58.10363,-35.06199],[-58.10399,-35.06343],[-58.10396,-35.06367]]}},{"type":"Feature","properties":{"descripcion":"Arroyo"},"geometry":{"type":"LineString","coordinates":[[-58.09918,-35.02067],[-58.09908,-35.0211],[-58.09998,-35.02452],[-58.10021,-35.02493],[-58.10036,-35.02621],[-58.10156,-35.02788],[-58.10269,-35.0287],[-58.10304,-35.0286],[-58.10334,-35.02878],[-58.10336,-35.02956],[-58.10365,-35.02993],[-58.10381,-35.03049],[-58.10371,-35.03077],[-58.10429,-35.03116],[-58.10447,-35.03139],[-58.10468,-35.03213],[-58.10455,-35.03256],[-58.10497,-35.03326],[-58.10521,-35.03337],[-58.10512,-35.03366],[-58.10565,-35.03402],[-58.10617,-35.03468],[-58.10631,-35.0354],[-58.10682,-35.0356],[-58.10731,-35.03612],[-58.10771,-35.03711],[-58.10715,-35.03851],[-58.10733,-35.03853],[-58.1065,-35.04001],[-58.10592,-35.04077],[-58.10603,-35.04157],[-58.10616,-35.04224],[-58.10621,-35.04381],[-58.106,-35.04441],[-58.1059,-35.04588],[-58.10598,-35.0462],[-58.10591,-35.04635],[-58.10573,-35.0466],[-58.10565,-35.04745]]}},{"type":"Feature","properties":{"descripcion":"Arroyo"},"geometry":{"type":"LineString","coordinates":[[-58.09791,-35.01501],[-58.09797,-35.01635],[-58.09849,-35.01821],[-58.09858,-35.01844],[-58.09848,-35.01855],[-58.09844,-35.01873],[-58.0979,-35.0195],[-58.09885,-35.02034]]}},{"type":"Feature","properties":{"nombre":"Arroyo Las Conchitas","descripcion":"Arroyo"},"geometry":{"type":"LineString","coordinates":[[-58.20529,-34.82747],[-58.20509,-34.82715],[-58.20498,-34.82704],[-58.20422,-34.82678],[-58.20409,-34.82664],[-58.20395,-34.8263],[-58.20338,-34.82362],[-58.20306,-34.82273],[-58.20286,-34.82185],[-58.20255,-34.82106],[-58.20201,-34.82037],[-58.20149,-34.8199],[-58.2009,-34.81905],[-58.20072,-34.81865],[-58.20027,-34.8181],[-58.20042,-34.81729],[-58.2005,-34.81682],[-58.20023,-34.81645],[-58.20013,-34.81618],[-58.20005,-34.81604],[-58.19995,-34.81591],[-58.19945,-34.81563],[-58.19927,-34.81558],[-58.19916,-34.81558],[-58.19905,-34.81561],[-58.19879,-34.81568],[-58.19864,-34.81563]]}},{"type":"Feature","properties":{"nombre":"Canal del Gato","descripcion":"Arroyo"},"geometry":{"type":"LineString","coordinates":[[-57.97499,-34.87222],[-57.96936,-34.86728],[-57.95792,-34.85741],[-57.94974,-34.85025],[-57.94289,-34.84427],[-57.94212,-34.84364],[-57.94205,-34.84359],[-57.94153,-34.84318],[-57.9412,-34.843],[-57.94092,-34.84286],[-57.94061,-34.84277],[-57.94029,-34.84274],[-57.9398,-34.84275],[-57.93705,-34.84273],[-57.93669,-34.84265],[-57.93616,-34.84244],[-57.93564,-34.84215]]}},{"type":"Feature","properties":{"descripcion":"Arroyo"},"geometry":{"type":"LineString","coordinates":[[-58.10395,-35.06376],[-58.10331,-35.06498],[-58.10329,-35.06506],[-58.10316,-35.06589],[-58.10339,-35.06645],[-58.10371,-35.06666],[-58.10386,-35.06688],[-58.10408,-35.06704],[-58.10421,-35.06759],[-58.10422,-35.06795],[-58.10411,-35.06873],[-58.10408,-35.06935],[-58.1042,-35.06995],[-58.10438,-35.07045],[-58.10452,-35.07078],[-58.10491,-35.07114],[-58.10518,-35.07138],[-58.1052,-35.07145],[-58.10518,-35.0716],[-58.10527,-35.0717],[-58.10528,-35.07184],[-58.1052,-35.07203],[-58.10519,-35.07233],[-58.10497,-35.07306],[-58.10479,-35.07367],[-58.10461,-35.07483],[-58.10458,-35.07522],[-58.10461,-35.07533],[-58.10477,-35.07564],[-58.1052,-35.07645],[-58.10553,-35.07739],[-58.10597,-35.07917],[-58.10608,-35.07945],[-58.10601,-35.07971],[-58.10625,-35.08008],[-58.10649,-35.08055],[-58.10666,-35.08119],[-58.10676,-35.08146],[-58.10695,-35.08171],[-58.10721,-35.08206],[-58.10725,-35.08216],[-58.10731,-35.08236],[-58.1074,-35.08257],[-58.10773,-35.08297],[-58.10788,-35.08308],[-58.108,-35.08318],[-58.10809,-35.08321],[-58.10824,-35.08324],[-58.10834,-35.08334],[-58.1084,-35.08351],[-58.10839,-35.08368],[-58.10836,-35.08384],[-58.1085,-35.08405],[-58.10857,-35.0844],[-58.10892,-35.08553],[-58.10918,-35.08591],[-58.10995,-35.08652],[-58.11085,-35.08768],[-58.11171,-35.08886],[-58.11248,-35.08969],[-58.11278,-35.09],[-58.11308,-35.09028],[-58.11317,-35.09034],[-58.11324,-35.09048],[-58.11403,-35.09087],[-58.11417,-35.09097],[-58.11455,-35.0914],[-58.11463,-35.09146],[-58.11524,-35.09174],[-58.11557,-35.09189],[-58.11569,-35.092],[-58.11575,-35.09213],[-58.11573,-35.09223],[-58.11562,-35.09231],[-58.11525,-35.09246],[-58.11506,-35.09259],[-58.11497,-35.09266],[-58.11488,-35.09285],[-58.11479,-35.09297],[-58.11462,-35.09307],[-58.11451,-35.09314],[-58.11392,-35.09372],[-58.11379,-35.09382],[-58.11365,-35.09395],[-58.11355,-35.094],[-58.11294,-35.09422],[-58.11265,-35.0943],[-58.11248,-35.09436],[-58.11216,-35.09455],[-58.11193,-35.09472],[-58.11184,-35.09479],[-58.11175,-35.0953],[-58.11163,-35.09542],[-58.11148,-35.09563],[-58.11133,-35.09575],[-58.11115,-35.09615],[-58.11114,-35.09623],[-58.11122,-35.09639],[-58.11121,-35.09648],[-58.11115,-35.09658],[-58.11104,-35.09666],[-58.111,-35.09672],[-58.111,-35.09679],[-58.11106,-35.09685],[-58.1112,-35.09698],[-58.11127,-35.0971],[-58.11127,-35.09721],[-58.11112,-35.09759],[-58.11108,-35.09782],[-58.11104,-35.09821],[-58.111,-35.09828],[-58.11094,-35.09833],[-58.11084,-35.09848],[-58.11028,-35.09886],[-58.11005,-35.09896],[-58.10999,-35.09897],[-58.10982,-35.09893],[-58.10976,-35.09891],[-58.10971,-35.09893],[-58.10967,-35.09896],[-58.10965,-35.09899],[-58.10964,-35.09909],[-58.10963,-35.09923],[-58.10961,-35.09929],[-58.10937,-35.09974],[-58.10935,-35.09983],[-58.10935,-35.0999],[-58.10939,-35.10002],[-58.10949,-35.10016],[-58.10951,-35.10027],[-58.10951,-35.10066],[-58.10947,-35.10077],[-58.10942,-35.10087],[-58.10936,-35.10091],[-58.10922,-35.10099],[-58.10914,-35.10107],[-58.10911,-35.10115],[-58.10911,-35.10123],[-58.10912,-35.10131],[-58.10927,-35.10174],[-58.10932,-35.10198],[-58.10931,-35.10212],[-58.10926,-35.10226],[-58.10924,-35.1024],[-58.10915,-35.10261],[-58.10914,-35.10271],[-58.10918,-35.1028],[-58.10936,-35.10305],[-58.10939,-35.10315],[-58.10939,-35.10323],[-58.10932,-35.10358],[-58.10927,-35.10363],[-58.10925,-35.10368],[-58.10925,-35.10374],[-58.1093,-35.10403],[-58.10938,-35.10419],[-58.10937,-35.10438],[-58.10941,-35.10456],[-58.10955,-35.10497],[-58.10961,-35.10503],[-58.10981,-35.10517],[-58.10987,-35.10526],[-58.1099,-35.10536],[-58.10989,-35.10543],[-58.10982,-35.10557],[-58.1098,-35.10566],[-58.10983,-35.10578],[-58.10989,-35.10593],[-58.10996,-35.10605],[-58.10999,-35.10612],[-58.10996,-35.10642],[-58.11001,-35.10661],[-58.11005,-35.10695],[-58.11006,-35.10713],[-58.11017,-35.10743],[-58.11045,-35.10777],[-58.11051,-35.10786],[-58.11057,-35.10792],[-58.11065,-35.10804],[-58.11072,-35.1081],[-58.11091,-35.1083],[-58.11094,-35.10841],[-58.11094,-35.10848],[-58.11084,-35.10872],[-58.11083,-35.10881],[-58.11102,-35.10922],[-58.11109,-35.10943],[-58.11107,-35.10958],[-58.11111,-35.11008],[-58.11137,-35.11085],[-58.1113,-35.11105],[-58.11125,-35.11116],[-58.11135,-35.11155],[-58.1115,-35.11183],[-58.11158,-35.1119],[-58.11169,-35.11199],[-58.11194,-35.11277],[-58.11208,-35.11296],[-58.11209,-35.11333],[-58.11199,-35.11381],[-58.112,-35.11428],[-58.11209,-35.11467],[-58.11217,-35.11476],[-58.11239,-35.1149],[-58.11247,-35.11499],[-58.11259,-35.11534],[-58.11261,-35.11571],[-58.11265,-35.11581],[-58.11263,-35.11612],[-58.11266,-35.11625],[-58.11266,-35.11638],[-58.11259,-35.11649],[-58.11249,-35.11661],[-58.11187,-35.11706],[-58.11167,-35.11726],[-58.11152,-35.11752],[-58.11124,-35.1178],[-58.11102,-35.11819],[-58.11099,-35.1185],[-58.11137,-35.12021],[-58.11134,-35.12051],[-58.11117,-35.12083],[-58.11095,-35.121],[-58.11041,-35.12127],[-58.1097,-35.12168],[-58.10957,-35.12181],[-58.10949,-35.12194],[-58.10944,-35.12208],[-58.10939,-35.12254],[-58.10911,-35.1231],[-58.10878,-35.12356],[-58.10789,-35.12584],[-58.10742,-35.12625],[-58.10739,-35.12638],[-58.1074,-35.12656],[-58.10735,-35.12709],[-58.10732,-35.12727],[-58.10722,-35.12749],[-58.10709,-35.12766],[-58.10696,-35.12782],[-58.10637,-35.12841],[-58.10581,-35.12903],[-58.1057,-35.12913],[-58.10555,-35.12921],[-58.1054,-35.12929],[-58.10535,-35.12934],[-58.10528,-35.12947],[-58.10497,-35.12989],[-58.1049,-35.13003],[-58.10467,-35.13032],[-58.10464,-35.13044],[-58.10469,-35.13104],[-58.10467,-35.13118],[-58.10457,-35.13142],[-58.10421,-35.13246],[-58.10407,-35.1327],[-58.10386,-35.13329],[-58.10371,-35.13372],[-58.10368,-35.13375],[-58.10363,-35.13378],[-58.10356,-35.13384],[-58.10351,-35.13393],[-58.10345,-35.13401],[-58.10321,-35.13431],[-58.10314,-35.13444],[-58.1031,-35.13455],[-58.10308,-35.13473],[-58.10304,-35.13484],[-58.10299,-35.1349],[-58.10294,-35.13494],[-58.10275,-35.13505],[-58.10251,-35.13521],[-58.10242,-35.13527],[-58.10228,-35.13531],[-58.10219,-35.13535],[-58.10215,-35.13539],[-58.10212,-35.13543],[-58.10204,-35.1357],[-58.10203,-35.13577],[-58.10204,-35.13586],[-58.10208,-35.13597],[-58.10212,-35.13604]]}},{"type":"Feature","properties":{"nombre":"Arroyo Abascay","descripcion":"Arroyo"},"geometry":{"type":"LineString","coordinates":[[-58.05804,-35.09793],[-58.05984,-35.09962],[-58.06197,-35.10158],[-58.06288,-35.10232],[-58.06298,-35.10247],[-58.06366,-35.10371],[-58.06381,-35.10412],[-58.06396,-35.10429],[-58.06511,-35.10643],[-58.06516,-35.10649],[-58.06517,-35.10655],[-58.06567,-35.10666],[-58.06601,-35.10679],[-58.06613,-35.10686],[-58.06623,-35.10698],[-58.06622,-35.10751],[-58.06642,-35.10914],[-58.06646,-35.10924],[-58.06693,-35.10975],[-58.06707,-35.10988],[-58.06718,-35.11018],[-58.06727,-35.11027],[-58.06783,-35.11054],[-58.06838,-35.11108],[-58.06895,-35.11135],[-58.06974,-35.11207],[-58.06998,-35.1122],[-58.07006,-35.11227],[-58.07057,-35.11297],[-58.07071,-35.1133],[-58.07111,-35.11357],[-58.07133,-35.11395],[-58.0715,-35.11409],[-58.0716,-35.11418],[-58.07182,-35.11455],[-58.07203,-35.1148],[-58.07249,-35.11513],[-58.07319,-35.11595],[-58.07337,-35.11605],[-58.07375,-35.11617],[-58.07403,-35.11631],[-58.07473,-35.1167],[-58.07506,-35.11683],[-58.07581,-35.117],[-58.07612,-35.11709],[-58.07707,-35.11749],[-58.07749,-35.11776],[-58.07802,-35.11801],[-58.07818,-35.11812],[-58.07829,-35.11822],[-58.07839,-35.11837],[-58.07857,-35.11876],[-58.07871,-35.11906],[-58.07878,-35.11934],[-58.07876,-35.11993],[-58.07882,-35.1209],[-58.07901,-35.12146],[-58.07914,-35.1217],[-58.07932,-35.12189],[-58.07966,-35.12217],[-58.08007,-35.12244],[-58.0812,-35.12297],[-58.08202,-35.12327],[-58.08267,-35.1236],[-58.08317,-35.1239],[-58.08349,-35.12413],[-58.08374,-35.12443],[-58.08391,-35.12473],[-58.08408,-35.1251],[-58.08415,-35.12543],[-58.08416,-35.12591],[-58.08424,-35.12617],[-58.08438,-35.12643],[-58.08459,-35.12666],[-58.08501,-35.12695],[-58.08541,-35.12723],[-58.08622,-35.12796],[-58.08649,-35.12815],[-58.08672,-35.12825],[-58.08688,-35.12832],[-58.08716,-35.12847],[-58.08834,-35.12936],[-58.08895,-35.12967],[-58.08925,-35.1299],[-58.0897,-35.13027],[-58.09001,-35.13046],[-58.09045,-35.13063],[-58.09064,-35.13072],[-58.09092,-35.13092],[-58.09136,-35.13136],[-58.09175,-35.13162],[-58.09219,-35.13181],[-58.09261,-35.13204],[-58.09305,-35.13233],[-58.09425,-35.13336],[-58.09461,-35.13372],[-58.09501,-35.13428],[-58.09533,-35.1347],[-58.09577,-35.13511],[-58.09622,-35.13535],[-58.09666,-35.13551],[-58.09708,-35.1356],[-58.09886,-35.13572],[-58.09992,-35.13584],[-58.10028,-35.13586],[-58.10117,-35.13597],[-58.1017,-35.13603],[-58.10212,-35.13604]]}},{"type":"Feature","properties":{"descripcion":"Arroyo"},"geometry":{"type":"LineString","coordinates":[[-58.04606,-35.14263],[-58.04605,-35.14259],[-58.04616,-35.14235],[-58.04615,-35.14208],[-58.0461,-35.14187],[-58.04599,-35.14172],[-58.0458,-35.14162],[-58.04572,-35.1415],[-58.04573,-35.14135],[-58.04582,-35.14125],[-58.04592,-35.14114],[-58.04594,-35.14096],[-58.04596,-35.14071],[-58.04606,-35.14057]]}},{"type":"Feature","properties":{"descripcion":"Arroyo"},"geometry":{"type":"LineString","coordinates":[[-58.04309,-35.14946],[-58.04333,-35.14885],[-58.04352,-35.14864],[-58.0436,-35.1484],[-58.04349,-35.1481],[-58.04345,-35.14786],[-58.04354,-35.1474],[-58.04361,-35.14688],[-58.04367,-35.14677],[-58.04375,-35.14671],[-58.0439,-35.14663],[-58.04403,-35.14658],[-58.04413,-35.14646],[-58.04428,-35.14626],[-58.04457,-35.14605],[-58.04576,-35.14525],[-58.04589,-35.14509],[-58.04594,-35.14494],[-58.04595,-35.1447],[-58.04605,-35.14427],[-58.04617,-35.14391],[-58.04621,-35.14371],[-58.04619,-35.1435]]}},{"type":"Feature","properties":{"descripcion":"Arroyo"},"geometry":{"type":"LineString","coordinates":[[-58.11589,-34.89648],[-58.11564,-34.89641]]}},{"type":"Feature","properties":{"nombre":"Arroyo Martin","descripcion":"Arroyo"},"geometry":{"type":"LineString","coordinates":[[-58.10134,-34.94143],[-58.10126,-34.94125],[-58.10115,-34.94108],[-58.10099,-34.94085],[-58.10083,-34.94059],[-58.10068,-34.94036],[-58.10055,-34.9402],[-58.10039,-34.93998],[-58.1003,-34.9398],[-58.10019,-34.93947],[-58.10007,-34.93918],[-58.09991,-34.93887],[-58.09977,-34.93858],[-58.09966,-34.93828],[-58.09932,-34.93762]]}},{"type":"Feature","properties":{"nombre":"Arroyo Martin","descripcion":"Arroyo"},"geometry":{"type":"LineString","coordinates":[[-58.10125,-34.94152],[-58.10134,-34.94143]]}},{"type":"Feature","properties":{"nombre":"Arroyo Martin","descripcion":"Arroyo"},"geometry":{"type":"LineString","coordinates":[[-58.09586,-34.93242],[-58.09426,-34.93106],[-58.09245,-34.92919]]}},{"type":"Feature","properties":{"nombre":"Arroyo Martin","descripcion":"Arroyo"},"geometry":{"type":"LineString","coordinates":[[-58.09599,-34.9325],[-58.09593,-34.93247],[-58.09586,-34.93242]]}},{"type":"Feature","properties":{"descripcion":"Desagüe o zanja"},"geometry":{"type":"LineString","coordinates":[[-58.19102,-34.83561],[-58.19152,-34.83553],[-58.19227,-34.83506],[-58.19238,-34.83494],[-58.19472,-34.83354],[-58.19491,-34.83347]]}},{"type":"Feature","properties":{"descripcion":"Arroyo"},"geometry":{"type":"LineString","coordinates":[[-57.90584,-34.91565],[-57.90541,-34.91514],[-57.90542,-34.91461],[-57.90532,-34.91366],[-57.90509,-34.91266],[-57.90502,-34.91178],[-57.90474,-34.91002],[-57.90459,-34.9088],[-57.90413,-34.90554]]}},{"type":"Feature","properties":{"descripcion":"Desagüe o zanja"},"geometry":{"type":"LineString","coordinates":[[-57.95512,-34.88223],[-57.9546,-34.88259]]}},{"type":"Feature","properties":{"descripcion":"Desagüe o zanja"},"geometry":{"type":"LineString","coordinates":[[-57.95642,-34.88123],[-57.95648,-34.88049]]}},{"type":"Feature","properties":{"descripcion":"Canal"},"geometry":{"type":"LineString","coordinates":[[-57.99991,-34.93966],[-57.99968,-34.93943]]}},{"type":"Feature","properties":{"descripcion":"Canal"},"geometry":{"type":"LineString","coordinates":[[-58.00068,-34.94099],[-58.0008,-34.94078]]}},{"type":"Feature","properties":{"descripcion":"Canal"},"geometry":{"type":"LineString","coordinates":[[-58.00155,-34.94852],[-58.00147,-34.94842]]}},{"type":"Feature","properties":{"descripcion":"Canal"},"geometry":{"type":"LineString","coordinates":[[-58.00194,-34.94951],[-58.00196,-34.94942]]}},{"type":"Feature","properties":{"descripcion":"Canal"},"geometry":{"type":"LineString","coordinates":[[-58.00113,-34.94671],[-58.00134,-34.94583],[-58.00127,-34.94563],[-58.0013,-34.9453]]}},{"type":"Feature","properties":{"descripcion":"Canal"},"geometry":{"type":"LineString","coordinates":[[-57.99968,-34.93943],[-57.99952,-34.93939],[-57.99793,-34.93794]]}},{"type":"Feature","properties":{"descripcion":"Canal"},"geometry":{"type":"LineString","coordinates":[[-58.0008,-34.94078],[-58.00068,-34.94003],[-58.00046,-34.93987],[-58.00013,-34.93988],[-57.99991,-34.93966]]}},{"type":"Feature","properties":{"descripcion":"Canal"},"geometry":{"type":"LineString","coordinates":[[-58.00196,-34.94942],[-58.002,-34.94929],[-58.00143,-34.94881],[-58.00159,-34.9486],[-58.00155,-34.94852]]}},{"type":"Feature","properties":{"descripcion":"Desagüe o zanja"},"geometry":{"type":"LineString","coordinates":[[-58.02196,-34.8621],[-58.02203,-34.86206]]}},{"type":"Feature","properties":{"descripcion":"Desagüe o zanja"},"geometry":{"type":"LineString","coordinates":[[-58.02203,-34.86206],[-58.02214,-34.86201],[-58.02222,-34.86198]]}},{"type":"Feature","properties":{"descripcion":"Arroyo"},"geometry":{"type":"LineString","coordinates":[[-57.9955,-34.96647],[-57.99545,-34.96634],[-57.99475,-34.96566],[-57.9947,-34.96554]]}},{"type":"Feature","properties":{"descripcion":"Arroyo"},"geometry":{"type":"LineString","coordinates":[[-57.99313,-34.96233],[-57.99308,-34.96211]]}},{"type":"Feature","properties":{"descripcion":"Arroyo"},"geometry":{"type":"LineString","coordinates":[[-58.05365,-35.07789],[-58.05303,-35.07957],[-58.05292,-35.0815],[-58.05195,-35.08215]]}},{"type":"Feature","properties":{"descripcion":"Arroyo"},"geometry":{"type":"LineString","coordinates":[[-58.05513,-35.07418],[-58.05508,-35.07427]]}},{"type":"Feature","properties":{"nombre":"Arroyo Savoia","descripcion":"Arroyo"},"geometry":{"type":"LineString","coordinates":[[-58.02562,-34.85832],[-58.02526,-34.85831],[-58.02447,-34.85863],[-58.02325,-34.8589],[-58.02316,-34.85889],[-58.0231,-34.8588],[-58.02303,-34.85877],[-58.02281,-34.85879],[-58.0219,-34.85871],[-58.02088,-34.85852],[-58.02018,-34.85841],[-58.01968,-34.85837],[-58.01941,-34.85838],[-58.01906,-34.85832]]}},{"type":"Feature","properties":{"nombre":"Canal Villa Elisa","descripcion":"Arroyo"},"geometry":{"type":"LineString","coordinates":[[-58.05739,-34.84668],[-58.05657,-34.84538],[-58.05592,-34.84442],[-58.05442,-34.84218],[-58.05346,-34.84056],[-58.05336,-34.84036],[-58.05328,-34.84018],[-58.05321,-34.83986],[-58.0532,-34.83953],[-58.05322,-34.83916],[-58.05349,-34.83835],[-58.05596,-34.82965],[-58.05688,-34.82595],[-58.05697,-34.82504],[-58.05693,-34.82439],[-58.05672,-34.82375],[-58.05642,-34.823],[-58.05594,-34.82234],[-58.05485,-34.8213],[-58.04974,-34.81669],[-58.04161,-34.80948],[-58.03292,-34.80177],[-58.01773,-34.78802],[-58.01567,-34.78617],[-58.01397,-34.78464],[-58.01303,-34.78363],[-58.01264,-34.78331],[-58.01156,-34.7828],[-58.01117,-34.78228]]}},{"type":"Feature","properties":{"nombre":"Arroyo Rodríguez","descripcion":"Arroyo"},"geometry":{"type":"LineString","coordinates":[[-58.06208,-34.94535],[-58.06204,-34.94547],[-58.06194,-34.94564],[-58.0619,-34.94574],[-58.06186,-34.94597],[-58.06187,-34.9461],[-58.06188,-34.94623],[-58.06189,-34.94628],[-58.06189,-34.94645],[-58.06186,-34.94662],[-58.06184,-34.94676],[-58.06183,-34.94688],[-58.0618,-34.94698],[-58.06176,-34.94716],[-58.06173,-34.94732],[-58.06168,-34.94746],[-58.06165,-34.94767],[-58.06167,-34.94779],[-58.06164,-34.9479],[-58.06162,-34.94799],[-58.06158,-34.94818],[-58.06153,-34.94829],[-58.06156,-34.94839],[-58.06162,-34.94846],[-58.06167,-34.94851],[-58.06167,-34.94863],[-58.06167,-34.94875],[-58.06173,-34.94885],[-58.06174,-34.94897],[-58.06179,-34.94911],[-58.06187,-34.94925],[-58.06194,-34.94943],[-58.06201,-34.94954],[-58.06203,-34.94963],[-58.06207,-34.94976],[-58.0621,-34.94985],[-58.06212,-34.94997],[-58.06216,-34.95009],[-58.06221,-34.95023],[-58.06232,-34.9503],[-58.06238,-34.95041],[-58.06246,-34.95052],[-58.06255,-34.95059],[-58.06264,-34.95068],[-58.06268,-34.95076],[-58.06268,-34.95091],[-58.06265,-34.95101],[-58.06267,-34.95108],[-58.06271,-34.95116],[-58.06278,-34.9513],[-58.06278,-34.95146],[-58.06282,-34.95164],[-58.06287,-34.95172],[-58.06284,-34.9518],[-58.06283,-34.95186],[-58.06295,-34.95201],[-58.06304,-34.95209],[-58.06315,-34.95224],[-58.06318,-34.95233],[-58.06315,-34.95241],[-58.06312,-34.95252],[-58.06306,-34.95262],[-58.06309,-34.95271],[-58.06308,-34.95287],[-58.06301,-34.95301],[-58.063,-34.95314],[-58.06306,-34.95328],[-58.06306,-34.9534],[-58.06304,-34.95356],[-58.06309,-34.95377],[-58.0631,-34.95388],[-58.06315,-34.95418],[-58.06318,-34.95438],[-58.06318,-34.95451],[-58.0633,-34.95465],[-58.06342,-34.95475],[-58.06356,-34.95485],[-58.06369,-34.95496],[-58.0638,-34.95503],[-58.06387,-34.95509],[-58.064,-34.95523],[-58.06402,-34.9554],[-58.0641,-34.95549],[-58.06427,-34.9556],[-58.06437,-34.95569],[-58.06436,-34.95578],[-58.06438,-34.95583],[-58.06442,-34.95591],[-58.06448,-34.95595],[-58.06455,-34.95607],[-58.06462,-34.95616],[-58.06466,-34.95629],[-58.0647,-34.95639],[-58.06476,-34.9565],[-58.06487,-34.95661],[-58.06491,-34.9567],[-58.06498,-34.95687],[-58.06503,-34.95697],[-58.0651,-34.95711],[-58.0652,-34.95724],[-58.06525,-34.95732],[-58.0653,-34.95736],[-58.06535,-34.95745],[-58.06539,-34.95754],[-58.06547,-34.95766],[-58.06551,-34.95778],[-58.06554,-34.95792],[-58.06554,-34.95799],[-58.06555,-34.95807],[-58.06559,-34.95813],[-58.06564,-34.95821],[-58.06565,-34.95827],[-58.06565,-34.95835],[-58.06572,-34.9585],[-58.06578,-34.95862],[-58.06585,-34.95875],[-58.06594,-34.95884],[-58.06606,-34.95893],[-58.06613,-34.95901],[-58.06622,-34.95906],[-58.06623,-34.95914],[-58.06627,-34.95922],[-58.06631,-34.9593],[-58.06638,-34.95941],[-58.06646,-34.95949],[-58.06661,-34.95963],[-58.06672,-34.95974],[-58.06685,-34.95989],[-58.06698,-34.96004],[-58.06712,-34.96021],[-58.06725,-34.96036],[-58.06736,-34.96043],[-58.06747,-34.9605],[-58.06756,-34.9606],[-58.06753,-34.96071],[-58.06746,-34.96078],[-58.06739,-34.96086],[-58.06735,-34.96099],[-58.06735,-34.96116],[-58.06743,-34.96136],[-58.06755,-34.96146],[-58.06766,-34.96156],[-58.06776,-34.96167],[-58.0679,-34.96177],[-58.06804,-34.96186],[-58.06808,-34.96191]]}},{"type":"Feature","properties":{"nombre":"Arroyo Rodríguez","descripcion":"Arroyo"},"geometry":{"type":"LineString","coordinates":[[-58.06061,-34.9124],[-58.06063,-34.91244],[-58.06061,-34.91256],[-58.06056,-34.91272],[-58.0605,-34.91283],[-58.0604,-34.91295],[-58.06031,-34.91302],[-58.06017,-34.9131],[-58.06006,-34.91314],[-58.05989,-34.91313],[-58.05976,-34.91309],[-58.05964,-34.91315],[-58.05944,-34.9133],[-58.05927,-34.91348],[-58.05917,-34.91358],[-58.059,-34.91371],[-58.05879,-34.91383],[-58.05873,-34.91397],[-58.05869,-34.91415],[-58.05863,-34.91434],[-58.05858,-34.91451],[-58.05853,-34.91479],[-58.05858,-34.91504],[-58.05862,-34.91524],[-58.0586,-34.91535],[-58.0585,-34.91541],[-58.05829,-34.9155],[-58.05799,-34.91565],[-58.0579,-34.91576],[-58.05776,-34.91589],[-58.05762,-34.91608],[-58.05741,-34.91628],[-58.05727,-34.91642],[-58.05714,-34.91656],[-58.05702,-34.91674],[-58.05696,-34.91694],[-58.05696,-34.91707],[-58.05701,-34.91724],[-58.05707,-34.91737],[-58.05717,-34.91749],[-58.05724,-34.91756],[-58.05738,-34.91768],[-58.05746,-34.91775],[-58.05757,-34.91778],[-58.05764,-34.91782],[-58.0577,-34.91795],[-58.05769,-34.91806],[-58.05769,-34.91813],[-58.05765,-34.91826],[-58.05765,-34.91836],[-58.05757,-34.91854],[-58.05747,-34.91875],[-58.05739,-34.91893],[-58.05735,-34.91906],[-58.05735,-34.91914],[-58.05736,-34.91931],[-58.0574,-34.91945],[-58.05751,-34.91967],[-58.0576,-34.91981],[-58.05767,-34.91998],[-58.05772,-34.92006],[-58.05787,-34.92025],[-58.05795,-34.92042],[-58.05805,-34.9206],[-58.05815,-34.92071],[-58.05825,-34.9208],[-58.0584,-34.92088],[-58.05851,-34.92099],[-58.05857,-34.92113],[-58.0587,-34.92127],[-58.05876,-34.9214],[-58.05888,-34.92155],[-58.05903,-34.92161],[-58.05918,-34.92161],[-58.05929,-34.92155],[-58.05937,-34.9215],[-58.05943,-34.92145],[-58.05956,-34.92142],[-58.05964,-34.92145],[-58.05981,-34.92159],[-58.05994,-34.92166]]}},{"type":"Feature","properties":{"nombre":"Arroyo Rodríguez","descripcion":"Arroyo"},"geometry":{"type":"LineString","coordinates":[[-58.06187,-34.90588],[-58.06194,-34.90599],[-58.06198,-34.90608],[-58.06194,-34.90622],[-58.06189,-34.90635],[-58.06186,-34.90646],[-58.06183,-34.90658],[-58.06184,-34.90673],[-58.06185,-34.90684],[-58.06179,-34.90694],[-58.06171,-34.90706],[-58.06163,-34.90721],[-58.06168,-34.90732],[-58.06165,-34.90745],[-58.06157,-34.90754],[-58.06154,-34.90761],[-58.06134,-34.90784],[-58.06106,-34.90804],[-58.06085,-34.90822],[-58.06061,-34.90851],[-58.06048,-34.90877],[-58.06063,-34.90915],[-58.06072,-34.90929],[-58.06091,-34.90965],[-58.06111,-34.90984],[-58.0611,-34.91],[-58.06101,-34.91016],[-58.06089,-34.91028],[-58.0607,-34.9105],[-58.06063,-34.91073],[-58.0606,-34.91091],[-58.06064,-34.91125],[-58.06059,-34.91157],[-58.0604,-34.9118],[-58.06046,-34.91191],[-58.0605,-34.91213],[-58.06061,-34.9124]]}},{"type":"Feature","properties":{"nombre":"Arroyo La Guardia","descripcion":"Río"},"geometry":{"type":"LineString","coordinates":[[-58.02222,-34.86198],[-58.02098,-34.86007],[-58.02056,-34.85958],[-58.02019,-34.85921],[-58.0197,-34.8588],[-58.01906,-34.85832],[-58.01878,-34.85814],[-58.01834,-34.85789],[-58.01803,-34.85771],[-58.01723,-34.85719],[-58.01697,-34.85696],[-58.01636,-34.85651],[-58.01566,-34.85589],[-58.01493,-34.85523],[-58.01418,-34.85452],[-58.01262,-34.85316],[-58.01117,-34.85183],[-58.00979,-34.8506],[-58.00886,-34.84975],[-58.00648,-34.84765],[-58.00401,-34.84542],[-58.00172,-34.84328],[-57.99875,-34.84048],[-57.99671,-34.8385],[-57.99434,-34.83624],[-57.99137,-34.83334],[-57.98915,-34.83122],[-57.98469,-34.82683],[-57.98063,-34.82292],[-57.97975,-34.82205],[-57.97846,-34.82066],[-57.97648,-34.81879],[-57.97413,-34.81645],[-57.97312,-34.81556],[-57.97293,-34.81528],[-57.97282,-34.815]]}},{"type":"Feature","properties":{"nombre":"Arroyo Rodríguez","descripcion":"Arroyo"},"geometry":{"type":"LineString","coordinates":[[-58.04067,-34.88212],[-58.04062,-34.88202],[-58.04039,-34.88172],[-58.04015,-34.8814],[-58.03991,-34.88111],[-58.03966,-34.88086],[-58.03946,-34.88076],[-58.03928,-34.88075],[-58.03909,-34.88075],[-58.0388,-34.88081],[-58.0386,-34.88081],[-58.03832,-34.88075],[-58.03798,-34.88071],[-58.03777,-34.8806],[-58.03767,-34.88042],[-58.0376,-34.88037],[-58.03761,-34.88024],[-58.03767,-34.8801],[-58.03767,-34.88],[-58.03765,-34.87967],[-58.03754,-34.87952],[-58.03736,-34.87935],[-58.037,-34.87911],[-58.0366,-34.87886],[-58.03637,-34.87877],[-58.03611,-34.87867],[-58.03578,-34.87859],[-58.03548,-34.87855],[-58.0352,-34.87843],[-58.03507,-34.87832],[-58.03488,-34.87807],[-58.0347,-34.87787],[-58.03451,-34.87775],[-58.03437,-34.87775],[-58.03411,-34.87782],[-58.03387,-34.87787],[-58.03366,-34.87778],[-58.03347,-34.87767],[-58.03319,-34.87747],[-58.0328,-34.87723],[-58.03266,-34.87709],[-58.03255,-34.87694],[-58.03249,-34.87676],[-58.03242,-34.87657],[-58.03235,-34.8764],[-58.0323,-34.87622],[-58.0322,-34.87608],[-58.03201,-34.87596],[-58.03178,-34.87593],[-58.03162,-34.87595],[-58.03146,-34.87594],[-58.03133,-34.87592],[-58.03123,-34.87587],[-58.03106,-34.87567],[-58.03087,-34.87546],[-58.03043,-34.87506],[-58.0302,-34.87475],[-58.02995,-34.87441],[-58.02988,-34.87422],[-58.02992,-34.87401],[-58.03001,-34.87376],[-58.03005,-34.87351],[-58.03004,-34.87332],[-58.02999,-34.87306],[-58.03001,-34.87276],[-58.03006,-34.87257]]}},{"type":"Feature","properties":{"descripcion":"Desagüe o zanja"},"geometry":{"type":"LineString","coordinates":[[-57.99337,-34.87783],[-57.99674,-34.87535]]}},{"type":"Feature","properties":{"descripcion":"Canal"},"geometry":{"type":"LineString","coordinates":[[-57.91869,-34.89745],[-57.91707,-34.89592]]}},{"type":"Feature","properties":{"descripcion":"Arroyo"},"geometry":{"type":"LineString","coordinates":[[-57.77874,-35.09908],[-57.77868,-35.09686],[-57.779,-35.09463],[-57.77991,-35.09232],[-57.78237,-35.09079],[-57.79177,-35.08858],[-57.79528,-35.08433],[-57.79602,-35.0837],[-57.79669,-35.08309]]}},{"type":"Feature","properties":{"nombre":"Arroyo Rodríguez","descripcion":"Arroyo"},"geometry":{"type":"LineString","coordinates":[[-58.06278,-34.90414],[-58.06258,-34.90423],[-58.06205,-34.9046],[-58.06173,-34.90505],[-58.06173,-34.90553],[-58.06187,-34.90588]]}},{"type":"Feature","properties":{"descripcion":"Canal"},"geometry":{"type":"LineString","coordinates":[[-58.0013,-34.9453],[-58.00128,-34.94516]]}},{"type":"Feature","properties":{"nombre":"Arroyo La Balandra","descripcion":"Arroyo"},"geometry":{"type":"LineString","coordinates":[[-57.7439,-34.92483],[-57.74488,-34.92471],[-57.74569,-34.92436],[-57.74668,-34.92382],[-57.74927,-34.92343],[-57.74987,-34.92289],[-57.75069,-34.9226],[-57.75077,-34.92257],[-57.75084,-34.92256],[-57.7509,-34.92257],[-57.75097,-34.92258],[-57.75146,-34.92268],[-57.75158,-34.92267],[-57.75167,-34.92266],[-57.75175,-34.92263],[-57.75181,-34.92262],[-57.75189,-34.92263],[-57.75198,-34.92267],[-57.75218,-34.9228],[-57.75223,-34.92282],[-57.75229,-34.92282],[-57.75233,-34.92279],[-57.75236,-34.92275],[-57.75236,-34.92269],[-57.75235,-34.92258],[-57.75236,-34.9225],[-57.75237,-34.92245],[-57.7524,-34.9224],[-57.75242,-34.92236],[-57.75245,-34.92233],[-57.75266,-34.92202],[-57.7527,-34.92197],[-57.75271,-34.92191],[-57.75271,-34.92186],[-57.75263,-34.92146],[-57.7526,-34.92129],[-57.75258,-34.92121],[-57.7526,-34.92113],[-57.75263,-34.92108],[-57.75269,-34.92104],[-57.75274,-34.92101],[-57.7528,-34.92096],[-57.75281,-34.92092],[-57.75284,-34.92087],[-57.75293,-34.92084],[-57.75298,-34.92083],[-57.75302,-34.92084],[-57.75317,-34.92088]]}},{"type":"Feature","properties":{"descripcion":"Canal"},"geometry":{"type":"LineString","coordinates":[[-57.80634,-34.92888],[-57.80616,-34.92872],[-57.80603,-34.92857],[-57.80597,-34.92843],[-57.80594,-34.92835],[-57.80592,-34.92805],[-57.80576,-34.92621],[-57.80578,-34.9257],[-57.80567,-34.92558],[-57.80514,-34.92502],[-57.80475,-34.92456],[-57.80453,-34.92437],[-57.80442,-34.92431],[-57.80123,-34.92326],[-57.80079,-34.92313],[-57.80066,-34.92312],[-57.80058,-34.92313],[-57.80047,-34.92314],[-57.80036,-34.92309],[-57.80027,-34.92302],[-57.8002,-34.92294],[-57.80009,-34.92281],[-57.79894,-34.9215],[-57.79868,-34.92119],[-57.79859,-34.92095],[-57.79863,-34.92073],[-57.79874,-34.91992],[-57.79882,-34.91931],[-57.79887,-34.91898],[-57.79887,-34.91888],[-57.79882,-34.91874],[-57.7987,-34.91852],[-57.79854,-34.91816],[-57.79844,-34.91798],[-57.79843,-34.91786],[-57.79844,-34.91772],[-57.79848,-34.91743],[-57.79866,-34.91621],[-57.7987,-34.91593],[-57.79874,-34.91578],[-57.79873,-34.91562],[-57.79866,-34.91541],[-57.79855,-34.91515],[-57.79797,-34.91391],[-57.79788,-34.91368],[-57.79779,-34.91358],[-57.79744,-34.91323],[-57.79619,-34.91193],[-57.79565,-34.91138],[-57.79507,-34.91086]]}},{"type":"Feature","properties":{"nombre":"Arroyo La Maza","descripcion":"Arroyo"},"geometry":{"type":"LineString","coordinates":[[-57.76169,-34.92094],[-57.76171,-34.92086],[-57.7618,-34.92076],[-57.76187,-34.92073],[-57.76195,-34.92071],[-57.76211,-34.92072],[-57.76221,-34.92072],[-57.76231,-34.92069],[-57.76248,-34.92061],[-57.7627,-34.92045],[-57.7628,-34.9204],[-57.76326,-34.9202],[-57.76339,-34.92013],[-57.76349,-34.92008],[-57.7636,-34.92004],[-57.76366,-34.92002],[-57.7638,-34.91999],[-57.76391,-34.91998],[-57.76447,-34.91993],[-57.76461,-34.91995],[-57.7647,-34.91995],[-57.76483,-34.91992],[-57.76494,-34.91988],[-57.76504,-34.91983],[-57.76511,-34.91979],[-57.76515,-34.91973],[-57.76518,-34.91966],[-57.76527,-34.91936],[-57.76529,-34.91927],[-57.7653,-34.91918],[-57.76524,-34.91871],[-57.76524,-34.91867],[-57.76524,-34.91863],[-57.76525,-34.91859],[-57.76527,-34.91856],[-57.76555,-34.91801],[-57.7659,-34.91745],[-57.76598,-34.91736],[-57.76611,-34.91727],[-57.76622,-34.91721],[-57.76629,-34.91717],[-57.76637,-34.91715],[-57.76646,-34.91716],[-57.76652,-34.91717],[-57.76658,-34.91719],[-57.76673,-34.91727],[-57.7668,-34.91728],[-57.76687,-34.91727],[-57.76732,-34.91701],[-57.76739,-34.91694],[-57.76741,-34.91687],[-57.7674,-34.91683],[-57.7674,-34.91679],[-57.76743,-34.91673],[-57.76746,-34.9167],[-57.7675,-34.91667],[-57.76755,-34.91666],[-57.76757,-34.91665],[-57.76763,-34.91642],[-57.76767,-34.91624],[-57.76772,-34.91571],[-57.76773,-34.91563],[-57.76788,-34.9152],[-57.76789,-34.91517],[-57.76789,-34.91515],[-57.7679,-34.91513],[-57.76791,-34.91512],[-57.76793,-34.9151],[-57.76795,-34.91509],[-57.76797,-34.91508],[-57.76824,-34.91485],[-57.7684,-34.91474],[-57.76862,-34.91464],[-57.76871,-34.91461],[-57.76882,-34.91458],[-57.76907,-34.91454],[-57.77024,-34.91397],[-57.77071,-34.91364],[-57.77236,-34.91114],[-57.77291,-34.91048],[-57.77331,-34.91049],[-57.77382,-34.91031],[-57.77453,-34.91008],[-57.77569,-34.91007],[-57.77637,-34.91007],[-57.77705,-34.91026],[-57.77756,-34.91022],[-57.77799,-34.91013],[-57.7784,-34.91003],[-57.77875,-34.90991],[-57.77897,-34.90965],[-57.77911,-34.90942],[-57.77925,-34.90914],[-57.77934,-34.90882],[-57.77931,-34.90851],[-57.77924,-34.90828],[-57.77882,-34.9078],[-57.77893,-34.90732],[-57.77812,-34.90545],[-57.77812,-34.90541],[-57.77814,-34.90538],[-57.77818,-34.90536],[-57.77825,-34.90537],[-57.77833,-34.90538],[-57.77839,-34.90539],[-57.77844,-34.9054],[-57.7785,-34.90538],[-57.77855,-34.90537],[-57.7786,-34.90535],[-57.77864,-34.90532],[-57.77876,-34.90525],[-57.77882,-34.9052],[-57.77889,-34.90516],[-57.77898,-34.90514],[-57.77903,-34.90513],[-57.7791,-34.90514],[-57.77924,-34.90516],[-57.7793,-34.90515],[-57.78106,-34.90468],[-57.78214,-34.90391],[-57.78313,-34.90218],[-57.78438,-34.90044],[-57.78462,-34.90007],[-57.78464,-34.90001],[-57.78464,-34.89994],[-57.78467,-34.89954],[-57.78469,-34.89949],[-57.78472,-34.89945],[-57.78477,-34.89941],[-57.78484,-34.89937],[-57.78493,-34.89935],[-57.785,-34.89935],[-57.78507,-34.89935],[-57.78515,-34.89937],[-57.78518,-34.89939],[-57.78524,-34.89941],[-57.78532,-34.8994],[-57.78539,-34.89938],[-57.78545,-34.89936],[-57.78551,-34.89932],[-57.78556,-34.89928],[-57.7856,-34.89921],[-57.78563,-34.89916],[-57.78579,-34.89877],[-57.78584,-34.89871],[-57.78591,-34.89869],[-57.78599,-34.89869],[-57.78621,-34.89869],[-57.78631,-34.89866],[-57.78638,-34.89864],[-57.78646,-34.89859],[-57.78653,-34.89853],[-57.78663,-34.89844],[-57.78674,-34.89835],[-57.78685,-34.8983],[-57.78779,-34.89796],[-57.78851,-34.8975],[-57.78934,-34.89721],[-57.78938,-34.8972],[-57.78941,-34.89718],[-57.78944,-34.89718],[-57.78946,-34.89719],[-57.78948,-34.8972],[-57.7895,-34.89721],[-57.78952,-34.89724],[-57.78956,-34.89727],[-57.78961,-34.89729],[-57.78966,-34.89732],[-57.79018,-34.89745],[-57.79024,-34.89745],[-57.79029,-34.89744],[-57.79034,-34.89742],[-57.79038,-34.89741],[-57.79041,-34.89738],[-57.79044,-34.89735],[-57.79046,-34.89729],[-57.79046,-34.89635],[-57.79046,-34.89631],[-57.79047,-34.89627],[-57.79051,-34.89623],[-57.79053,-34.89619],[-57.79053,-34.89615],[-57.79049,-34.89607],[-57.79047,-34.89601],[-57.79046,-34.89594],[-57.79046,-34.89588],[-57.79046,-34.89581],[-57.79047,-34.89573],[-57.79049,-34.89565],[-57.79051,-34.8956],[-57.79052,-34.89556],[-57.79055,-34.89553],[-57.79058,-34.89549],[-57.79062,-34.89545],[-57.79103,-34.89488],[-57.79108,-34.89483],[-57.79113,-34.89478],[-57.79122,-34.89476],[-57.79128,-34.89476],[-57.79134,-34.89476],[-57.7914,-34.89478],[-57.79147,-34.89481],[-57.79152,-34.89484],[-57.79156,-34.89487],[-57.79159,-34.89491],[-57.79183,-34.89523],[-57.79188,-34.8953],[-57.79192,-34.89537],[-57.79198,-34.89547],[-57.792,-34.89554],[-57.792,-34.89559],[-57.79202,-34.89566],[-57.79205,-34.89571],[-57.79208,-34.89574],[-57.79211,-34.89577],[-57.79217,-34.89579],[-57.79224,-34.89581],[-57.79228,-34.89581],[-57.79235,-34.89582],[-57.79245,-34.89581],[-57.79257,-34.8958],[-57.7927,-34.89578],[-57.79278,-34.89578],[-57.79286,-34.89578],[-57.79294,-34.89578],[-57.79299,-34.89579],[-57.79305,-34.89581],[-57.79311,-34.89584],[-57.79316,-34.89587],[-57.79318,-34.8959],[-57.79321,-34.89594],[-57.79322,-34.89597],[-57.79324,-34.89601],[-57.79325,-34.89604],[-57.79327,-34.89636],[-57.79332,-34.89645],[-57.79336,-34.89649],[-57.79341,-34.89652],[-57.79346,-34.89654],[-57.79351,-34.89656],[-57.79355,-34.89657],[-57.79361,-34.89657],[-57.79366,-34.89658],[-57.79372,-34.89658],[-57.79379,-34.89657],[-57.79384,-34.89657],[-57.79388,-34.89656],[-57.79394,-34.89655],[-57.794,-34.89653],[-57.79404,-34.89652],[-57.79408,-34.89651],[-57.79412,-34.89649],[-57.79433,-34.89636],[-57.79449,-34.89624],[-57.7945,-34.89622],[-57.79452,-34.89619],[-57.79462,-34.89609],[-57.79465,-34.89606],[-57.79468,-34.89605],[-57.79495,-34.89591],[-57.79501,-34.89588],[-57.79505,-34.89587],[-57.79508,-34.89586],[-57.7951,-34.89584],[-57.79511,-34.89582],[-57.79514,-34.89579],[-57.79516,-34.89577],[-57.79565,-34.89545],[-57.79569,-34.89543],[-57.79574,-34.89541],[-57.79578,-34.8954],[-57.79583,-34.89539],[-57.79686,-34.8953],[-57.79691,-34.89529],[-57.79694,-34.89527],[-57.79697,-34.89525],[-57.79717,-34.89508],[-57.7972,-34.89506],[-57.79725,-34.89504],[-57.79729,-34.89503],[-57.79735,-34.89502],[-57.79768,-34.895],[-57.79775,-34.895],[-57.7978,-34.895],[-57.79785,-34.895],[-57.79815,-34.89504],[-57.79822,-34.89503],[-57.79831,-34.89502],[-57.7984,-34.89499],[-57.79851,-34.89494],[-57.79969,-34.89417],[-57.80191,-34.89241],[-57.80197,-34.89237],[-57.802,-34.89232],[-57.80201,-34.89226],[-57.802,-34.8922],[-57.80182,-34.89162],[-57.80177,-34.8915],[-57.8016,-34.89115],[-57.80159,-34.89111],[-57.80159,-34.89107],[-57.8016,-34.89102],[-57.8016,-34.89097],[-57.80159,-34.89089],[-57.80156,-34.89082],[-57.80151,-34.89076],[-57.80146,-34.89072],[-57.80144,-34.89069],[-57.80129,-34.89035],[-57.80111,-34.88983],[-57.80108,-34.88973],[-57.80107,-34.88966],[-57.80108,-34.8896],[-57.8011,-34.88954],[-57.80136,-34.88894],[-57.80138,-34.88888],[-57.8014,-34.88881],[-57.80141,-34.88875],[-57.8014,-34.8887],[-57.80138,-34.88862],[-57.80136,-34.88855],[-57.80133,-34.88847],[-57.80116,-34.88809],[-57.80113,-34.88797],[-57.80111,-34.88788],[-57.80109,-34.88781],[-57.80107,-34.88766],[-57.80105,-34.88759],[-57.80103,-34.88751],[-57.80104,-34.88741],[-57.80105,-34.88737],[-57.80107,-34.88733],[-57.80113,-34.8873],[-57.80118,-34.88729],[-57.80125,-34.88727],[-57.80131,-34.88727],[-57.80135,-34.88726],[-57.8014,-34.88726],[-57.80145,-34.88727],[-57.80151,-34.88727],[-57.80155,-34.88727],[-57.8016,-34.88726],[-57.80164,-34.88725],[-57.80169,-34.88724],[-57.80175,-34.88721],[-57.8018,-34.88718],[-57.80186,-34.88717],[-57.80344,-34.88687],[-57.80348,-34.88685],[-57.80351,-34.88683],[-57.80355,-34.88682],[-57.8036,-34.88681],[-57.80366,-34.88681],[-57.8037,-34.88682],[-57.80376,-34.88683],[-57.80379,-34.88683],[-57.80383,-34.88682],[-57.8039,-34.88681],[-57.80396,-34.88682],[-57.80404,-34.88682],[-57.80411,-34.88681],[-57.80434,-34.88676],[-57.80447,-34.88672],[-57.80455,-34.88668],[-57.80463,-34.88665],[-57.80473,-34.8866],[-57.80482,-34.88655],[-57.80493,-34.88647],[-57.80502,-34.88639],[-57.80507,-34.88635],[-57.80511,-34.88631],[-57.80538,-34.88611],[-57.80576,-34.88566],[-57.8058,-34.88561],[-57.80582,-34.88556],[-57.80585,-34.8855],[-57.80586,-34.88542],[-57.80586,-34.88536],[-57.80584,-34.88529],[-57.80574,-34.88471],[-57.80572,-34.88463],[-57.80569,-34.88456],[-57.80566,-34.8845],[-57.80562,-34.88444],[-57.80509,-34.88327],[-57.80499,-34.8831],[-57.80379,-34.88145],[-57.80372,-34.88137],[-57.80367,-34.8813],[-57.8036,-34.88125],[-57.80356,-34.88121],[-57.80348,-34.88118],[-57.80352,-34.88104],[-57.80366,-34.88058],[-57.8036,-34.88006],[-57.80363,-34.87972],[-57.80373,-34.87954],[-57.80419,-34.87896],[-57.80497,-34.87811],[-57.80559,-34.8773],[-57.80632,-34.8764]]}},{"type":"Feature","properties":{"descripcion":"Canal"},"geometry":{"type":"LineString","coordinates":[[-57.90351,-34.96726],[-57.90357,-34.96718]]}},{"type":"Feature","properties":{"descripcion":"Arroyo"},"geometry":{"type":"LineString","coordinates":[[-58.11524,-35.09174],[-58.1216,-35.08691],[-58.12163,-35.08687],[-58.12164,-35.08675],[-58.12166,-35.0867],[-58.12167,-35.08668]]}},{"type":"Feature","properties":{"nombre":"Arroyo Baldovino","descripcion":"Arroyo"},"geometry":{"type":"LineString","coordinates":[[-58.18421,-34.8562],[-58.18419,-34.85618],[-58.18412,-34.85616]]}},{"type":"Feature","properties":{"nombre":"Arroyo Baldovino","descripcion":"Arroyo"},"geometry":{"type":"LineString","coordinates":[[-58.16005,-34.82422],[-58.16,-34.82424],[-58.15989,-34.82424],[-58.15974,-34.82421],[-58.15948,-34.82417],[-58.15916,-34.82404],[-58.15895,-34.82393],[-58.1586,-34.82362],[-58.15852,-34.82349],[-58.15834,-34.82333],[-58.15814,-34.82328],[-58.15774,-34.82308],[-58.15722,-34.82296],[-58.15703,-34.82289],[-58.15695,-34.82289],[-58.15689,-34.82293],[-58.15685,-34.82296],[-58.15669,-34.82316],[-58.15654,-34.82327],[-58.15638,-34.82332],[-58.15612,-34.82333],[-58.1558,-34.82334],[-58.15548,-34.82334],[-58.1553,-34.82324],[-58.15512,-34.82307],[-58.15499,-34.82256],[-58.15498,-34.82237],[-58.15489,-34.82214],[-58.15478,-34.82197],[-58.15464,-34.8218],[-58.15449,-34.82158],[-58.1544,-34.82143],[-58.15412,-34.8212],[-58.154,-34.82115],[-58.15381,-34.82111],[-58.15361,-34.82116],[-58.1532,-34.82128],[-58.153,-34.8213],[-58.15281,-34.82121],[-58.15258,-34.82121],[-58.15221,-34.82111],[-58.15185,-34.82095],[-58.15148,-34.82074],[-58.15088,-34.82051],[-58.15041,-34.82035],[-58.15011,-34.82024],[-58.14972,-34.82015],[-58.14897,-34.81999],[-58.14877,-34.81998],[-58.14858,-34.81986],[-58.14842,-34.81961],[-58.14825,-34.81951],[-58.14772,-34.81941],[-58.14742,-34.81943],[-58.14724,-34.8193],[-58.147,-34.81895],[-58.14671,-34.81886],[-58.14596,-34.81877],[-58.14552,-34.81865],[-58.14516,-34.81829],[-58.14516,-34.818],[-58.14514,-34.81785],[-58.14499,-34.81772],[-58.14479,-34.8175],[-58.14446,-34.81734],[-58.14401,-34.8171],[-58.14389,-34.81707],[-58.14383,-34.81709],[-58.14382,-34.81711]]}},{"type":"Feature","properties":{"nombre":"Arroyo Baldovino","descripcion":"Arroyo"},"geometry":{"type":"LineString","coordinates":[[-58.14361,-34.8173],[-58.14342,-34.81725],[-58.14285,-34.81687],[-58.14219,-34.81631],[-58.14188,-34.81606],[-58.14156,-34.81587],[-58.14124,-34.81559],[-58.14094,-34.81536],[-58.14072,-34.81512],[-58.14061,-34.81495],[-58.14042,-34.81477],[-58.14024,-34.81469],[-58.14,-34.81468],[-58.13984,-34.81466],[-58.13966,-34.81453],[-58.13949,-34.81433],[-58.13939,-34.81429],[-58.13925,-34.81425],[-58.13905,-34.81416],[-58.13879,-34.81393],[-58.13849,-34.81375],[-58.13814,-34.81369],[-58.13783,-34.81364],[-58.13761,-34.81349],[-58.13752,-34.81335],[-58.13754,-34.81318],[-58.13751,-34.813],[-58.13733,-34.8128],[-58.13722,-34.81261],[-58.13671,-34.81203],[-58.13649,-34.8119],[-58.13624,-34.81179],[-58.13597,-34.81162],[-58.13573,-34.81141],[-58.13536,-34.81117],[-58.13507,-34.81106],[-58.13481,-34.81105],[-58.13452,-34.81103],[-58.13438,-34.81093],[-58.13434,-34.81074],[-58.13424,-34.81069],[-58.13402,-34.81056],[-58.13382,-34.81054],[-58.13366,-34.81056],[-58.13351,-34.81067],[-58.13341,-34.81069],[-58.13327,-34.81061],[-58.13291,-34.81045],[-58.13244,-34.81041],[-58.13214,-34.81039],[-58.13168,-34.81044],[-58.13138,-34.81054],[-58.13119,-34.81056],[-58.13098,-34.8105],[-58.1308,-34.81033],[-58.13057,-34.81013],[-58.13035,-34.80998],[-58.1301,-34.80972],[-58.12997,-34.80943],[-58.12992,-34.80922],[-58.13016,-34.80902],[-58.1303,-34.80884],[-58.13029,-34.80869],[-58.13001,-34.80839],[-58.1295,-34.80778],[-58.12923,-34.80731],[-58.12879,-34.80664],[-58.12817,-34.80565],[-58.1279,-34.80522],[-58.12753,-34.80468],[-58.12716,-34.80431],[-58.12621,-34.80344],[-58.12521,-34.80253],[-58.12488,-34.80226],[-58.12474,-34.80213]]}},{"type":"Feature","properties":{"descripcion":"Arroyo"},"geometry":{"type":"LineString","coordinates":[[-58.1792,-34.89233],[-58.17898,-34.89201]]}},{"type":"Feature","properties":{"descripcion":"Canal"},"geometry":{"type":"LineString","coordinates":[[-58.16259,-34.86602],[-58.16329,-34.86635],[-58.16365,-34.86646],[-58.16915,-34.86757],[-58.16932,-34.86767],[-58.16945,-34.86775],[-58.16958,-34.86776],[-58.16988,-34.86771],[-58.1703,-34.86773],[-58.17138,-34.86783],[-58.17251,-34.86803],[-58.17322,-34.86823]]}},{"type":"Feature","properties":{"nombre":"Arroyo Pereyra","descripcion":"Arroyo"},"geometry":{"type":"LineString","coordinates":[[-58.12763,-34.84796],[-58.12736,-34.8479],[-58.12711,-34.84783],[-58.12682,-34.84767],[-58.12647,-34.84723]]}},{"type":"Feature","properties":{"nombre":"Arroyo Pereyra","descripcion":"Arroyo"},"geometry":{"type":"LineString","coordinates":[[-58.1586,-34.89027],[-58.15854,-34.89016],[-58.15844,-34.89008],[-58.15825,-34.88978],[-58.15804,-34.88954],[-58.15776,-34.88937],[-58.15763,-34.88911],[-58.15755,-34.88893],[-58.15742,-34.88865],[-58.1573,-34.88849],[-58.15719,-34.88838],[-58.15701,-34.8883],[-58.15672,-34.88824],[-58.15642,-34.88804],[-58.15627,-34.88783],[-58.1561,-34.8876],[-58.15602,-34.88749],[-58.15588,-34.88731],[-58.15582,-34.88719],[-58.15559,-34.88703],[-58.15549,-34.88687],[-58.1552,-34.8865],[-58.15473,-34.88568],[-58.15435,-34.88521],[-58.15427,-34.88508],[-58.15415,-34.88495],[-58.15404,-34.88478],[-58.15389,-34.88458],[-58.15383,-34.88446],[-58.15374,-34.88424],[-58.15378,-34.88412],[-58.15391,-34.88398],[-58.15401,-34.88386],[-58.15415,-34.88371],[-58.1543,-34.88334],[-58.15437,-34.88311],[-58.15449,-34.88287],[-58.15459,-34.88245],[-58.15459,-34.88232],[-58.15457,-34.88207],[-58.15451,-34.88183],[-58.15444,-34.8817],[-58.15423,-34.88156],[-58.15398,-34.88142],[-58.15393,-34.88128],[-58.15383,-34.88106],[-58.15366,-34.88094],[-58.15347,-34.88085],[-58.1533,-34.88078],[-58.15323,-34.88063],[-58.15324,-34.88048],[-58.1532,-34.88027],[-58.15316,-34.8802],[-58.15298,-34.88018],[-58.15281,-34.88004],[-58.15267,-34.87994],[-58.1525,-34.87983],[-58.15242,-34.8797],[-58.15237,-34.87952],[-58.15239,-34.87945],[-58.15239,-34.87931],[-58.15248,-34.8792],[-58.15239,-34.87911],[-58.15227,-34.87894],[-58.15227,-34.87882],[-58.1523,-34.87875],[-58.15236,-34.87863],[-58.15227,-34.87852],[-58.15217,-34.87848],[-58.15201,-34.87844],[-58.15183,-34.87832],[-58.15167,-34.87824],[-58.15137,-34.87812],[-58.15107,-34.87801],[-58.15069,-34.8779],[-58.15048,-34.87778],[-58.15034,-34.87756],[-58.15034,-34.87739],[-58.15047,-34.87715],[-58.15054,-34.87692],[-58.15059,-34.87663],[-58.15059,-34.87644],[-58.15057,-34.87624],[-58.15049,-34.87613],[-58.15024,-34.87603],[-58.15005,-34.87607],[-58.14976,-34.87615],[-58.14952,-34.87618],[-58.14937,-34.87605],[-58.1493,-34.87586],[-58.14929,-34.87571],[-58.14927,-34.87552],[-58.14927,-34.87539],[-58.14926,-34.87525],[-58.14907,-34.87517],[-58.14891,-34.87512],[-58.14875,-34.87506],[-58.14856,-34.87493],[-58.14849,-34.87473],[-58.14827,-34.87446],[-58.14836,-34.87432],[-58.14843,-34.8742],[-58.14854,-34.87408],[-58.14866,-34.87389],[-58.14873,-34.87362],[-58.14867,-34.87351],[-58.14849,-34.87337],[-58.14841,-34.87325],[-58.14834,-34.87309],[-58.14826,-34.87289],[-58.14813,-34.87255],[-58.14813,-34.87236],[-58.14815,-34.87226],[-58.14813,-34.87205],[-58.14812,-34.87195],[-58.14798,-34.8713],[-58.14801,-34.87108],[-58.14807,-34.87091],[-58.14786,-34.87071],[-58.14777,-34.87044],[-58.14775,-34.87028],[-58.14758,-34.87005],[-58.14744,-34.86991],[-58.14725,-34.86971],[-58.14715,-34.86951],[-58.14707,-34.86924],[-58.1469,-34.86899],[-58.14678,-34.86888],[-58.14633,-34.86885],[-58.14611,-34.86874],[-58.14584,-34.86858],[-58.14549,-34.8684],[-58.14529,-34.86814],[-58.14529,-34.86801],[-58.14525,-34.86789],[-58.14508,-34.86775],[-58.14498,-34.86769],[-58.14492,-34.86743],[-58.14491,-34.86716],[-58.14494,-34.86695],[-58.14494,-34.86681],[-58.14485,-34.86668],[-58.14462,-34.86638],[-58.14448,-34.86616],[-58.14438,-34.86585],[-58.14427,-34.86564],[-58.14407,-34.86552],[-58.14362,-34.86542],[-58.14324,-34.86533],[-58.14285,-34.86506],[-58.14273,-34.86496],[-58.14262,-34.86484],[-58.14245,-34.86465],[-58.14229,-34.86449],[-58.14224,-34.86438],[-58.14228,-34.86411],[-58.1423,-34.86402],[-58.14242,-34.86388],[-58.14256,-34.8637],[-58.14247,-34.86344],[-58.14233,-34.86326],[-58.14201,-34.86309],[-58.14164,-34.86295],[-58.14131,-34.86277],[-58.14113,-34.8627],[-58.14104,-34.86258],[-58.14063,-34.86209],[-58.14072,-34.86183],[-58.14067,-34.8616],[-58.14065,-34.86136],[-58.14061,-34.861],[-58.14058,-34.86087],[-58.14029,-34.86065],[-58.14013,-34.86042],[-58.14004,-34.8602],[-58.13977,-34.86008],[-58.13953,-34.8599],[-58.13953,-34.85976],[-58.1397,-34.85954],[-58.13978,-34.85921],[-58.13976,-34.85898],[-58.13974,-34.8588],[-58.1395,-34.85865],[-58.13926,-34.85848],[-58.13916,-34.85823],[-58.13907,-34.85806],[-58.13899,-34.85788],[-58.13888,-34.85767],[-58.13879,-34.85752],[-58.13856,-34.85729],[-58.13841,-34.85719],[-58.13827,-34.85702],[-58.13815,-34.85674],[-58.13795,-34.85666],[-58.13784,-34.85662],[-58.13772,-34.8565],[-58.13757,-34.85629],[-58.13738,-34.85605],[-58.13728,-34.85592],[-58.13715,-34.85571],[-58.13713,-34.85553],[-58.1371,-34.8553],[-58.137,-34.85513],[-58.13681,-34.85502],[-58.13642,-34.85489],[-58.1362,-34.85479],[-58.13605,-34.85465],[-58.13609,-34.8545],[-58.1359,-34.85445],[-58.13569,-34.85438],[-58.13547,-34.85423],[-58.13529,-34.85411],[-58.13492,-34.85384],[-58.13474,-34.85374],[-58.1344,-34.85333],[-58.1342,-34.85311],[-58.13411,-34.85299],[-58.13398,-34.85288],[-58.13371,-34.85272],[-58.1335,-34.85252],[-58.13341,-34.8523],[-58.13312,-34.85203],[-58.13276,-34.85185],[-58.13245,-34.85166],[-58.13217,-34.85151],[-58.13192,-34.85138],[-58.13163,-34.8512],[-58.13143,-34.85099],[-58.13136,-34.85074],[-58.13127,-34.85059],[-58.13115,-34.85037],[-58.13102,-34.8502],[-58.13086,-34.85006],[-58.13055,-34.84997],[-58.13028,-34.84997],[-58.13012,-34.84992],[-58.12984,-34.84982],[-58.1295,-34.84961],[-58.12925,-34.84942],[-58.12899,-34.84927],[-58.12883,-34.84917],[-58.12859,-34.84903],[-58.12834,-34.84887],[-58.1282,-34.84875],[-58.12797,-34.84847],[-58.12763,-34.84796],[-58.12755,-34.84783],[-58.1272,-34.84755],[-58.12692,-34.84743],[-58.12672,-34.84737],[-58.12647,-34.84723],[-58.12618,-34.8471],[-58.12595,-34.84696],[-58.12571,-34.84704],[-58.12538,-34.8471],[-58.12529,-34.84711]]}},{"type":"Feature","properties":{"descripcion":"Arroyo"},"geometry":{"type":"LineString","coordinates":[[-57.77847,-34.96647],[-57.77814,-34.96661],[-57.77769,-34.96672],[-57.77746,-34.96669],[-57.77738,-34.96675],[-57.7774,-34.96695],[-57.77738,-34.96707],[-57.77733,-34.96708],[-57.77711,-34.96659],[-57.77701,-34.96635],[-57.7764,-34.96538],[-57.77601,-34.96508],[-57.77514,-34.96493],[-57.77484,-34.96501],[-57.77457,-34.96544],[-57.7743,-34.96557],[-57.77258,-34.96621],[-57.77186,-34.96622],[-57.77135,-34.96696],[-57.77123,-34.96725],[-57.7708,-34.96773],[-57.77072,-34.9678],[-57.77044,-34.96782],[-57.77025,-34.96782],[-57.77011,-34.96788],[-57.76966,-34.96801],[-57.76941,-34.96799],[-57.76924,-34.96795],[-57.76827,-34.96737],[-57.76805,-34.96731],[-57.76774,-34.96742],[-57.76716,-34.9682],[-57.76721,-34.9705],[-57.76776,-34.97113],[-57.76745,-34.9716],[-57.76761,-34.97174],[-57.76695,-34.973],[-57.76649,-34.97303],[-57.76594,-34.97337],[-57.76492,-34.97315]]}},{"type":"Feature","properties":{"descripcion":"Arroyo"},"geometry":{"type":"LineString","coordinates":[[-57.89655,-34.93662],[-57.89655,-34.93674],[-57.89661,-34.93683],[-57.89679,-34.93693],[-57.8969,-34.93702],[-57.89712,-34.93716],[-57.89723,-34.9372],[-57.8974,-34.93732]]}},{"type":"Feature","properties":{"nombre":"Canal de Conclusión","descripcion":"Canal"},"geometry":{"type":"LineString","coordinates":[[-57.92971,-34.8955],[-57.92946,-34.89569],[-57.92545,-34.89871],[-57.92313,-34.90045],[-57.92265,-34.90066]]}},{"type":"Feature","properties":{"descripcion":"Arroyo"},"geometry":{"type":"LineString","coordinates":[[-57.90013,-34.87388],[-57.89902,-34.87173],[-57.88863,-34.8516],[-57.88822,-34.8508],[-57.88784,-34.85006],[-57.87771,-34.83083]]}},{"type":"Feature","properties":{"descripcion":"Desagüe o zanja"},"geometry":{"type":"LineString","coordinates":[[-57.92894,-34.86416],[-57.93232,-34.86158],[-57.93558,-34.85907],[-57.93328,-34.85692]]}},{"type":"Feature","properties":{"descripcion":"Desagüe o zanja"},"geometry":{"type":"LineString","coordinates":[[-57.92635,-34.86992],[-57.92594,-34.86964]]}},{"type":"Feature","properties":{"nombre":"Arroyo La Fama","descripcion":"Canal"},"geometry":{"type":"LineString","coordinates":[[-57.91049,-34.84889],[-57.91046,-34.8484],[-57.91021,-34.84756],[-57.91024,-34.8466],[-57.91022,-34.84623],[-57.91016,-34.84425]]}},{"type":"Feature","properties":{"descripcion":"Desagüe o zanja"},"geometry":{"type":"LineString","coordinates":[[-57.92565,-34.86993],[-57.9231,-34.86816],[-57.92276,-34.86846],[-57.92112,-34.86738],[-57.91878,-34.86896]]}},{"type":"Feature","properties":{"descripcion":"Arroyo"},"geometry":{"type":"LineString","coordinates":[[-57.91379,-34.9417],[-57.91358,-34.9415]]}},{"type":"Feature","properties":{"descripcion":"Desagüe o zanja"},"geometry":{"type":"LineString","coordinates":[[-57.9216,-34.8666],[-57.92007,-34.86551]]}},{"type":"Feature","properties":{"descripcion":"Canal"},"geometry":{"type":"LineString","coordinates":[[-57.91346,-34.89262],[-57.90221,-34.88233],[-57.90123,-34.88138],[-57.90015,-34.88049],[-57.89929,-34.87961],[-57.89807,-34.87821],[-57.89614,-34.8757],[-57.89609,-34.87569],[-57.89606,-34.87568]]}},{"type":"Feature","properties":{"descripcion":"Arroyo"},"geometry":{"type":"LineString","coordinates":[[-57.91925,-34.94246],[-57.91909,-34.94237],[-57.91882,-34.94231],[-57.91865,-34.94221],[-57.91821,-34.94221],[-57.91805,-34.94239],[-57.91761,-34.94241],[-57.91736,-34.94222],[-57.91642,-34.942],[-57.91535,-34.94201],[-57.91519,-34.94197],[-57.91498,-34.94183],[-57.91379,-34.9417]]}},{"type":"Feature","properties":{"descripcion":"Canal"},"geometry":{"type":"LineString","coordinates":[[-57.89155,-34.84938],[-57.89106,-34.84843],[-57.88629,-34.83915],[-57.88296,-34.83298]]}},{"type":"Feature","properties":{"descripcion":"Desagüe o zanja"},"geometry":{"type":"LineString","coordinates":[[-57.9457,-34.88316],[-57.94554,-34.88307]]}},{"type":"Feature","properties":{"nombre":"Arroyo Rodríguez","descripcion":"Arroyo"},"geometry":{"type":"LineString","coordinates":[[-58.06198,-34.90608],[-58.06201,-34.90596],[-58.06209,-34.90587],[-58.06226,-34.90581],[-58.06267,-34.90577],[-58.06286,-34.9057],[-58.06298,-34.90558],[-58.06309,-34.9054],[-58.06312,-34.90523],[-58.06309,-34.90492],[-58.06312,-34.90464],[-58.06313,-34.90444],[-58.06309,-34.90422],[-58.06317,-34.90402],[-58.06319,-34.9039]]}},{"type":"Feature","properties":{"descripcion":"Desagüe o zanja"},"geometry":{"type":"LineString","coordinates":[[-57.92885,-34.86422],[-57.92894,-34.86416]]}},{"type":"Feature","properties":{"descripcion":"Desagüe o zanja"},"geometry":{"type":"LineString","coordinates":[[-57.95648,-34.88049],[-57.95649,-34.88023]]}},{"type":"Feature","properties":{"descripcion":"Desagüe o zanja"},"geometry":{"type":"LineString","coordinates":[[-57.95639,-34.88183],[-57.95642,-34.88123]]}},{"type":"Feature","properties":{"descripcion":"Desagüe o zanja"},"geometry":{"type":"LineString","coordinates":[[-58.18818,-34.86903],[-58.18811,-34.86908]]}},{"type":"Feature","properties":{"descripcion":"Desagüe o zanja"},"geometry":{"type":"LineString","coordinates":[[-58.18811,-34.86908],[-58.18574,-34.87092],[-58.18568,-34.87094],[-58.1856,-34.87092],[-58.18554,-34.87088],[-58.18549,-34.87083],[-58.18546,-34.87081],[-58.1854,-34.8708],[-58.18533,-34.8708],[-58.18492,-34.87044]]}},{"type":"Feature","properties":{"descripcion":"Desagüe o zanja"},"geometry":{"type":"LineString","coordinates":[[-58.18756,-34.86075],[-58.18705,-34.86061]]}},{"type":"Feature","properties":{"descripcion":"Desagüe o zanja"},"geometry":{"type":"LineString","coordinates":[[-58.18501,-34.85403],[-58.18456,-34.85523],[-58.18445,-34.85555]]}},{"type":"Feature","properties":{"descripcion":"Arroyo"},"geometry":{"type":"LineString","coordinates":[[-58.18467,-34.85726],[-58.18466,-34.85718]]}},{"type":"Feature","properties":{"descripcion":"Arroyo"},"geometry":{"type":"LineString","coordinates":[[-58.18466,-34.85718],[-58.1846,-34.85704],[-58.18454,-34.85691],[-58.18421,-34.8562]]}},{"type":"Feature","properties":{"descripcion":"Arroyo"},"geometry":{"type":"LineString","coordinates":[[-58.18513,-34.85891],[-58.18505,-34.85883],[-58.18502,-34.85879],[-58.185,-34.85875],[-58.18491,-34.85825],[-58.18481,-34.85775],[-58.18467,-34.85726]]}},{"type":"Feature","properties":{"descripcion":"Arroyo"},"geometry":{"type":"LineString","coordinates":[[-58.18518,-34.85895],[-58.18513,-34.85891]]}},{"type":"Feature","properties":{"nombre":"Arroyo Baldovino","descripcion":"Arroyo"},"geometry":{"type":"LineString","coordinates":[[-58.18412,-34.85616],[-58.18396,-34.85611],[-58.18367,-34.85595],[-58.18384,-34.85553]]}},{"type":"Feature","properties":{"nombre":"Arroyo Baldovino","descripcion":"Arroyo"},"geometry":{"type":"LineString","coordinates":[[-58.18384,-34.85553],[-58.18431,-34.85438]]}},{"type":"Feature","properties":{"nombre":"Arroyo Baldovino","descripcion":"Arroyo"},"geometry":{"type":"LineString","coordinates":[[-58.18431,-34.85438],[-58.18435,-34.85427],[-58.18406,-34.85418]]}},{"type":"Feature","properties":{"nombre":"Arroyo Baldovinos","descripcion":"Arroyo"},"geometry":{"type":"LineString","coordinates":[[-58.18406,-34.85418],[-58.18399,-34.85417],[-58.18386,-34.85411],[-58.18383,-34.85406],[-58.18365,-34.85324],[-58.18359,-34.85273],[-58.18346,-34.85241],[-58.18293,-34.85097],[-58.18292,-34.85083]]}},{"type":"Feature","properties":{"descripcion":"Desagüe o zanja"},"geometry":{"type":"LineString","coordinates":[[-57.91625,-34.87417],[-57.9161,-34.87404]]}},{"type":"Feature","properties":{"descripcion":"Canal"},"geometry":{"type":"LineString","coordinates":[[-57.9057,-34.8874],[-57.90153,-34.8836],[-57.90041,-34.88304],[-57.8987,-34.88109],[-57.8829,-34.8619]]}},{"type":"Feature","properties":{"descripcion":"Arroyo"},"geometry":{"type":"LineString","coordinates":[[-57.9947,-34.96535],[-57.9947,-34.96525],[-57.99466,-34.96512],[-57.9946,-34.965],[-57.99418,-34.96459],[-57.99375,-34.96409],[-57.99313,-34.96233]]}},{"type":"Feature","properties":{"descripcion":"Canal"},"geometry":{"type":"LineString","coordinates":[[-57.91693,-34.89582],[-57.91499,-34.89407],[-57.91431,-34.89346],[-57.91366,-34.89279]]}},{"type":"Feature","properties":{"descripcion":"Desagüe o zanja"},"geometry":{"type":"LineString","coordinates":[[-57.94621,-34.88345],[-57.9457,-34.88316]]}},{"type":"Feature","properties":{"descripcion":"Canal"},"geometry":{"type":"LineString","coordinates":[[-58.00147,-34.94842],[-58.00121,-34.94798],[-58.00131,-34.94774],[-58.00129,-34.94723],[-58.00108,-34.9469]]}},{"type":"Feature","properties":{"nombre":"Arroyo Maldonado","descripcion":"Río"},"geometry":{"type":"LineString","coordinates":[[-57.89398,-34.92585],[-57.89399,-34.92561]]}},{"type":"Feature","properties":{"descripcion":"Arroyo"},"geometry":{"type":"LineString","coordinates":[[-57.89399,-34.92561],[-57.894,-34.92552],[-57.89423,-34.92508],[-57.89456,-34.92483],[-57.89463,-34.92425],[-57.89487,-34.92376],[-57.89481,-34.92345],[-57.89405,-34.92294],[-57.89381,-34.92292],[-57.89322,-34.92307],[-57.89284,-34.92293],[-57.89237,-34.92249],[-57.89232,-34.92231],[-57.89243,-34.92194],[-57.89226,-34.9216],[-57.8919,-34.92138],[-57.89157,-34.92139]]}},{"type":"Feature","properties":{"descripcion":"Desagüe o zanja"},"geometry":{"type":"LineString","coordinates":[[-57.95633,-34.88278],[-57.95633,-34.88258]]}},{"type":"Feature","properties":{"descripcion":"Arroyo"},"geometry":{"type":"LineString","coordinates":[[-58.17272,-34.88479],[-58.17246,-34.88458],[-58.1723,-34.88439],[-58.17222,-34.88423],[-58.17201,-34.88404],[-58.17173,-34.88384],[-58.17161,-34.88376],[-58.17155,-34.88369],[-58.17155,-34.88358],[-58.17158,-34.88338],[-58.17165,-34.88301],[-58.17154,-34.88259],[-58.17155,-34.88212],[-58.1715,-34.88201],[-58.17123,-34.88182],[-58.17117,-34.8817],[-58.17117,-34.88151],[-58.17108,-34.88129],[-58.17093,-34.88116],[-58.17066,-34.88107],[-58.1703,-34.88099]]}},{"type":"Feature","properties":{"descripcion":"Arroyo"},"geometry":{"type":"LineString","coordinates":[[-58.17287,-34.8849],[-58.17272,-34.88479]]}},{"type":"Feature","properties":{"descripcion":"Arroyo"},"geometry":{"type":"LineString","coordinates":[[-58.17308,-34.88499],[-58.17287,-34.8849]]}},{"type":"Feature","properties":{"descripcion":"Arroyo"},"geometry":{"type":"LineString","coordinates":[[-58.17339,-34.88516],[-58.17308,-34.88499]]}},{"type":"Feature","properties":{"descripcion":"Arroyo"},"geometry":{"type":"LineString","coordinates":[[-58.17362,-34.8853],[-58.17339,-34.88516]]}},{"type":"Feature","properties":{"descripcion":"Arroyo"},"geometry":{"type":"LineString","coordinates":[[-58.17379,-34.8854],[-58.17362,-34.8853]]}},{"type":"Feature","properties":{"descripcion":"Desagüe o zanja"},"geometry":{"type":"LineString","coordinates":[[-58.15401,-34.78229],[-58.15386,-34.78211]]}},{"type":"Feature","properties":{"descripcion":"Desagüe o zanja"},"geometry":{"type":"LineString","coordinates":[[-58.15258,-34.78088],[-58.15243,-34.78076]]}},{"type":"Feature","properties":{"descripcion":"Desagüe o zanja"},"geometry":{"type":"LineString","coordinates":[[-58.15243,-34.78076],[-58.15237,-34.78069]]}},{"type":"Feature","properties":{"descripcion":"Desagüe o zanja"},"geometry":{"type":"LineString","coordinates":[[-58.15237,-34.78069],[-58.1522,-34.78055]]}},{"type":"Feature","properties":{"descripcion":"Desagüe o zanja"},"geometry":{"type":"LineString","coordinates":[[-58.14791,-34.77666],[-58.12874,-34.75882],[-58.1287,-34.75873],[-58.12868,-34.75854],[-58.12861,-34.75838],[-58.12845,-34.75821],[-58.11988,-34.75024]]}},{"type":"Feature","properties":{"descripcion":"Desagüe o zanja"},"geometry":{"type":"LineString","coordinates":[[-58.15324,-34.7815],[-58.15258,-34.78088]]}},{"type":"Feature","properties":{"descripcion":"Desagüe o zanja"},"geometry":{"type":"LineString","coordinates":[[-58.15359,-34.78183],[-58.15324,-34.7815]]}},{"type":"Feature","properties":{"descripcion":"Desagüe o zanja"},"geometry":{"type":"LineString","coordinates":[[-58.15374,-34.78198],[-58.15359,-34.78183]]}},{"type":"Feature","properties":{"descripcion":"Desagüe o zanja"},"geometry":{"type":"LineString","coordinates":[[-58.15386,-34.78211],[-58.15374,-34.78198]]}},{"type":"Feature","properties":{"descripcion":"Desagüe o zanja"},"geometry":{"type":"LineString","coordinates":[[-58.15318,-34.78585],[-58.1531,-34.7857],[-58.15302,-34.78563],[-58.15295,-34.78555],[-58.15292,-34.78548],[-58.15292,-34.7854],[-58.1529,-34.78527],[-58.15284,-34.78513],[-58.15275,-34.78496],[-58.1526,-34.78483],[-58.15244,-34.78469],[-58.15209,-34.78444],[-58.15182,-34.78424],[-58.1517,-34.78414],[-58.1516,-34.78408],[-58.15154,-34.78401],[-58.15147,-34.78391],[-58.15141,-34.78382],[-58.15136,-34.78377],[-58.15126,-34.78369],[-58.15116,-34.78364],[-58.15107,-34.78361]]}},{"type":"Feature","properties":{"descripcion":"Desagüe o zanja"},"geometry":{"type":"LineString","coordinates":[[-58.15096,-34.78228],[-58.14949,-34.78091],[-58.14943,-34.78089],[-58.1494,-34.78088]]}},{"type":"Feature","properties":{"descripcion":"Desagüe o zanja"},"geometry":{"type":"LineString","coordinates":[[-58.15106,-34.78238],[-58.15096,-34.78228]]}},{"type":"Feature","properties":{"descripcion":"Desagüe o zanja"},"geometry":{"type":"LineString","coordinates":[[-58.15078,-34.78332],[-58.15073,-34.78326],[-58.15074,-34.78322],[-58.15077,-34.78316],[-58.15088,-34.78304],[-58.15095,-34.78294],[-58.151,-34.78284],[-58.15102,-34.7827],[-58.15102,-34.7826],[-58.15107,-34.78253],[-58.15111,-34.78249],[-58.15112,-34.78245],[-58.15106,-34.78238]]}},{"type":"Feature","properties":{"descripcion":"Desagüe o zanja"},"geometry":{"type":"LineString","coordinates":[[-58.15107,-34.78361],[-58.15078,-34.78332]]}},{"type":"Feature","properties":{"descripcion":"Arroyo"},"geometry":{"type":"LineString","coordinates":[[-58.04016,-34.98763],[-58.04025,-34.98745],[-58.04039,-34.98645],[-58.03943,-34.98554],[-58.03949,-34.98503]]}},{"type":"Feature","properties":{"descripcion":"Arroyo"},"geometry":{"type":"LineString","coordinates":[[-58.03953,-34.98479],[-58.03967,-34.9837],[-58.03948,-34.98267],[-58.03879,-34.98182],[-58.03841,-34.98076]]}},{"type":"Feature","properties":{"descripcion":"Arroyo"},"geometry":{"type":"LineString","coordinates":[[-58.03833,-34.98054],[-58.03824,-34.98037],[-58.03809,-34.97987],[-58.0381,-34.97889],[-58.03803,-34.9788],[-58.03781,-34.97868],[-58.03772,-34.97859],[-58.03772,-34.97851],[-58.03789,-34.97776],[-58.03789,-34.97765],[-58.03779,-34.97751],[-58.03784,-34.97743],[-58.03807,-34.97729],[-58.03818,-34.97701],[-58.03822,-34.97662],[-58.03825,-34.97637],[-58.0383,-34.97596],[-58.03839,-34.97525],[-58.03841,-34.97517],[-58.03848,-34.97508],[-58.0385,-34.975],[-58.03867,-34.97456],[-58.03867,-34.97423],[-58.03881,-34.97371],[-58.03879,-34.97336],[-58.03872,-34.97299],[-58.03864,-34.97265],[-58.03863,-34.97256],[-58.03864,-34.97229],[-58.03866,-34.97188],[-58.03867,-34.97177],[-58.03868,-34.9715],[-58.03872,-34.97081],[-58.03871,-34.97066],[-58.0387,-34.97059],[-58.03866,-34.97051],[-58.0386,-34.97038],[-58.03808,-34.96924],[-58.03799,-34.96905]]}},{"type":"Feature","properties":{"descripcion":"Arroyo"},"geometry":{"type":"LineString","coordinates":[[-58.03841,-34.98076],[-58.03833,-34.98054]]}},{"type":"Feature","properties":{"descripcion":"Arroyo"},"geometry":{"type":"LineString","coordinates":[[-58.03949,-34.98503],[-58.03953,-34.98479]]}},{"type":"Feature","properties":{"nombre":"Arroyo El Gato","descripcion":"Arroyo"},"geometry":{"type":"LineString","coordinates":[[-58.03662,-34.9634],[-58.03644,-34.96317],[-58.03598,-34.96257],[-58.03583,-34.96228],[-58.03576,-34.96214],[-58.03569,-34.96205],[-58.03546,-34.96193],[-58.03484,-34.96153],[-58.03469,-34.96139],[-58.03468,-34.96126],[-58.03476,-34.96085],[-58.03474,-34.96078],[-58.03466,-34.96069],[-58.03444,-34.96063],[-58.03407,-34.96048],[-58.03396,-34.9604],[-58.0337,-34.95985],[-58.03368,-34.95973],[-58.03408,-34.95897],[-58.03413,-34.95885],[-58.03411,-34.95878],[-58.03401,-34.95871],[-58.03381,-34.95846],[-58.03355,-34.95814],[-58.03353,-34.95803],[-58.03355,-34.95732],[-58.03352,-34.95723],[-58.03341,-34.95703],[-58.03311,-34.95573],[-58.03302,-34.95559],[-58.03302,-34.9554],[-58.03293,-34.95507],[-58.03286,-34.95493],[-58.031,-34.95327],[-58.02914,-34.95163],[-58.02903,-34.9515],[-58.02903,-34.95139],[-58.0291,-34.9512],[-58.02906,-34.95109],[-58.02893,-34.95099],[-58.02874,-34.95087],[-58.02868,-34.95078],[-58.02863,-34.95069],[-58.02858,-34.95052],[-58.02868,-34.95027],[-58.02897,-34.94952],[-58.02901,-34.94892],[-58.02892,-34.94854],[-58.02893,-34.94833],[-58.02898,-34.94811],[-58.02897,-34.94799],[-58.02894,-34.94772],[-58.02879,-34.94752],[-58.02858,-34.94736],[-58.02803,-34.94713],[-58.02738,-34.94695],[-58.02727,-34.94687],[-58.02713,-34.94671],[-58.02696,-34.94664],[-58.02668,-34.9465],[-58.02655,-34.94639],[-58.02644,-34.94624],[-58.02633,-34.94607],[-58.02632,-34.94586],[-58.02632,-34.94569],[-58.02634,-34.94557],[-58.02642,-34.94545],[-58.0265,-34.94538],[-58.02654,-34.9453],[-58.02651,-34.94517],[-58.02625,-34.94485],[-58.02615,-34.94481],[-58.02603,-34.94481],[-58.02581,-34.94453],[-58.02571,-34.94427],[-58.02525,-34.94385],[-58.02504,-34.94339],[-58.02477,-34.94309],[-58.02465,-34.94281],[-58.0242,-34.94205],[-58.02359,-34.94145],[-58.02341,-34.94121],[-58.02328,-34.94106],[-58.02311,-34.94093],[-58.02292,-34.94076],[-58.02287,-34.94059],[-58.02274,-34.94047],[-58.0226,-34.94033],[-58.02236,-34.9403],[-58.02199,-34.94015],[-58.02184,-34.93999],[-58.02179,-34.9399],[-58.02165,-34.93978],[-58.02153,-34.93964],[-58.02148,-34.93944],[-58.02147,-34.93912],[-58.02152,-34.93886],[-58.02168,-34.93864],[-58.02171,-34.93847],[-58.02165,-34.93836],[-58.02141,-34.93823],[-58.02111,-34.93802],[-58.0209,-34.9378],[-58.02077,-34.93758],[-58.02069,-34.93734],[-58.02066,-34.93714],[-58.02064,-34.93693],[-58.02068,-34.93668],[-58.02069,-34.93641],[-58.02066,-34.9362],[-58.02056,-34.93611],[-58.02053,-34.93603],[-58.02043,-34.93576],[-58.02034,-34.9356],[-58.0203,-34.93533],[-58.02032,-34.93501],[-58.02034,-34.93489],[-58.02044,-34.9347],[-58.02044,-34.93441],[-58.02035,-34.93434],[-58.02024,-34.93414],[-58.0202,-34.93396],[-58.0201,-34.9338],[-58.01997,-34.93351],[-58.01997,-34.93342],[-58.01998,-34.93307],[-58.01996,-34.93277],[-58.01989,-34.93261],[-58.01983,-34.93248],[-58.01971,-34.93234],[-58.01967,-34.93228],[-58.01937,-34.93204],[-58.019,-34.93197],[-58.01877,-34.9319],[-58.0185,-34.93185],[-58.01828,-34.93174],[-58.01801,-34.93153],[-58.01788,-34.93137],[-58.01777,-34.9313],[-58.01757,-34.93134],[-58.0175,-34.93138],[-58.0173,-34.9315],[-58.01711,-34.93157],[-58.01687,-34.93165],[-58.01671,-34.93166],[-58.01647,-34.93161],[-58.01632,-34.93143],[-58.01621,-34.93126],[-58.01625,-34.93078]]}},{"type":"Feature","properties":{"nombre":"Arroyo del Sauce","descripcion":"Arroyo"},"geometry":{"type":"LineString","coordinates":[[-57.9862,-35.01449],[-57.98587,-35.01474],[-57.98519,-35.01523],[-57.98467,-35.01559],[-57.98429,-35.01588],[-57.98393,-35.01614],[-57.98368,-35.01631],[-57.98343,-35.0165],[-57.98336,-35.01662],[-57.98325,-35.01668],[-57.98317,-35.01671],[-57.98295,-35.01685],[-57.98247,-35.01719],[-57.98202,-35.0175],[-57.98156,-35.01789],[-57.98126,-35.01818],[-57.98094,-35.01851],[-57.98032,-35.01899],[-57.98019,-35.0191],[-57.98012,-35.01926],[-57.98012,-35.01962],[-57.9801,-35.01982],[-57.97991,-35.02011],[-57.97978,-35.02031],[-57.97964,-35.0204],[-57.97939,-35.02064],[-57.97917,-35.02094],[-57.97902,-35.02111],[-57.97882,-35.02121],[-57.97869,-35.02125],[-57.9786,-35.02135],[-57.97844,-35.0215],[-57.97828,-35.02158],[-57.978,-35.02161],[-57.97787,-35.02169],[-57.97771,-35.02182],[-57.97757,-35.02186],[-57.97735,-35.02184],[-57.97722,-35.02186],[-57.97712,-35.02191],[-57.97681,-35.02216],[-57.97668,-35.02224],[-57.97653,-35.02227],[-57.97631,-35.02229],[-57.97613,-35.02231],[-57.97567,-35.02234],[-57.97541,-35.0224],[-57.97511,-35.02262],[-57.97473,-35.02275],[-57.97449,-35.0228],[-57.97404,-35.02287],[-57.97333,-35.02304],[-57.973,-35.02308]]}},{"type":"Feature","properties":{"nombre":"Arroyo del Sauce","descripcion":"Arroyo"},"geometry":{"type":"LineString","coordinates":[[-57.973,-35.02308],[-57.97284,-35.02297],[-57.97158,-35.02206],[-57.97118,-35.02187],[-57.97066,-35.02172],[-57.96995,-35.02161],[-57.96967,-35.02162],[-57.96948,-35.02166],[-57.96938,-35.02176],[-57.96937,-35.02187],[-57.96931,-35.02193],[-57.96914,-35.02199],[-57.96898,-35.022],[-57.96887,-35.02205],[-57.96876,-35.02216],[-57.96869,-35.02223],[-57.96864,-35.02225],[-57.96858,-35.02222],[-57.9684,-35.0222],[-57.9682,-35.02225],[-57.96803,-35.02229],[-57.96786,-35.02226],[-57.9677,-35.02218],[-57.96756,-35.02206],[-57.96747,-35.02199],[-57.96718,-35.02192],[-57.96689,-35.02189],[-57.96674,-35.02192],[-57.9665,-35.02201],[-57.96637,-35.02201],[-57.96621,-35.02194],[-57.96607,-35.02187],[-57.96589,-35.02187],[-57.96572,-35.02186],[-57.9656,-35.02178],[-57.96542,-35.02166],[-57.96529,-35.02165],[-57.96501,-35.02172],[-57.96465,-35.02175],[-57.96438,-35.02176],[-57.96424,-35.02182],[-57.96375,-35.02216],[-57.96253,-35.02305],[-57.96133,-35.02393],[-57.96128,-35.02396],[-57.96112,-35.02407],[-57.96105,-35.02414],[-57.961,-35.02426],[-57.96097,-35.02435],[-57.96098,-35.0244],[-57.96097,-35.02443],[-57.96095,-35.02443],[-57.96089,-35.02443],[-57.96082,-35.02447],[-57.96067,-35.02459],[-57.96051,-35.02463],[-57.96043,-35.02467],[-57.9604,-35.0247],[-57.96039,-35.02474],[-57.9604,-35.0248],[-57.96043,-35.02484],[-57.96043,-35.02492],[-57.96041,-35.02498],[-57.96035,-35.02504],[-57.96027,-35.02514],[-57.96022,-35.0253],[-57.96023,-35.02543],[-57.96019,-35.02555],[-57.96006,-35.02584],[-57.95995,-35.02603],[-57.95985,-35.02616],[-57.95967,-35.02628],[-57.95927,-35.0264],[-57.95883,-35.02653],[-57.95871,-35.02655],[-57.95862,-35.02652],[-57.9586,-35.02648],[-57.95854,-35.02646],[-57.95832,-35.0265],[-57.95809,-35.02658],[-57.95778,-35.0267],[-57.95762,-35.02682],[-57.95729,-35.02702],[-57.95702,-35.02712],[-57.9567,-35.02716],[-57.95643,-35.02716],[-57.95635,-35.02716],[-57.95627,-35.02721],[-57.95621,-35.02728],[-57.95619,-35.02737],[-57.95614,-35.02763],[-57.95608,-35.02772],[-57.95601,-35.02775],[-57.95591,-35.02776],[-57.95581,-35.02776],[-57.95573,-35.0278],[-57.95533,-35.02805],[-57.95505,-35.02819],[-57.95496,-35.02826],[-57.95493,-35.02836],[-57.95496,-35.02848],[-57.95506,-35.02868],[-57.95508,-35.02877],[-57.95507,-35.02884],[-57.95499,-35.02893],[-57.95474,-35.02929],[-57.95476,-35.02933],[-57.95477,-35.02939],[-57.95471,-35.02966],[-57.95469,-35.02969],[-57.95466,-35.02969],[-57.95463,-35.02972],[-57.95459,-35.0298],[-57.95447,-35.02988],[-57.95426,-35.02997],[-57.95423,-35.03002],[-57.95424,-35.03008],[-57.95427,-35.03016],[-57.95438,-35.03026],[-57.95443,-35.03031],[-57.95443,-35.03038],[-57.95437,-35.03054],[-57.95425,-35.03089],[-57.95403,-35.03115],[-57.95366,-35.03137],[-57.95333,-35.03156],[-57.95323,-35.03158],[-57.95274,-35.03165],[-57.95252,-35.0317],[-57.9522,-35.03168],[-57.95209,-35.03169],[-57.95198,-35.03169],[-57.95173,-35.03163],[-57.95156,-35.03159],[-57.95145,-35.0316],[-57.95131,-35.03167],[-57.95125,-35.03174],[-57.95108,-35.03203],[-57.95102,-35.03221],[-57.95102,-35.03231],[-57.95104,-35.03241],[-57.95103,-35.0325],[-57.951,-35.0326],[-57.95091,-35.03265],[-57.95072,-35.03267],[-57.95028,-35.03263],[-57.95015,-35.03262],[-57.95008,-35.03266],[-57.94994,-35.03276],[-57.94987,-35.03285],[-57.94976,-35.03292],[-57.94935,-35.03321],[-57.94922,-35.03327],[-57.94847,-35.03345],[-57.94788,-35.03354],[-57.94711,-35.03361],[-57.94674,-35.03362],[-57.94656,-35.03367],[-57.94634,-35.0338],[-57.94609,-35.03388],[-57.9458,-35.03392],[-57.94565,-35.03396],[-57.94553,-35.03399],[-57.94539,-35.03403]]}},{"type":"Feature","properties":{"nombre":"Arroyo El Pescado","descripcion":"Arroyo"},"geometry":{"type":"LineString","coordinates":[[-57.99199,-35.05968],[-57.99183,-35.05954],[-57.99171,-35.05951],[-57.99126,-35.05974],[-57.99121,-35.05976],[-57.99115,-35.05973],[-57.99085,-35.05945],[-57.99072,-35.05939],[-57.99029,-35.0592],[-57.9878,-35.05802],[-57.98647,-35.05738],[-57.98638,-35.05731],[-57.9862,-35.05712],[-57.98589,-35.05679],[-57.98539,-35.05606],[-57.98521,-35.05583],[-57.98506,-35.05574],[-57.98443,-35.05542],[-57.98307,-35.05485],[-57.98282,-35.05484],[-57.98244,-35.05485],[-57.98207,-35.05491],[-57.98186,-35.05497],[-57.98154,-35.05508],[-57.98127,-35.0552],[-57.98111,-35.0553],[-57.98076,-35.05556],[-57.98053,-35.05572],[-57.98042,-35.05577],[-57.98024,-35.0558],[-57.98008,-35.05578],[-57.97978,-35.05565],[-57.97931,-35.05554],[-57.97921,-35.05549],[-57.97718,-35.05414],[-57.97668,-35.0539],[-57.97659,-35.05382],[-57.97648,-35.05369],[-57.97646,-35.05356],[-57.97639,-35.0535],[-57.97628,-35.05344],[-57.97583,-35.05314],[-57.97559,-35.05296],[-57.97524,-35.05274],[-57.97508,-35.05266],[-57.97499,-35.05258],[-57.97489,-35.05243],[-57.97486,-35.05232],[-57.97483,-35.05217],[-57.97478,-35.05207],[-57.97437,-35.05166],[-57.97416,-35.05147],[-57.97401,-35.05134],[-57.97395,-35.05123],[-57.97387,-35.05087],[-57.9738,-35.05071],[-57.97373,-35.05062],[-57.97364,-35.05057],[-57.97341,-35.05051],[-57.97316,-35.05039],[-57.97292,-35.05031],[-57.97286,-35.05026],[-57.97283,-35.0502],[-57.97282,-35.05011],[-57.97284,-35.04989],[-57.97283,-35.04979],[-57.9728,-35.04974],[-57.97259,-35.04954],[-57.97236,-35.04941],[-57.97221,-35.04938],[-57.97205,-35.04934],[-57.97197,-35.0493],[-57.97186,-35.04923],[-57.97181,-35.04915],[-57.97178,-35.049],[-57.97169,-35.04877],[-57.97163,-35.04855],[-57.97147,-35.04826],[-57.97145,-35.04814],[-57.97144,-35.04791],[-57.97141,-35.04781],[-57.97132,-35.04774],[-57.9712,-35.04769],[-57.9708,-35.04756],[-57.97052,-35.04743],[-57.97037,-35.04735],[-57.97019,-35.04719],[-57.97005,-35.04706],[-57.96993,-35.04701],[-57.96983,-35.047],[-57.96953,-35.04703],[-57.96941,-35.04701],[-57.96932,-35.04696],[-57.96925,-35.04686],[-57.96922,-35.04676],[-57.96925,-35.04658],[-57.96922,-35.04641],[-57.96909,-35.04624],[-57.96897,-35.04614],[-57.96881,-35.04606],[-57.96866,-35.04602],[-57.96853,-35.04604],[-57.96826,-35.04617],[-57.96812,-35.04621],[-57.96797,-35.04619],[-57.96783,-35.04611],[-57.96748,-35.04573],[-57.96733,-35.04562],[-57.96703,-35.04548],[-57.96672,-35.04537],[-57.96649,-35.04524],[-57.96629,-35.04511],[-57.96622,-35.045],[-57.96612,-35.04479],[-57.96595,-35.04468],[-57.96576,-35.04463],[-57.9654,-35.04462],[-57.96507,-35.04459],[-57.96494,-35.04455],[-57.96465,-35.04435],[-57.96449,-35.04405],[-57.9642,-35.04341],[-57.96411,-35.04327],[-57.96399,-35.04311],[-57.96375,-35.04296],[-57.96355,-35.0429],[-57.96331,-35.0429],[-57.96311,-35.04293],[-57.96295,-35.04294],[-57.96282,-35.04292],[-57.96267,-35.04285],[-57.96258,-35.04275],[-57.96252,-35.04263],[-57.96251,-35.04251],[-57.96263,-35.04225],[-57.96268,-35.0421],[-57.96268,-35.04198],[-57.96264,-35.04187],[-57.96255,-35.04174],[-57.96242,-35.04166],[-57.9623,-35.04162],[-57.96195,-35.0415],[-57.96181,-35.04144],[-57.96171,-35.04134],[-57.96152,-35.04102],[-57.96149,-35.04085],[-57.96151,-35.04072],[-57.96155,-35.04059],[-57.96184,-35.04032],[-57.96196,-35.04017],[-57.96202,-35.04001],[-57.962,-35.03983],[-57.96179,-35.03947],[-57.9616,-35.0392],[-57.96127,-35.03862],[-57.961,-35.03822],[-57.96077,-35.03794],[-57.96019,-35.03734],[-57.9599,-35.03705],[-57.95969,-35.03693],[-57.95954,-35.03686],[-57.95939,-35.03682],[-57.95921,-35.0368],[-57.95902,-35.03682],[-57.95859,-35.03694],[-57.95852,-35.03695],[-57.95829,-35.03697],[-57.95818,-35.03701],[-57.95808,-35.03707],[-57.95798,-35.03721],[-57.95787,-35.03738],[-57.95784,-35.03749],[-57.95783,-35.03792],[-57.95778,-35.03808],[-57.9577,-35.03823],[-57.95758,-35.03836],[-57.95744,-35.03845],[-57.95729,-35.03852],[-57.95698,-35.03857],[-57.95667,-35.0386],[-57.95622,-35.03861],[-57.95598,-35.03859],[-57.95559,-35.03851],[-57.95544,-35.0385],[-57.95529,-35.03852],[-57.95511,-35.0386],[-57.95496,-35.0387],[-57.95483,-35.03874],[-57.95471,-35.03874],[-57.95457,-35.03869],[-57.95442,-35.03862],[-57.9541,-35.03838],[-57.95379,-35.03825],[-57.95335,-35.0381],[-57.95319,-35.03798],[-57.95299,-35.03771],[-57.95283,-35.03762],[-57.95265,-35.03757],[-57.95207,-35.03757],[-57.95183,-35.03751],[-57.95162,-35.03739],[-57.95142,-35.03735],[-57.95121,-35.03734],[-57.95101,-35.0374],[-57.95082,-35.03743],[-57.95066,-35.03741],[-57.95045,-35.03732],[-57.95039,-35.03723],[-57.95032,-35.03696],[-57.95018,-35.03666],[-57.95014,-35.03652],[-57.95017,-35.03609],[-57.95014,-35.03596],[-57.95006,-35.03584],[-57.94994,-35.03577],[-57.94973,-35.03571],[-57.94928,-35.03544],[-57.94914,-35.03526],[-57.94897,-35.03495],[-57.94883,-35.03487],[-57.94866,-35.03481],[-57.94845,-35.03484],[-57.94811,-35.03488],[-57.94758,-35.03488],[-57.9462,-35.03473],[-57.94601,-35.03466],[-57.94591,-35.03454],[-57.9458,-35.03436],[-57.94555,-35.03414],[-57.94539,-35.03403],[-57.94495,-35.03372],[-57.94454,-35.03364],[-57.94422,-35.03361],[-57.94395,-35.03362],[-57.94322,-35.03383],[-57.9428,-35.034],[-57.94257,-35.03403],[-57.9423,-35.03404],[-57.94209,-35.03401],[-57.94182,-35.03395],[-57.94161,-35.03378],[-57.94144,-35.03371],[-57.94114,-35.03365],[-57.94095,-35.03368],[-57.94079,-35.0338],[-57.94036,-35.03437],[-57.94019,-35.03447],[-57.94006,-35.0345],[-57.93984,-35.03453],[-57.93954,-35.03451],[-57.9387,-35.03383],[-57.93831,-35.03338],[-57.93808,-35.03327],[-57.93789,-35.03325],[-57.93744,-35.03324],[-57.93717,-35.03326],[-57.93692,-35.0332],[-57.9367,-35.03311],[-57.93657,-35.03302],[-57.9358,-35.0322],[-57.9356,-35.03204],[-57.9351,-35.03177],[-57.93504,-35.03171],[-57.93479,-35.03139],[-57.93466,-35.03129],[-57.93453,-35.03123],[-57.93426,-35.03116],[-57.9339,-35.03094],[-57.93376,-35.0308],[-57.93296,-35.03028],[-57.93267,-35.03004],[-57.93245,-35.02979],[-57.93214,-35.02918],[-57.93205,-35.02905],[-57.93188,-35.02893],[-57.93139,-35.02869],[-57.9312,-35.02855],[-57.93097,-35.02833],[-57.93081,-35.0281],[-57.93057,-35.0277],[-57.93029,-35.02743],[-57.93019,-35.0273],[-57.92994,-35.02676],[-57.92986,-35.02666],[-57.92962,-35.02648],[-57.92947,-35.02643],[-57.92927,-35.02639],[-57.929,-35.02638],[-57.92891,-35.02634],[-57.92885,-35.02627],[-57.92882,-35.0262],[-57.92883,-35.02613],[-57.92889,-35.02607],[-57.92911,-35.02593],[-57.9292,-35.02583],[-57.92931,-35.02566],[-57.92936,-35.02548],[-57.92935,-35.02532],[-57.9293,-35.02525],[-57.929,-35.02501],[-57.92889,-35.02487],[-57.92879,-35.02471],[-57.92868,-35.02462],[-57.92833,-35.02445],[-57.9281,-35.02439],[-57.92771,-35.02434],[-57.92754,-35.02436],[-57.92744,-35.0244],[-57.92719,-35.02464],[-57.92711,-35.02469],[-57.92701,-35.0247],[-57.92691,-35.02468],[-57.92657,-35.02451],[-57.92638,-35.02444],[-57.9262,-35.02442],[-57.92605,-35.02443],[-57.92591,-35.02447],[-57.92565,-35.02461],[-57.92549,-35.02466],[-57.92511,-35.02468],[-57.92502,-35.0247],[-57.92492,-35.02478],[-57.92482,-35.02492],[-57.92478,-35.02504],[-57.92481,-35.02515],[-57.9249,-35.0254],[-57.92491,-35.02552],[-57.92488,-35.02559],[-57.92475,-35.02588],[-57.92465,-35.026],[-57.92431,-35.02619],[-57.9242,-35.02627],[-57.92415,-35.02635],[-57.92413,-35.02643],[-57.92415,-35.0269],[-57.92412,-35.02705],[-57.92407,-35.02717],[-57.92394,-35.02737],[-57.9238,-35.02748],[-57.9235,-35.02765],[-57.9233,-35.02781],[-57.923,-35.0281],[-57.92277,-35.02838],[-57.92255,-35.02862],[-57.9224,-35.02872],[-57.92207,-35.02892],[-57.92178,-35.02902],[-57.92147,-35.02907],[-57.92119,-35.02906],[-57.92083,-35.02895],[-57.92007,-35.02861],[-57.91983,-35.02858],[-57.91953,-35.02853],[-57.91926,-35.02853],[-57.91876,-35.02862],[-57.91851,-35.02864],[-57.9182,-35.02863],[-57.91803,-35.02858],[-57.91788,-35.02852],[-57.91777,-35.02841]]}},{"type":"Feature","properties":{"nombre":"Arroyo Difuntos","descripcion":"Arroyo"},"geometry":{"type":"LineString","coordinates":[[-57.90718,-35.05723],[-57.90473,-35.05578],[-57.90302,-35.05406],[-57.90104,-35.05157],[-57.90083,-35.05002],[-57.90065,-35.04872],[-57.90164,-35.04356],[-57.90237,-35.03801],[-57.90259,-35.03558],[-57.90216,-35.03386],[-57.9007,-35.03147],[-57.90005,-35.03],[-57.89973,-35.0298],[-57.89866,-35.02969],[-57.89518,-35.02952],[-57.89278,-35.02969],[-57.89023,-35.03],[-57.88784,-35.03106],[-57.88551,-35.03175],[-57.88293,-35.03158],[-57.88148,-35.03084],[-57.8801,-35.02817],[-57.87796,-35.02668]]}},{"type":"Feature","properties":{"descripcion":"Arroyo"},"geometry":{"type":"LineString","coordinates":[[-57.79475,-34.9845],[-57.79457,-34.98419],[-57.79453,-34.98393],[-57.79455,-34.98367],[-57.79464,-34.98349],[-57.79486,-34.98329],[-57.79494,-34.98314],[-57.79505,-34.98303],[-57.79518,-34.98295],[-57.79544,-34.98285],[-57.79557,-34.98275],[-57.79562,-34.98263],[-57.79559,-34.9825],[-57.79548,-34.98237],[-57.79531,-34.98227],[-57.79519,-34.98224],[-57.79505,-34.98226],[-57.79433,-34.98206],[-57.79419,-34.98197],[-57.7941,-34.98188],[-57.79403,-34.98164],[-57.79396,-34.98153],[-57.79389,-34.98148],[-57.79378,-34.98146],[-57.7936,-34.98146],[-57.79355,-34.98144],[-57.79353,-34.9814],[-57.79353,-34.98135],[-57.79351,-34.98127],[-57.79345,-34.9812],[-57.79333,-34.98107],[-57.7933,-34.98098],[-57.79329,-34.98086],[-57.79335,-34.98077],[-57.79374,-34.98043],[-57.7941,-34.98022],[-57.79425,-34.9802],[-57.79441,-34.98021],[-57.79523,-34.98038],[-57.79564,-34.98054],[-57.79581,-34.98065],[-57.79591,-34.98076],[-57.796,-34.98096],[-57.79609,-34.98105],[-57.79622,-34.9811],[-57.79703,-34.98122],[-57.79734,-34.9813],[-57.79782,-34.98149],[-57.798,-34.98154],[-57.79843,-34.98156],[-57.79877,-34.98152]]}},{"type":"Feature","properties":{"descripcion":"Arroyo"},"geometry":{"type":"LineString","coordinates":[[-57.82491,-35.04772],[-57.82379,-35.04563],[-57.82369,-35.04514],[-57.82394,-35.0448],[-57.82405,-35.04431],[-57.82384,-35.04384],[-57.8233,-35.04273],[-57.82313,-35.04191],[-57.8233,-35.04094],[-57.82326,-35.04015],[-57.823,-35.03952],[-57.8228,-35.03934],[-57.82259,-35.03872],[-57.82223,-35.0382],[-57.82154,-35.03784],[-57.8213,-35.03762],[-57.82109,-35.03707],[-57.8207,-35.03615],[-57.82059,-35.03566],[-57.82008,-35.03526],[-57.81975,-35.03493],[-57.81954,-35.03461],[-57.81922,-35.03431],[-57.81899,-35.03417],[-57.8187,-35.03435],[-57.81863,-35.0346],[-57.81836,-35.03465]]}},{"type":"Feature","properties":{"descripcion":"Arroyo"},"geometry":{"type":"LineString","coordinates":[[-57.79055,-35.01801],[-57.7908,-35.01799],[-57.79118,-35.01773],[-57.79205,-35.01761],[-57.79384,-35.01636],[-57.79432,-35.01615],[-57.7946,-35.01576],[-57.79495,-35.01575],[-57.79583,-35.0151],[-57.79604,-35.01515],[-57.79651,-35.0148],[-57.79724,-35.0132],[-57.79724,-35.01242],[-57.79772,-35.01174],[-57.79809,-35.01018],[-57.80063,-35.00733],[-57.80117,-35.00773],[-57.80158,-35.00744],[-57.80154,-35.00709]]}},{"type":"Feature","properties":{"nombre":"Arroyo Cajaravilla","descripcion":"Arroyo"},"geometry":{"type":"LineString","coordinates":[[-57.84104,-35.09214],[-57.84104,-35.09165],[-57.84098,-35.09129],[-57.84068,-35.09086],[-57.84014,-35.09035],[-57.83959,-35.08975],[-57.83918,-35.08901],[-57.83941,-35.08829],[-57.83999,-35.08687],[-57.84019,-35.08596],[-57.84006,-35.08541],[-57.83963,-35.08501],[-57.83939,-35.08446],[-57.83898,-35.0836],[-57.83871,-35.0832],[-57.83858,-35.08262],[-57.83851,-35.08185],[-57.83834,-35.08151],[-57.838,-35.08123],[-57.8371,-35.0809],[-57.83538,-35.08023],[-57.83424,-35.07951],[-57.83383,-35.07909],[-57.83371,-35.07862],[-57.83338,-35.0782],[-57.83263,-35.07784],[-57.83199,-35.07776],[-57.83117,-35.07777],[-57.83044,-35.07732],[-57.82989,-35.0767],[-57.82935,-35.07605],[-57.82866,-35.07549],[-57.82838,-35.07488],[-57.82798,-35.07433],[-57.82712,-35.07402],[-57.8265,-35.07377],[-57.826,-35.07378],[-57.82564,-35.07354],[-57.82529,-35.07319],[-57.8245,-35.07277],[-57.82386,-35.07252],[-57.8227,-35.07231],[-57.82163,-35.0721],[-57.82087,-35.07172],[-57.82032,-35.0714],[-57.81991,-35.07099],[-57.81961,-35.07045],[-57.81918,-35.07005],[-57.81871,-35.06992],[-57.81836,-35.0697],[-57.81826,-35.06936],[-57.81776,-35.06894],[-57.81742,-35.06855],[-57.81703,-35.06837],[-57.81663,-35.0682],[-57.81622,-35.06759],[-57.81585,-35.0672],[-57.81527,-35.06692],[-57.81469,-35.06659],[-57.81428,-35.06596],[-57.81398,-35.06549],[-57.81349,-35.06535],[-57.81291,-35.06516],[-57.81233,-35.06487],[-57.81193,-35.06455],[-57.81186,-35.06422],[-57.81171,-35.06365],[-57.81131,-35.06302],[-57.81108,-35.06285],[-57.81085,-35.06249],[-57.81079,-35.06207],[-57.81079,-35.06123],[-57.81088,-35.06049],[-57.81053,-35.05937],[-57.81019,-35.05807],[-57.81019,-35.05733],[-57.81004,-35.05636],[-57.81004,-35.05541],[-57.8104,-35.05466],[-57.81049,-35.05329],[-57.81032,-35.05196],[-57.81113,-35.05094],[-57.81126,-35.04971],[-57.81122,-35.04893],[-57.81079,-35.0482],[-57.81083,-35.04725],[-57.8113,-35.04655],[-57.81216,-35.0457],[-57.81294,-35.04468],[-57.8144,-35.0416],[-57.81468,-35.04119],[-57.81483,-35.04103],[-57.81491,-35.04083],[-57.81506,-35.04072],[-57.81519,-35.04049],[-57.81524,-35.04016],[-57.81526,-35.04008],[-57.81539,-35.04002],[-57.81563,-35.03988],[-57.81573,-35.03973],[-57.81593,-35.03956],[-57.81618,-35.03925],[-57.81642,-35.03891],[-57.81647,-35.03871],[-57.81688,-35.03851],[-57.81701,-35.03842],[-57.81714,-35.0383],[-57.81736,-35.0382],[-57.81763,-35.0381],[-57.81835,-35.03788],[-57.81871,-35.03727],[-57.81873,-35.03657],[-57.81858,-35.03563],[-57.81836,-35.03465],[-57.81573,-35.02916],[-57.81401,-35.02677],[-57.8121,-35.024],[-57.81192,-35.02218],[-57.81195,-35.02131],[-57.81171,-35.0206],[-57.81142,-35.01988],[-57.81093,-35.01922],[-57.81076,-35.01815],[-57.81066,-35.01692],[-57.81012,-35.0157],[-57.8098,-35.01485],[-57.8094,-35.01354],[-57.8084,-35.01273],[-57.80709,-35.01203],[-57.8064,-35.01193],[-57.8055,-35.01233],[-57.80438,-35.01308],[-57.8034,-35.0131],[-57.80287,-35.01279],[-57.80266,-35.0121],[-57.80266,-35.01117],[-57.80283,-35.01017],[-57.80334,-35.00912],[-57.80332,-35.00869],[-57.80272,-35.00824],[-57.80222,-35.00784],[-57.802,-35.00748],[-57.80154,-35.00709],[-57.80111,-35.00687],[-57.80103,-35.00676],[-57.80097,-35.00665],[-57.80086,-35.00658],[-57.80046,-35.00627],[-57.8002,-35.00583],[-57.80016,-35.00568],[-57.79998,-35.00558],[-57.79994,-35.0055],[-57.79996,-35.00534],[-57.80015,-35.00506],[-57.80043,-35.00458],[-57.80069,-35.00414],[-57.80072,-35.00393],[-57.80076,-35.00367],[-57.80089,-35.0035],[-57.80103,-35.00332],[-57.80134,-35.00308],[-57.80195,-35.00263],[-57.80212,-35.00246],[-57.80229,-35.00219],[-57.80231,-35.00212],[-57.80228,-35.00201],[-57.80227,-35.00188],[-57.80232,-35.00176],[-57.80258,-35.00148],[-57.80261,-35.00137],[-57.80258,-35.0012],[-57.80257,-35.00105]]}},{"type":"Feature","properties":{"descripcion":"Arroyo"},"geometry":{"type":"LineString","coordinates":[[-57.79352,-35.03316],[-57.79353,-35.03309],[-57.79346,-35.03284],[-57.79364,-35.03229],[-57.79441,-35.0312],[-57.79455,-35.03056],[-57.79525,-35.02958],[-57.796,-35.02933],[-57.79631,-35.02881],[-57.79733,-35.02821],[-57.79872,-35.02775],[-57.79904,-35.02799],[-57.79974,-35.02775],[-57.79987,-35.02741],[-57.79971,-35.02702],[-57.79996,-35.02676],[-57.79995,-35.02662],[-57.79978,-35.02641],[-57.79999,-35.02622],[-57.80049,-35.02624],[-57.80071,-35.02592],[-57.80098,-35.0259],[-57.80145,-35.0266],[-57.80199,-35.02561],[-57.80237,-35.02555],[-57.80287,-35.02506],[-57.80326,-35.02514],[-57.80352,-35.02493],[-57.80409,-35.02473],[-57.80467,-35.02479],[-57.80562,-35.02456],[-57.80714,-35.02377],[-57.81004,-35.02316],[-57.81028,-35.02298],[-57.81043,-35.02265],[-57.81072,-35.02228],[-57.8114,-35.02198],[-57.81192,-35.02218]]}},{"type":"Feature","properties":{"nombre":"Arroyo El Pescado","descripcion":"Río"},"geometry":{"type":"LineString","coordinates":[[-57.86601,-35.02822],[-57.86568,-35.02766],[-57.86553,-35.02715],[-57.86518,-35.02645],[-57.8647,-35.02582],[-57.86438,-35.02549],[-57.86359,-35.02486],[-57.86332,-35.02454],[-57.86299,-35.02411],[-57.86268,-35.02385],[-57.86236,-35.0237],[-57.86155,-35.02362],[-57.86094,-35.02361],[-57.86043,-35.02363],[-57.85989,-35.02376],[-57.85974,-35.02376],[-57.85958,-35.02372],[-57.85947,-35.02364],[-57.85906,-35.02311],[-57.85895,-35.02304],[-57.85881,-35.02298],[-57.85865,-35.02297],[-57.85851,-35.023],[-57.85829,-35.0231],[-57.85815,-35.02322],[-57.85782,-35.02361],[-57.85771,-35.02371],[-57.85756,-35.02376],[-57.85733,-35.02376],[-57.85706,-35.02371],[-57.85695,-35.02366],[-57.85691,-35.02358],[-57.85694,-35.02342],[-57.85693,-35.02335],[-57.85687,-35.0233],[-57.85672,-35.02325],[-57.85593,-35.02323],[-57.85576,-35.02315],[-57.85533,-35.02275],[-57.85512,-35.02244],[-57.85404,-35.02154],[-57.85324,-35.0209],[-57.85282,-35.02039],[-57.85244,-35.01988],[-57.85214,-35.01968],[-57.85162,-35.01952],[-57.85081,-35.01944],[-57.84989,-35.01941],[-57.84942,-35.01933],[-57.84912,-35.0192],[-57.84776,-35.0185],[-57.84733,-35.0182],[-57.84632,-35.01775],[-57.84552,-35.01751],[-57.84509,-35.01736],[-57.84469,-35.017],[-57.84395,-35.01659],[-57.84328,-35.01603],[-57.84315,-35.01586],[-57.84292,-35.01494],[-57.8427,-35.01473],[-57.84256,-35.01464],[-57.84248,-35.01452],[-57.84247,-35.01412],[-57.84218,-35.01354],[-57.8419,-35.01307],[-57.84133,-35.01177],[-57.84056,-35.01002],[-57.84034,-35.00983],[-57.84014,-35.00974],[-57.8393,-35.00956],[-57.83906,-35.00954],[-57.83855,-35.00959],[-57.83823,-35.00958],[-57.83768,-35.00942],[-57.83573,-35.0092],[-57.83476,-35.00918],[-57.83426,-35.00913],[-57.83402,-35.00902],[-57.83354,-35.00891],[-57.83304,-35.00862],[-57.83277,-35.00851],[-57.83222,-35.00838],[-57.8321,-35.00831],[-57.83203,-35.00822],[-57.83192,-35.00797],[-57.8318,-35.00761],[-57.83169,-35.00742],[-57.83134,-35.00729],[-57.83077,-35.00722],[-57.82986,-35.00718],[-57.82885,-35.00721],[-57.82839,-35.00732],[-57.82791,-35.00765],[-57.82761,-35.00819],[-57.82721,-35.00848],[-57.82651,-35.00844],[-57.82633,-35.0084],[-57.82619,-35.00842],[-57.82605,-35.0085],[-57.82589,-35.00851],[-57.82577,-35.00849],[-57.82563,-35.00836],[-57.82489,-35.00783],[-57.82483,-35.00768],[-57.82486,-35.00753],[-57.82484,-35.00745],[-57.82479,-35.00738],[-57.82387,-35.00688],[-57.82346,-35.0067],[-57.82284,-35.00651],[-57.82212,-35.00629],[-57.82198,-35.00624],[-57.82194,-35.00619],[-57.82187,-35.00607],[-57.82174,-35.00597],[-57.82155,-35.00567],[-57.82135,-35.0052],[-57.82124,-35.00504],[-57.82111,-35.00497],[-57.82085,-35.00487],[-57.82015,-35.00472],[-57.81942,-35.00443],[-57.81916,-35.00425],[-57.81894,-35.00386],[-57.81866,-35.00333],[-57.81849,-35.00311],[-57.81812,-35.00285],[-57.8179,-35.00274],[-57.81757,-35.0026],[-57.81713,-35.00238],[-57.81689,-35.00213],[-57.81663,-35.00195],[-57.8165,-35.0018],[-57.81628,-35.00137],[-57.81607,-35.00116],[-57.81576,-35.00092],[-57.81563,-35.00071],[-57.81548,-35.00044],[-57.81536,-35.00032],[-57.81494,-35.00004],[-57.8148,-34.99997],[-57.81456,-34.9999],[-57.81414,-34.99968],[-57.81389,-34.9996],[-57.81352,-34.99949],[-57.81303,-34.99938],[-57.81285,-34.99938],[-57.81273,-34.99935],[-57.8126,-34.99929],[-57.81149,-34.99905],[-57.81119,-34.99902],[-57.81111,-34.999],[-57.81107,-34.99896],[-57.81095,-34.99891],[-57.81024,-34.99876],[-57.81004,-34.99873],[-57.80988,-34.99873],[-57.80959,-34.99867],[-57.80919,-34.99861],[-57.80867,-34.99845],[-57.80846,-34.99844],[-57.80837,-34.99846],[-57.80822,-34.99855],[-57.80766,-34.99877],[-57.80734,-34.99892],[-57.80724,-34.999],[-57.80712,-34.99902],[-57.80695,-34.9991],[-57.80678,-34.99913],[-57.8064,-34.99927],[-57.80608,-34.99942],[-57.80524,-34.99974],[-57.80514,-34.9998],[-57.80511,-34.99988],[-57.80501,-34.99992],[-57.80481,-34.99998],[-57.8047,-35.00002],[-57.8046,-35.00001],[-57.8045,-35.00004],[-57.80299,-35.00065],[-57.80288,-35.00071],[-57.80276,-35.00079],[-57.80272,-35.00079],[-57.80267,-35.00078],[-57.80264,-35.00078],[-57.80261,-35.0008],[-57.80259,-35.00083],[-57.80258,-35.00087],[-57.80262,-35.00097],[-57.80263,-35.00101],[-57.8026,-35.00104],[-57.80257,-35.00105],[-57.80251,-35.00104],[-57.80245,-35.00099],[-57.80243,-35.00089],[-57.80239,-35.00083],[-57.80236,-35.00079],[-57.8023,-35.00077],[-57.80223,-35.00076],[-57.80215,-35.00078],[-57.80196,-35.00082],[-57.80186,-35.00083],[-57.80179,-35.00082],[-57.8017,-35.0008],[-57.80166,-35.00076],[-57.80159,-35.00068],[-57.80153,-35.00064],[-57.80147,-35.00062],[-57.80138,-35.00061],[-57.80129,-35.00062],[-57.80119,-35.00064],[-57.80106,-35.00069],[-57.80099,-35.0007],[-57.80081,-35.0007],[-57.80071,-35.00066],[-57.80065,-35.00065],[-57.80038,-35.00066],[-57.8003,-35.00065],[-57.80023,-35.00063],[-57.80013,-35.00057],[-57.79997,-35.00045],[-57.79986,-35.00038],[-57.79965,-35.0003],[-57.79953,-35.0003],[-57.79929,-35.00026],[-57.79914,-35.00017],[-57.79899,-35.00006],[-57.79876,-34.99997],[-57.79844,-34.99973],[-57.79835,-34.9996],[-57.79821,-34.99946],[-57.79809,-34.9994],[-57.79785,-34.99933],[-57.79764,-34.99925],[-57.79752,-34.99915],[-57.79742,-34.99901],[-57.79733,-34.99863],[-57.79727,-34.99847],[-57.79713,-34.99833],[-57.79701,-34.99825],[-57.79691,-34.9982],[-57.79682,-34.9982],[-57.79665,-34.99821],[-57.79652,-34.9982],[-57.79644,-34.99818],[-57.79632,-34.99814],[-57.79626,-34.99806],[-57.79606,-34.99778],[-57.79594,-34.99768],[-57.7956,-34.9975],[-57.79543,-34.99744],[-57.79521,-34.9974],[-57.7951,-34.99736],[-57.79493,-34.99725],[-57.79478,-34.99703],[-57.79474,-34.99693],[-57.79479,-34.99683],[-57.7948,-34.99677],[-57.79475,-34.99663],[-57.79463,-34.99636],[-57.79454,-34.99617],[-57.79435,-34.99594],[-57.79425,-34.99585],[-57.79418,-34.99581],[-57.79412,-34.99579],[-57.79408,-34.99578],[-57.79402,-34.9958],[-57.7939,-34.99595],[-57.79381,-34.99601],[-57.79364,-34.99606],[-57.79355,-34.99607],[-57.79345,-34.99605],[-57.79342,-34.99602],[-57.79341,-34.99599],[-57.79342,-34.99589],[-57.79343,-34.99581],[-57.79336,-34.99544],[-57.79325,-34.99517],[-57.79319,-34.99488],[-57.7932,-34.99466],[-57.79329,-34.99438],[-57.79369,-34.99392],[-57.79396,-34.99351],[-57.79417,-34.99305],[-57.79435,-34.99253],[-57.79442,-34.99224],[-57.79459,-34.99207],[-57.79468,-34.99196],[-57.79475,-34.99177],[-57.79504,-34.99131],[-57.79509,-34.99122],[-57.79519,-34.99111],[-57.79526,-34.99105],[-57.79532,-34.99101],[-57.7954,-34.99098],[-57.79551,-34.99096],[-57.79562,-34.99096],[-57.79585,-34.99099],[-57.7961,-34.99102],[-57.79628,-34.99103],[-57.7964,-34.99102],[-57.79655,-34.99097],[-57.79673,-34.99089],[-57.79696,-34.99074],[-57.79711,-34.99059],[-57.79724,-34.99043],[-57.79728,-34.99033],[-57.79729,-34.99025],[-57.79727,-34.99016],[-57.79727,-34.99003],[-57.79726,-34.98988],[-57.79729,-34.98976],[-57.79736,-34.98962],[-57.79746,-34.98953],[-57.79767,-34.98936],[-57.79777,-34.98929],[-57.79798,-34.98918],[-57.79806,-34.98912],[-57.79815,-34.98895],[-57.79838,-34.98868],[-57.79858,-34.98845],[-57.79877,-34.98832],[-57.79885,-34.98823],[-57.79893,-34.98813],[-57.79902,-34.98794],[-57.79908,-34.98767],[-57.7992,-34.98738],[-57.7993,-34.98718],[-57.79939,-34.98702],[-57.79944,-34.98686],[-57.79952,-34.9867],[-57.79955,-34.98642],[-57.79953,-34.98598],[-57.79952,-34.9857],[-57.79948,-34.98548],[-57.79943,-34.98522],[-57.79935,-34.9848],[-57.79936,-34.98463],[-57.79936,-34.98443],[-57.79938,-34.98401],[-57.79945,-34.98365],[-57.79948,-34.98347],[-57.79947,-34.98335],[-57.79942,-34.98312],[-57.79927,-34.98275],[-57.79906,-34.98218],[-57.79884,-34.98167],[-57.79877,-34.98152],[-57.79869,-34.98133],[-57.79864,-34.98118],[-57.79856,-34.98071],[-57.7985,-34.98027],[-57.79847,-34.98013],[-57.79839,-34.97992],[-57.79815,-34.97949],[-57.79787,-34.97918],[-57.79752,-34.97893],[-57.79721,-34.97866],[-57.79707,-34.97852],[-57.79692,-34.97844],[-57.7965,-34.97821],[-57.79641,-34.97812],[-57.79634,-34.97796],[-57.79633,-34.97782],[-57.79632,-34.97765],[-57.79627,-34.9775],[-57.7962,-34.97729],[-57.79614,-34.97717],[-57.79604,-34.97699],[-57.79599,-34.97687],[-57.79597,-34.97679],[-57.79598,-34.97671],[-57.79603,-34.97662],[-57.7961,-34.97646],[-57.79616,-34.97636],[-57.79618,-34.97629],[-57.79621,-34.97611],[-57.79626,-34.97597],[-57.79631,-34.97584],[-57.79641,-34.97573],[-57.79657,-34.97561],[-57.79658,-34.97556],[-57.79655,-34.97549],[-57.79658,-34.9754],[-57.79675,-34.97522],[-57.79682,-34.97512],[-57.79686,-34.97499],[-57.79685,-34.97488],[-57.79682,-34.97481],[-57.79674,-34.97471],[-57.79664,-34.97463],[-57.79646,-34.97454],[-57.79628,-34.97444],[-57.79616,-34.97434],[-57.79605,-34.97422],[-57.79602,-34.97418],[-57.79603,-34.97415],[-57.79605,-34.97412],[-57.79609,-34.97411],[-57.79613,-34.9741],[-57.79617,-34.97406],[-57.79617,-34.97401],[-57.79613,-34.97374],[-57.79603,-34.97355],[-57.79582,-34.97316],[-57.79568,-34.97297],[-57.79545,-34.97269],[-57.79527,-34.9725],[-57.79524,-34.97243],[-57.79525,-34.97217],[-57.79521,-34.97202],[-57.7951,-34.97177],[-57.79489,-34.97152],[-57.79488,-34.97146],[-57.79465,-34.97116],[-57.79456,-34.97103],[-57.79442,-34.97076],[-57.7944,-34.97073],[-57.79436,-34.97071],[-57.79418,-34.97068],[-57.79413,-34.97065],[-57.79409,-34.97061],[-57.79405,-34.97048],[-57.79396,-34.97037],[-57.79375,-34.97014],[-57.79363,-34.97002],[-57.79346,-34.96991],[-57.79328,-34.96984],[-57.79301,-34.96977],[-57.79291,-34.96973],[-57.79274,-34.96965],[-57.79184,-34.96934],[-57.79126,-34.96918],[-57.79035,-34.96892],[-57.78983,-34.96881],[-57.78931,-34.96876],[-57.78901,-34.96884],[-57.78883,-34.96884],[-57.78852,-34.96882],[-57.78802,-34.96884],[-57.78732,-34.96897],[-57.78652,-34.9692],[-57.78609,-34.96936],[-57.78566,-34.96944],[-57.78508,-34.96951],[-57.7842,-34.96962],[-57.78339,-34.96969],[-57.78295,-34.96967],[-57.78263,-34.96964],[-57.7824,-34.96968],[-57.78219,-34.96967],[-57.78186,-34.96965],[-57.78149,-34.96961],[-57.78064,-34.96924],[-57.78004,-34.96881],[-57.77957,-34.96834],[-57.77933,-34.9679],[-57.77914,-34.96728],[-57.77864,-34.96656],[-57.77851,-34.96623],[-57.77851,-34.96585],[-57.77857,-34.96554],[-57.77858,-34.96522],[-57.77853,-34.96491],[-57.77839,-34.96467],[-57.7783,-34.96452],[-57.77825,-34.96431],[-57.7783,-34.96376],[-57.77821,-34.96321],[-57.77807,-34.96266],[-57.77793,-34.96157],[-57.77779,-34.96114],[-57.77778,-34.96109],[-57.77765,-34.96063],[-57.77765,-34.96031],[-57.77772,-34.96012],[-57.77788,-34.95982],[-57.778,-34.95972],[-57.77812,-34.95963],[-57.77814,-34.95953],[-57.77814,-34.95936],[-57.77799,-34.95897],[-57.77787,-34.95885],[-57.77771,-34.9588],[-57.77746,-34.95879],[-57.77716,-34.95877],[-57.777,-34.95872],[-57.7769,-34.95867],[-57.77686,-34.95862],[-57.77681,-34.95849],[-57.77675,-34.95828],[-57.77671,-34.95794],[-57.7767,-34.95778],[-57.77672,-34.95769],[-57.77679,-34.95752],[-57.7768,-34.95741],[-57.77676,-34.95721],[-57.7767,-34.95709],[-57.77658,-34.95699],[-57.77617,-34.95677],[-57.77609,-34.95667],[-57.77606,-34.95656],[-57.77609,-34.95639],[-57.77623,-34.95618],[-57.7763,-34.956],[-57.77636,-34.95592],[-57.77643,-34.95586],[-57.77647,-34.9558],[-57.77646,-34.95571],[-57.77643,-34.95559],[-57.77626,-34.95522],[-57.77609,-34.95495],[-57.776,-34.95472],[-57.77594,-34.95445],[-57.77592,-34.95425],[-57.77595,-34.95398],[-57.77594,-34.95385],[-57.77588,-34.9537],[-57.77585,-34.95359],[-57.77586,-34.95346],[-57.77589,-34.95331],[-57.77587,-34.95318],[-57.77581,-34.953],[-57.77575,-34.95291],[-57.77559,-34.95279],[-57.77554,-34.95268],[-57.77552,-34.95254],[-57.77555,-34.95238],[-57.77561,-34.95211],[-57.77575,-34.95159],[-57.77586,-34.95101],[-57.77591,-34.95088],[-57.77596,-34.95078],[-57.77603,-34.95068],[-57.77624,-34.95055],[-57.77633,-34.95047],[-57.7764,-34.95034],[-57.77644,-34.95021],[-57.77646,-34.94997],[-57.77645,-34.94967],[-57.77645,-34.94955],[-57.77654,-34.9494],[-57.77662,-34.94926],[-57.77672,-34.9492],[-57.77679,-34.94917],[-57.77683,-34.94912],[-57.77685,-34.94906],[-57.77685,-34.94901],[-57.77682,-34.94897],[-57.77671,-34.94891],[-57.77649,-34.94876],[-57.77638,-34.94867],[-57.77629,-34.94856],[-57.77618,-34.9485],[-57.77608,-34.94847],[-57.77591,-34.94845],[-57.77571,-34.94844],[-57.7755,-34.9485],[-57.77538,-34.94851],[-57.7752,-34.94847],[-57.77509,-34.94841],[-57.77495,-34.94827],[-57.7745,-34.9478],[-57.77428,-34.94766],[-57.77416,-34.94762],[-57.77406,-34.94759],[-57.77383,-34.9476],[-57.7736,-34.94766],[-57.77325,-34.9478],[-57.77278,-34.94804],[-57.7724,-34.94827],[-57.77204,-34.94841],[-57.77147,-34.94857],[-57.77115,-34.9487],[-57.7707,-34.94893],[-57.77037,-34.9491],[-57.7701,-34.9492],[-57.76997,-34.94924],[-57.76982,-34.94926],[-57.76967,-34.94927],[-57.7695,-34.94926],[-57.76937,-34.94923],[-57.76924,-34.94916],[-57.76909,-34.94903],[-57.76899,-34.94891],[-57.76888,-34.94875],[-57.76876,-34.94868],[-57.76847,-34.94852],[-57.76826,-34.9484],[-57.76815,-34.94832],[-57.76807,-34.94826],[-57.76796,-34.94813],[-57.76791,-34.948],[-57.76792,-34.94791],[-57.76798,-34.94777],[-57.76808,-34.94767],[-57.76824,-34.94752],[-57.76837,-34.9474],[-57.76849,-34.94733],[-57.7687,-34.94728],[-57.76905,-34.94725],[-57.76928,-34.94717],[-57.76946,-34.94703],[-57.76979,-34.94668],[-57.77001,-34.94649],[-57.77029,-34.94632],[-57.77061,-34.94617],[-57.77078,-34.94601],[-57.77097,-34.9459],[-57.77145,-34.94572],[-57.77169,-34.94563],[-57.7719,-34.94547],[-57.77205,-34.94529],[-57.77227,-34.94499],[-57.7725,-34.94471],[-57.77293,-34.94437],[-57.77378,-34.94371],[-57.77436,-34.9432],[-57.7747,-34.94281],[-57.77487,-34.9425],[-57.7749,-34.94223],[-57.77484,-34.94203],[-57.7747,-34.94174],[-57.77448,-34.94152],[-57.77401,-34.94112],[-57.77381,-34.94087],[-57.77359,-34.94068],[-57.77343,-34.94058],[-57.77329,-34.94058],[-57.77317,-34.94061],[-57.77289,-34.94073],[-57.77272,-34.94086],[-57.7726,-34.94101],[-57.77247,-34.94107],[-57.77231,-34.9411],[-57.7722,-34.9411],[-57.77207,-34.94107],[-57.77196,-34.941],[-57.77184,-34.9409],[-57.77178,-34.94078],[-57.77174,-34.94065],[-57.77169,-34.94029],[-57.77177,-34.93992],[-57.77179,-34.93976],[-57.77172,-34.93956],[-57.77159,-34.93943],[-57.77144,-34.93937],[-57.77124,-34.93935],[-57.77075,-34.93938],[-57.77052,-34.93934],[-57.77029,-34.93923],[-57.77012,-34.93907],[-57.77002,-34.93886],[-57.76998,-34.93861],[-57.77,-34.9385],[-57.77,-34.93846],[-57.77009,-34.93836],[-57.77025,-34.93827],[-57.77059,-34.93818],[-57.77086,-34.93815],[-57.77112,-34.93816],[-57.7717,-34.93832],[-57.77185,-34.93834],[-57.77195,-34.93834],[-57.77209,-34.93829],[-57.77229,-34.93812],[-57.77237,-34.93795],[-57.77237,-34.93782],[-57.77233,-34.93774],[-57.7722,-34.93766],[-57.77189,-34.93754],[-57.77153,-34.93742],[-57.7713,-34.9373],[-57.77123,-34.93719],[-57.77122,-34.93707],[-57.77126,-34.93692],[-57.77133,-34.93671],[-57.77143,-34.93657],[-57.77156,-34.93639],[-57.77159,-34.93621],[-57.77153,-34.93601],[-57.77146,-34.93587],[-57.77132,-34.93577],[-57.77111,-34.93567],[-57.77089,-34.93561],[-57.77042,-34.93551],[-57.77017,-34.93543],[-57.76972,-34.93537],[-57.76937,-34.93538],[-57.76854,-34.93542],[-57.76823,-34.93538],[-57.76804,-34.93529],[-57.76792,-34.93514],[-57.76781,-34.93483],[-57.76773,-34.93451],[-57.76774,-34.9343],[-57.76785,-34.93366],[-57.76789,-34.93345],[-57.76787,-34.93325],[-57.76756,-34.9329],[-57.76734,-34.93259],[-57.76728,-34.9322],[-57.76722,-34.93193],[-57.76715,-34.93178],[-57.7671,-34.93172],[-57.76694,-34.93146],[-57.76674,-34.93129],[-57.76648,-34.93113],[-57.76624,-34.93105],[-57.76598,-34.93105],[-57.76577,-34.93118],[-57.76549,-34.93128],[-57.76517,-34.93134],[-57.76489,-34.93135],[-57.7647,-34.93137],[-57.7645,-34.93153],[-57.76439,-34.93174],[-57.7643,-34.93204],[-57.76419,-34.93219],[-57.76401,-34.93232],[-57.76379,-34.93237],[-57.76355,-34.9324],[-57.76327,-34.93239],[-57.76308,-34.93231],[-57.76285,-34.93218],[-57.76225,-34.93164],[-57.76204,-34.93146],[-57.76172,-34.93135],[-57.7615,-34.93127],[-57.76131,-34.93115],[-57.76115,-34.93101],[-57.76103,-34.93073],[-57.76087,-34.93026],[-57.76076,-34.93008],[-57.76061,-34.92989],[-57.76054,-34.92972],[-57.76054,-34.92949],[-57.76077,-34.92925],[-57.76082,-34.92909],[-57.76081,-34.92901],[-57.76076,-34.92896],[-57.76054,-34.92886],[-57.76037,-34.9288],[-57.76022,-34.92874],[-57.76014,-34.92869],[-57.75989,-34.92867],[-57.75968,-34.9287],[-57.75956,-34.92868],[-57.75949,-34.92858],[-57.75941,-34.92842],[-57.75925,-34.92817],[-57.75921,-34.92796],[-57.75923,-34.92774],[-57.75921,-34.92766],[-57.75915,-34.92755],[-57.75905,-34.92747],[-57.75881,-34.92738],[-57.75874,-34.92728],[-57.75873,-34.92717],[-57.75874,-34.92698],[-57.75913,-34.92636],[-57.75919,-34.92622],[-57.75919,-34.92612],[-57.75918,-34.92601],[-57.75909,-34.92592],[-57.75898,-34.92584],[-57.75886,-34.9258],[-57.75873,-34.9258],[-57.75844,-34.92581]]}},{"type":"Feature","properties":{"descripcion":"Desagüe o zanja"},"geometry":{"type":"LineString","coordinates":[[-58.18928,-34.86818],[-58.18919,-34.86825]]}},{"type":"Feature","properties":{"descripcion":"Desagüe o zanja"},"geometry":{"type":"LineString","coordinates":[[-58.18919,-34.86825],[-58.18892,-34.86846]]}},{"type":"Feature","properties":{"descripcion":"Desagüe o zanja"},"geometry":{"type":"LineString","coordinates":[[-58.18881,-34.86855],[-58.18818,-34.86903]]}},{"type":"Feature","properties":{"descripcion":"Desagüe o zanja"},"geometry":{"type":"LineString","coordinates":[[-58.18892,-34.86846],[-58.18881,-34.86855]]}},{"type":"Feature","properties":{"descripcion":"Desagüe o zanja"},"geometry":{"type":"LineString","coordinates":[[-58.18547,-34.86589],[-58.18569,-34.86533]]}},{"type":"Feature","properties":{"descripcion":"Desagüe o zanja"},"geometry":{"type":"LineString","coordinates":[[-58.18545,-34.86595],[-58.18547,-34.86589]]}},{"type":"Feature","properties":{"descripcion":"Desagüe o zanja"},"geometry":{"type":"LineString","coordinates":[[-57.95633,-34.88258],[-57.95639,-34.88183]]}},{"type":"Feature","properties":{"descripcion":"Arroyo"},"geometry":{"type":"LineString","coordinates":[[-58.02638,-34.87873],[-58.02499,-34.87412]]}},{"type":"Feature","properties":{"nombre":"Arroyo Don Carlos","descripcion":"Arroyo"},"geometry":{"type":"LineString","coordinates":[[-58.02571,-34.88268],[-58.02582,-34.88251],[-58.02684,-34.88005],[-58.02638,-34.87873]]}},{"type":"Feature","properties":{"nombre":"Arroyo Don Carlos","descripcion":"Arroyo"},"geometry":{"type":"LineString","coordinates":[[-58.02438,-34.88693],[-58.02507,-34.88675],[-58.02461,-34.8856],[-58.02564,-34.88535],[-58.02482,-34.8832],[-58.02481,-34.88308],[-58.02556,-34.88292],[-58.02571,-34.88268]]}},{"type":"Feature","properties":{"nombre":"Arroyo Maldonado","descripcion":"Arroyo"},"geometry":{"type":"LineString","coordinates":[[-57.89931,-34.93586],[-57.89874,-34.93567],[-57.89829,-34.93547],[-57.89764,-34.93544]]}},{"type":"Feature","properties":{"nombre":"Arroyo Maldonado","descripcion":"Río"},"geometry":{"type":"LineString","coordinates":[[-57.89758,-34.93197],[-57.89774,-34.93195]]}},{"type":"Feature","properties":{"descripcion":"Canal"},"geometry":{"type":"LineString","coordinates":[[-57.89944,-34.93595],[-57.89931,-34.93586]]}},{"type":"Feature","properties":{"nombre":"Arroyo Maldonado","descripcion":"Arroyo"},"geometry":{"type":"LineString","coordinates":[[-57.89774,-34.93195],[-57.89803,-34.93183],[-57.89846,-34.9314],[-57.89856,-34.93115],[-57.89839,-34.93084],[-57.89823,-34.93028],[-57.89744,-34.92996],[-57.8969,-34.92944],[-57.89652,-34.92916],[-57.89609,-34.92872],[-57.89564,-34.92854],[-57.89515,-34.92841],[-57.89411,-34.92797],[-57.89373,-34.92772],[-57.89361,-34.92758],[-57.89347,-34.92721],[-57.89349,-34.92693],[-57.89374,-34.92662],[-57.894,-34.92619],[-57.89398,-34.92585]]}},{"type":"Feature","properties":{"nombre":"Mena","descripcion":"Canal"},"geometry":{"type":"LineString","coordinates":[[-57.88163,-34.92598],[-57.87452,-34.93054],[-57.87404,-34.93041],[-57.85573,-34.91127],[-57.84623,-34.9184],[-57.84558,-34.91892],[-57.84552,-34.91895],[-57.84546,-34.91896],[-57.84538,-34.91894],[-57.83503,-34.91047],[-57.83486,-34.9103],[-57.83428,-34.90926],[-57.83419,-34.90919],[-57.82152,-34.90614],[-57.82136,-34.90604],[-57.81519,-34.89849],[-57.81517,-34.89844],[-57.81528,-34.89832],[-57.81558,-34.89816],[-57.81793,-34.89686],[-57.81807,-34.89674],[-57.81819,-34.89658],[-57.81834,-34.89631],[-57.81836,-34.89623],[-57.81834,-34.89614],[-57.81733,-34.89499]]}},{"type":"Feature","properties":{"descripcion":"Arroyo"},"geometry":{"type":"LineString","coordinates":[[-57.94138,-34.93067],[-57.94132,-34.93066]]}},{"type":"Feature","properties":{"descripcion":"Arroyo"},"geometry":{"type":"LineString","coordinates":[[-57.94132,-34.93066],[-57.94123,-34.93067],[-57.94109,-34.93072],[-57.94094,-34.93074],[-57.94079,-34.93065]]}},{"type":"Feature","properties":{"nombre":"Arroyo Carnaval","descripcion":"Arroyo"},"geometry":{"type":"LineString","coordinates":[[-58.10824,-34.91701],[-58.10817,-34.91695],[-58.10804,-34.91683],[-58.10789,-34.91662],[-58.10781,-34.91647],[-58.10773,-34.91629],[-58.10755,-34.91616],[-58.10734,-34.91595],[-58.10728,-34.91576],[-58.10717,-34.91562],[-58.10708,-34.91545],[-58.107,-34.91529],[-58.10696,-34.91506],[-58.10688,-34.91495],[-58.1068,-34.91488],[-58.10671,-34.91481],[-58.10656,-34.91476],[-58.10642,-34.91468],[-58.10628,-34.9146],[-58.1062,-34.91445],[-58.10617,-34.91437],[-58.10616,-34.91428],[-58.10613,-34.91415],[-58.10601,-34.91406],[-58.10589,-34.914],[-58.10576,-34.9139],[-58.1057,-34.91377],[-58.10568,-34.91363],[-58.10559,-34.91351],[-58.10541,-34.91344],[-58.10523,-34.91334],[-58.10507,-34.91331],[-58.10489,-34.91332],[-58.10468,-34.91339],[-58.10452,-34.91336],[-58.10429,-34.91328],[-58.1041,-34.91323],[-58.10396,-34.91313],[-58.10391,-34.91303],[-58.10386,-34.91291],[-58.10376,-34.91276],[-58.10366,-34.91264],[-58.10353,-34.91252],[-58.10343,-34.91245],[-58.10321,-34.91231],[-58.10302,-34.91219],[-58.1029,-34.9121],[-58.10289,-34.91197],[-58.10294,-34.91181],[-58.10295,-34.91162],[-58.10289,-34.91152],[-58.1029,-34.91136],[-58.10288,-34.91118],[-58.10285,-34.91095],[-58.10275,-34.91077],[-58.10263,-34.91065],[-58.10254,-34.91051],[-58.10256,-34.91041],[-58.10251,-34.91008],[-58.10253,-34.90982],[-58.10256,-34.90962],[-58.10253,-34.90946],[-58.10229,-34.90938],[-58.10209,-34.90933],[-58.10191,-34.90932],[-58.10172,-34.90929],[-58.10161,-34.90932],[-58.1013,-34.90941],[-58.10103,-34.90951],[-58.1008,-34.90961],[-58.10056,-34.90969],[-58.10034,-34.90978],[-58.10021,-34.90981],[-58.10009,-34.90981],[-58.09989,-34.90976],[-58.09977,-34.9097],[-58.0997,-34.90963],[-58.09959,-34.90948],[-58.09956,-34.9093],[-58.09881,-34.90868],[-58.09803,-34.9084],[-58.0979,-34.90795],[-58.09797,-34.90698],[-58.09773,-34.90652],[-58.09779,-34.90627],[-58.09811,-34.90581],[-58.09822,-34.9053],[-58.09813,-34.90471],[-58.09783,-34.90434],[-58.09722,-34.90387],[-58.09685,-34.90364],[-58.09647,-34.90311],[-58.09645,-34.90301],[-58.09638,-34.90295],[-58.09634,-34.90285],[-58.09657,-34.90248],[-58.09703,-34.90225],[-58.0971,-34.90196],[-58.09699,-34.90184],[-58.09695,-34.9017],[-58.09676,-34.90152],[-58.09674,-34.9014],[-58.09693,-34.90102],[-58.09681,-34.90079],[-58.09644,-34.90065],[-58.09592,-34.89938],[-58.09593,-34.89911],[-58.09586,-34.899],[-58.0958,-34.89872],[-58.09555,-34.89805],[-58.09543,-34.89784],[-58.09535,-34.89772],[-58.09518,-34.8976],[-58.09497,-34.89751],[-58.09478,-34.89732],[-58.09463,-34.89708],[-58.09449,-34.89684],[-58.09442,-34.89663],[-58.09441,-34.89643],[-58.09445,-34.89634],[-58.09445,-34.89625],[-58.09441,-34.89614]]}},{"type":"Feature","properties":{"descripcion":"Desagüe o zanja"},"geometry":{"type":"LineString","coordinates":[[-58.18729,-34.86134],[-58.18733,-34.86123],[-58.1874,-34.86104],[-58.18739,-34.86095],[-58.18733,-34.86087],[-58.18705,-34.86061]]}},{"type":"Feature","properties":{"descripcion":"Desagüe o zanja"},"geometry":{"type":"LineString","coordinates":[[-58.18725,-34.86144],[-58.18729,-34.86134]]}},{"type":"Feature","properties":{"descripcion":"Desagüe o zanja"},"geometry":{"type":"LineString","coordinates":[[-58.1944,-34.86358],[-58.19279,-34.8622]]}},{"type":"Feature","properties":{"descripcion":"Desagüe o zanja"},"geometry":{"type":"LineString","coordinates":[[-58.18766,-34.86077],[-58.18756,-34.86075]]}},{"type":"Feature","properties":{"descripcion":"Desagüe o zanja"},"geometry":{"type":"LineString","coordinates":[[-58.18621,-34.86403],[-58.18626,-34.86391]]}},{"type":"Feature","properties":{"descripcion":"Desagüe o zanja"},"geometry":{"type":"LineString","coordinates":[[-58.18626,-34.86391],[-58.18673,-34.86272]]}},{"type":"Feature","properties":{"nombre":"Afuente Arroyo El Gato","descripcion":"Arroyo"},"geometry":{"type":"LineString","coordinates":[[-58.03299,-34.93176],[-58.03278,-34.93173],[-58.0316,-34.93109],[-58.03059,-34.93038],[-58.02958,-34.92952],[-58.02832,-34.92835],[-58.02738,-34.92904],[-58.02614,-34.92928],[-58.02575,-34.92919],[-58.02555,-34.92914],[-58.0254,-34.92918],[-58.02511,-34.92942],[-58.02482,-34.9294],[-58.0246,-34.92935],[-58.02379,-34.92936],[-58.02349,-34.92949],[-58.02341,-34.92966],[-58.01989,-34.93231],[-58.01971,-34.93234]]}},{"type":"Feature","properties":{"descripcion":"Arroyo"},"geometry":{"type":"LineString","coordinates":[[-58.0331,-34.93184],[-58.03299,-34.93176]]}},{"type":"Feature","properties":{"descripcion":"Desagüe o zanja"},"geometry":{"type":"LineString","coordinates":[[-57.93575,-34.91033],[-57.93596,-34.91032]]}},{"type":"Feature","properties":{"nombre":"Arroyo Caracol Chico","descripcion":"Arroyo"},"geometry":{"type":"LineString","coordinates":[[-57.86638,-34.85812],[-57.86624,-34.85809],[-57.86615,-34.858],[-57.86606,-34.85787],[-57.86599,-34.85771],[-57.86595,-34.85753],[-57.86581,-34.85737],[-57.86567,-34.85727],[-57.86566,-34.85715],[-57.86578,-34.85702],[-57.86584,-34.85689],[-57.86579,-34.85676],[-57.86563,-34.85669],[-57.8649,-34.85645],[-57.86457,-34.85633],[-57.86442,-34.85623],[-57.86443,-34.85608],[-57.86454,-34.85573],[-57.86459,-34.85555],[-57.86454,-34.85539],[-57.8644,-34.8552],[-57.86433,-34.85508],[-57.86415,-34.855],[-57.86403,-34.85489],[-57.86397,-34.85478]]}},{"type":"Feature","properties":{"descripcion":"Arroyo"},"geometry":{"type":"LineString","coordinates":[[-58.09937,-35.16108],[-58.09916,-35.16105],[-58.09905,-35.16097],[-58.09893,-35.16096],[-58.09874,-35.1609],[-58.09859,-35.16088],[-58.09846,-35.16087],[-58.09824,-35.16078],[-58.09814,-35.16083],[-58.09806,-35.16083],[-58.09791,-35.16075],[-58.09775,-35.16068],[-58.09759,-35.16068],[-58.0974,-35.16063],[-58.09716,-35.16052],[-58.0967,-35.16035],[-58.09631,-35.16021],[-58.09594,-35.16016],[-58.09543,-35.16012],[-58.0951,-35.1601],[-58.09491,-35.16003],[-58.0946,-35.1599],[-58.09432,-35.15981],[-58.09385,-35.15964],[-58.0935,-35.1595],[-58.09338,-35.15946],[-58.09323,-35.15948],[-58.09307,-35.15949],[-58.09273,-35.1594],[-58.09234,-35.15926],[-58.09218,-35.15924],[-58.09169,-35.15925],[-58.09148,-35.15916],[-58.09116,-35.15895],[-58.09078,-35.15885],[-58.09037,-35.15879],[-58.09004,-35.15881],[-58.08975,-35.15884],[-58.08951,-35.15888],[-58.08915,-35.15905],[-58.08869,-35.15922],[-58.08816,-35.15938],[-58.08798,-35.15947],[-58.08784,-35.15956],[-58.08762,-35.15959],[-58.08724,-35.15961],[-58.08654,-35.15968],[-58.0854,-35.15979],[-58.0838,-35.15988],[-58.08217,-35.15996],[-58.08015,-35.16005],[-58.07812,-35.16017],[-58.07655,-35.16024],[-58.07623,-35.16021],[-58.07504,-35.15985],[-58.07322,-35.1593],[-58.07214,-35.15899],[-58.07178,-35.15891],[-58.07164,-35.15889],[-58.07147,-35.15895],[-58.07125,-35.15904],[-58.07106,-35.15912],[-58.07073,-35.15908],[-58.07025,-35.15888],[-58.06996,-35.15876],[-58.06941,-35.15867],[-58.06836,-35.15844],[-58.06797,-35.15837],[-58.06761,-35.15822],[-58.06736,-35.15814],[-58.06687,-35.15802],[-58.06664,-35.15788],[-58.06647,-35.15771],[-58.06618,-35.15751],[-58.06569,-35.15714],[-58.06524,-35.15698],[-58.06478,-35.15673],[-58.06388,-35.15622],[-58.06383,-35.15619],[-58.06365,-35.15608],[-58.06345,-35.15611],[-58.06315,-35.15618],[-58.06284,-35.15627],[-58.06234,-35.15641],[-58.06187,-35.15654],[-58.06154,-35.15664],[-58.06112,-35.15666],[-58.06055,-35.15664],[-58.06009,-35.15646],[-58.05931,-35.15597],[-58.05882,-35.15578],[-58.05846,-35.15573],[-58.05807,-35.1556],[-58.05783,-35.15547],[-58.05773,-35.15536],[-58.05761,-35.15528],[-58.05741,-35.15515],[-58.05724,-35.15503],[-58.05707,-35.15496],[-58.05702,-35.15489],[-58.05696,-35.15473],[-58.0569,-35.15461],[-58.05682,-35.15451],[-58.05675,-35.15444],[-58.05663,-35.15437],[-58.0565,-35.15423],[-58.05632,-35.1541],[-58.05614,-35.15403],[-58.056,-35.15394],[-58.05591,-35.15386],[-58.05575,-35.15376],[-58.05558,-35.15361],[-58.05509,-35.15336],[-58.0548,-35.15324],[-58.05453,-35.15308],[-58.05437,-35.15297],[-58.05435,-35.15294],[-58.05419,-35.15277],[-58.054,-35.15267],[-58.0538,-35.15266],[-58.05353,-35.15281],[-58.05339,-35.15282],[-58.05311,-35.15266],[-58.05277,-35.15239],[-58.05235,-35.152],[-58.05201,-35.15167],[-58.05177,-35.15141],[-58.05158,-35.15133],[-58.05139,-35.15132],[-58.0513,-35.15131],[-58.05076,-35.15124],[-58.05007,-35.15114],[-58.04991,-35.15106],[-58.04976,-35.15096],[-58.04956,-35.15094],[-58.0493,-35.15094],[-58.04853,-35.151],[-58.04801,-35.15093],[-58.04784,-35.15093],[-58.04751,-35.15098],[-58.04706,-35.15099],[-58.04682,-35.15103],[-58.04647,-35.15121],[-58.04628,-35.15119],[-58.04572,-35.15122],[-58.0445,-35.15089]]}},{"type":"Feature","properties":{"descripcion":"Arroyo"},"geometry":{"type":"LineString","coordinates":[[-58.06506,-34.86497],[-58.06514,-34.86498],[-58.0652,-34.86496],[-58.06528,-34.86501],[-58.06541,-34.86507],[-58.06551,-34.86517],[-58.06556,-34.86525],[-58.06556,-34.86532]]}},{"type":"Feature","properties":{"descripcion":"Arroyo"},"geometry":{"type":"LineString","coordinates":[[-58.06374,-34.86646],[-58.06438,-34.86633]]}},{"type":"Feature","properties":{"descripcion":"Arroyo"},"geometry":{"type":"LineString","coordinates":[[-57.95356,-34.83149],[-57.95332,-34.83125]]}},{"type":"Feature","properties":{"descripcion":"Arroyo"},"geometry":{"type":"LineString","coordinates":[[-57.95332,-34.83125],[-57.95299,-34.83091],[-57.95277,-34.83049],[-57.95204,-34.82975],[-57.9517,-34.82925]]}},{"type":"Feature","properties":{"nombre":"Arroyo González","descripcion":"Arroyo"},"geometry":{"type":"LineString","coordinates":[[-58.24211,-35.32953],[-58.24205,-35.3294],[-58.24201,-35.32926],[-58.24198,-35.32897],[-58.24192,-35.32866],[-58.24172,-35.3283],[-58.24161,-35.32821],[-58.24151,-35.32805],[-58.24149,-35.32792],[-58.24141,-35.32784],[-58.24128,-35.32784],[-58.24123,-35.32776],[-58.2412,-35.3277],[-58.24115,-35.32766],[-58.24108,-35.32764],[-58.24088,-35.3276],[-58.24056,-35.32753],[-58.24044,-35.32751],[-58.24006,-35.32748],[-58.23997,-35.32748],[-58.23988,-35.32745],[-58.23978,-35.32738],[-58.23956,-35.32727],[-58.23905,-35.32698],[-58.23844,-35.32659],[-58.23793,-35.32633],[-58.23697,-35.32579],[-58.23536,-35.32491],[-58.23488,-35.3247],[-58.23481,-35.32468],[-58.23433,-35.32463],[-58.2342,-35.32458],[-58.23406,-35.32448],[-58.23378,-35.32425],[-58.23332,-35.3239],[-58.2331,-35.32374],[-58.23293,-35.32357],[-58.23253,-35.32326],[-58.23223,-35.32296],[-58.232,-35.32278],[-58.231,-35.32187],[-58.22902,-35.32003],[-58.22898,-35.31998],[-58.22895,-35.31992],[-58.22895,-35.31986],[-58.22895,-35.31969],[-58.22899,-35.31933],[-58.22901,-35.31918],[-58.22906,-35.31908],[-58.22914,-35.31895],[-58.22914,-35.3189],[-58.2291,-35.31881],[-58.22905,-35.31851],[-58.22895,-35.31796],[-58.22871,-35.31712],[-58.22866,-35.31683],[-58.22858,-35.31647],[-58.22854,-35.31634],[-58.22842,-35.31614],[-58.22839,-35.31607],[-58.2284,-35.316],[-58.22844,-35.31577],[-58.22844,-35.31569],[-58.22842,-35.31561],[-58.22835,-35.31556],[-58.22783,-35.31533],[-58.22777,-35.31527],[-58.22773,-35.31521],[-58.22768,-35.31502],[-58.22765,-35.31492],[-58.22754,-35.31471],[-58.22751,-35.31462],[-58.2275,-35.31444],[-58.22754,-35.31421],[-58.22751,-35.31392],[-58.22753,-35.31371],[-58.22761,-35.31349],[-58.22773,-35.3133],[-58.2277,-35.31299],[-58.22758,-35.31259],[-58.22739,-35.3123],[-58.227,-35.31191],[-58.2267,-35.31154],[-58.22622,-35.31101],[-58.22577,-35.31053],[-58.22561,-35.31035],[-58.22536,-35.31025],[-58.22515,-35.3101],[-58.22508,-35.3099],[-58.2251,-35.30975],[-58.22495,-35.30958],[-58.22481,-35.3095],[-58.2247,-35.30935],[-58.22459,-35.30924],[-58.22457,-35.30907],[-58.2244,-35.30899],[-58.2242,-35.30888],[-58.2241,-35.30876],[-58.22406,-35.30858],[-58.22397,-35.30847],[-58.22391,-35.30848],[-58.22388,-35.30848],[-58.22384,-35.30842],[-58.22386,-35.30838],[-58.22384,-35.30826],[-58.22382,-35.3082],[-58.22378,-35.30817],[-58.22369,-35.30809],[-58.22362,-35.30801],[-58.22357,-35.30797],[-58.22347,-35.30791],[-58.22342,-35.3079],[-58.2234,-35.30786],[-58.22328,-35.30778],[-58.22324,-35.30772],[-58.22315,-35.30765],[-58.22313,-35.30761],[-58.22308,-35.30748],[-58.22304,-35.30729],[-58.22302,-35.30721],[-58.22286,-35.307],[-58.22273,-35.30683],[-58.22265,-35.30676],[-58.22254,-35.30673],[-58.22241,-35.30675],[-58.22202,-35.30685],[-58.22168,-35.3069],[-58.2215,-35.30687],[-58.22127,-35.30683],[-58.22099,-35.30675],[-58.22086,-35.30674],[-58.22048,-35.30674],[-58.21996,-35.30666],[-58.21932,-35.30664],[-58.21895,-35.30672],[-58.21856,-35.30674],[-58.21846,-35.30672],[-58.21837,-35.30665],[-58.21824,-35.30648],[-58.21811,-35.30625],[-58.21763,-35.30574],[-58.21741,-35.30549],[-58.21734,-35.30534],[-58.21739,-35.30489],[-58.2173,-35.30468],[-58.21717,-35.30438],[-58.2172,-35.30418],[-58.21734,-35.3039],[-58.21733,-35.30375],[-58.2173,-35.30344],[-58.21718,-35.30303],[-58.21709,-35.30261],[-58.21714,-35.30224],[-58.21708,-35.30207],[-58.21701,-35.302],[-58.21672,-35.30195],[-58.21658,-35.30188],[-58.21652,-35.30175],[-58.21639,-35.30161],[-58.21614,-35.30135],[-58.216,-35.30097],[-58.21599,-35.30067],[-58.21589,-35.30046],[-58.21587,-35.30025],[-58.21564,-35.30007],[-58.21547,-35.29987],[-58.21533,-35.29975],[-58.21511,-35.29966],[-58.21477,-35.29959],[-58.21462,-35.29944],[-58.21463,-35.29928],[-58.21462,-35.29914],[-58.21455,-35.29899],[-58.21427,-35.29883],[-58.21413,-35.29868],[-58.21407,-35.29831],[-58.21398,-35.29812],[-58.21396,-35.29776],[-58.21388,-35.29749],[-58.21378,-35.29723],[-58.21372,-35.297],[-58.21372,-35.29665],[-58.2136,-35.29606],[-58.21345,-35.29565],[-58.21329,-35.29536],[-58.2133,-35.2951],[-58.21331,-35.29496],[-58.21326,-35.29458],[-58.21297,-35.29421],[-58.21272,-35.29399],[-58.21258,-35.29379],[-58.21252,-35.29367],[-58.21248,-35.29332],[-58.2125,-35.29306],[-58.2126,-35.29271],[-58.21274,-35.29188],[-58.21269,-35.2916],[-58.21267,-35.29149],[-58.21267,-35.29129],[-58.21248,-35.29116],[-58.21236,-35.29098],[-58.21221,-35.29083],[-58.21206,-35.2907],[-58.21183,-35.29051],[-58.21166,-35.29049],[-58.21103,-35.29053],[-58.2107,-35.29048],[-58.21041,-35.29038],[-58.21018,-35.29042],[-58.20972,-35.29043],[-58.20933,-35.29044],[-58.20903,-35.2905],[-58.20875,-35.29044],[-58.20858,-35.29042],[-58.20791,-35.29099],[-58.20773,-35.29103],[-58.207,-35.29083],[-58.20665,-35.29076],[-58.20643,-35.29062],[-58.20625,-35.29048],[-58.20514,-35.29005],[-58.20361,-35.28908],[-58.20308,-35.28885],[-58.20272,-35.28869],[-58.20228,-35.28865],[-58.20193,-35.2887],[-58.20162,-35.28853],[-58.2014,-35.28824],[-58.20105,-35.28792],[-58.20071,-35.28774],[-58.2005,-35.28752],[-58.20027,-35.28727],[-58.20019,-35.28708],[-58.20002,-35.2867],[-58.19976,-35.28625],[-58.19942,-35.28605],[-58.19918,-35.28586],[-58.199,-35.28563],[-58.19889,-35.28522],[-58.19867,-35.28497],[-58.19859,-35.28473],[-58.19862,-35.28446],[-58.19852,-35.28434],[-58.19778,-35.28399],[-58.19742,-35.28391],[-58.19735,-35.28373],[-58.19713,-35.28358],[-58.19676,-35.28333],[-58.19611,-35.28299],[-58.19596,-35.28257],[-58.1958,-35.28217],[-58.19562,-35.28168],[-58.19558,-35.28131],[-58.19552,-35.28108],[-58.19528,-35.28091],[-58.19504,-35.28081],[-58.19487,-35.28058],[-58.19479,-35.28033],[-58.19477,-35.28006],[-58.19435,-35.27958],[-58.19437,-35.27945],[-58.19434,-35.27927],[-58.19421,-35.2791],[-58.19398,-35.2789],[-58.19394,-35.27862],[-58.19373,-35.2781],[-58.19362,-35.27757],[-58.19319,-35.27741],[-58.1932,-35.27713],[-58.19311,-35.27696],[-58.19311,-35.27668],[-58.19312,-35.27641],[-58.19285,-35.27594],[-58.19268,-35.27588],[-58.1926,-35.27575],[-58.19263,-35.27555],[-58.19245,-35.27533],[-58.19207,-35.27515],[-58.19187,-35.27495],[-58.19173,-35.27456],[-58.19139,-35.27434],[-58.19106,-35.27412],[-58.1909,-35.27388],[-58.19098,-35.27368],[-58.19098,-35.27344],[-58.19087,-35.27324],[-58.19072,-35.27304],[-58.19052,-35.27289],[-58.19022,-35.27255],[-58.19007,-35.27222],[-58.18992,-35.272],[-58.18978,-35.27172],[-58.18981,-35.27119],[-58.18976,-35.27093],[-58.18955,-35.27078],[-58.18947,-35.27052],[-58.18935,-35.27005],[-58.18918,-35.26933],[-58.18921,-35.2689],[-58.18922,-35.26865],[-58.18913,-35.26835],[-58.18897,-35.26798],[-58.1888,-35.26761],[-58.18881,-35.26723],[-58.18879,-35.26668],[-58.1888,-35.26622],[-58.18872,-35.26572],[-58.18874,-35.26539],[-58.1887,-35.2651],[-58.18876,-35.26478],[-58.18871,-35.26453],[-58.18876,-35.26431],[-58.18882,-35.26396],[-58.1888,-35.26365],[-58.18862,-35.26313],[-58.18865,-35.26295],[-58.18879,-35.26262],[-58.1888,-35.26247],[-58.18878,-35.26225],[-58.18874,-35.26211],[-58.18892,-35.26173],[-58.18909,-35.26141],[-58.18927,-35.26123],[-58.18935,-35.26095],[-58.1894,-35.26064],[-58.18923,-35.26044],[-58.18914,-35.26024],[-58.18914,-35.26007],[-58.18936,-35.25939],[-58.18934,-35.25922],[-58.1892,-35.259],[-58.1889,-35.25871],[-58.18871,-35.25844],[-58.18869,-35.25823],[-58.1888,-35.25808],[-58.18886,-35.25789],[-58.18876,-35.25748],[-58.18851,-35.25679],[-58.18826,-35.25635],[-58.18769,-35.25555],[-58.18736,-35.255],[-58.18729,-35.25475],[-58.18728,-35.25438],[-58.18709,-35.25415],[-58.18697,-35.25375],[-58.18689,-35.25323],[-58.18665,-35.25291],[-58.18665,-35.25259],[-58.18671,-35.2522],[-58.18659,-35.25184],[-58.18645,-35.2513],[-58.18614,-35.25102],[-58.18586,-35.25081],[-58.18582,-35.25059],[-58.18579,-35.25017],[-58.1857,-35.24976],[-58.18551,-35.24943],[-58.18541,-35.2491],[-58.18545,-35.24863],[-58.18542,-35.24827],[-58.18526,-35.24786],[-58.18495,-35.2472],[-58.18436,-35.24673],[-58.1841,-35.24649],[-58.18388,-35.24615],[-58.18366,-35.24598],[-58.18315,-35.24589],[-58.18247,-35.24568],[-58.1823,-35.24553],[-58.18224,-35.24532],[-58.18228,-35.245],[-58.18235,-35.24458],[-58.18231,-35.24416],[-58.18212,-35.24384],[-58.18181,-35.24343],[-58.18151,-35.24303],[-58.18108,-35.24274],[-58.18068,-35.24225],[-58.18019,-35.24183],[-58.17994,-35.2416],[-58.17976,-35.24125],[-58.17974,-35.24089],[-58.17983,-35.24079],[-58.18027,-35.2405],[-58.18065,-35.24006],[-58.18079,-35.23969],[-58.18078,-35.23931],[-58.18064,-35.23913],[-58.1804,-35.23905],[-58.1801,-35.23884],[-58.17991,-35.2386],[-58.17935,-35.23773],[-58.17875,-35.2372]]}},{"type":"Feature","properties":{"descripcion":"Canal"},"geometry":{"type":"LineString","coordinates":[[-57.89157,-34.92139],[-57.88821,-34.9208],[-57.88633,-34.92131],[-57.86877,-34.90169]]}},{"type":"Feature","properties":{"descripcion":"Arroyo"},"geometry":{"type":"LineString","coordinates":[[-58.10933,-34.81644],[-58.10926,-34.81603]]}},{"type":"Feature","properties":{"descripcion":"Arroyo"},"geometry":{"type":"LineString","coordinates":[[-58.10937,-34.81731],[-58.10935,-34.81669],[-58.10933,-34.81644]]}},{"type":"Feature","properties":{"descripcion":"Arroyo"},"geometry":{"type":"LineString","coordinates":[[-57.99509,-34.96972],[-57.99517,-34.96964]]}},{"type":"Feature","properties":{"descripcion":"Canal"},"geometry":{"type":"LineString","coordinates":[[-58.00108,-34.9469],[-58.00113,-34.94671]]}},{"type":"Feature","properties":{"descripcion":"Arroyo"},"geometry":{"type":"LineString","coordinates":[[-57.99555,-34.96666],[-57.9955,-34.96647]]}},{"type":"Feature","properties":{"descripcion":"Arroyo"},"geometry":{"type":"LineString","coordinates":[[-57.9947,-34.96554],[-57.9947,-34.96535]]}},{"type":"Feature","properties":{"descripcion":"Arroyo"},"geometry":{"type":"LineString","coordinates":[[-57.99517,-34.96964],[-57.99546,-34.96934],[-57.99542,-34.96797],[-57.99555,-34.96666]]}},{"type":"Feature","properties":{"descripcion":"Arroyo"},"geometry":{"type":"LineString","coordinates":[[-57.99525,-34.97005],[-57.99504,-34.96983],[-57.99509,-34.96972]]}},{"type":"Feature","properties":{"nombre":"Arroyo Punta del Monte","descripcion":"Arroyo"},"geometry":{"type":"LineString","coordinates":[[-57.89946,-34.83785],[-57.89949,-34.83802]]}},{"type":"Feature","properties":{"nombre":"Arroyo Punta del Monte","descripcion":"Arroyo"},"geometry":{"type":"LineString","coordinates":[[-57.89949,-34.83802],[-57.89953,-34.8382],[-57.89931,-34.83899],[-57.89867,-34.84008],[-57.8987,-34.84162],[-57.89848,-34.84219],[-57.89976,-34.84475],[-57.90016,-34.84608]]}},{"type":"Feature","properties":{"nombre":"Arroyo Largo","descripcion":"Arroyo"},"geometry":{"type":"LineString","coordinates":[[-57.90561,-34.83567],[-57.90559,-34.83528],[-57.90574,-34.83472],[-57.90581,-34.83429],[-57.90574,-34.83414],[-57.90555,-34.8334],[-57.90558,-34.83333],[-57.90562,-34.83329],[-57.90571,-34.83323],[-57.90594,-34.83313],[-57.90612,-34.83304],[-57.90625,-34.83297],[-57.90638,-34.83288],[-57.90649,-34.83281],[-57.9066,-34.83271],[-57.90687,-34.83254],[-57.90727,-34.83241],[-57.90738,-34.83237],[-57.90752,-34.83234],[-57.90793,-34.8323],[-57.90825,-34.83222],[-57.90837,-34.83219],[-57.90849,-34.83212],[-57.90858,-34.83207],[-57.90866,-34.83201],[-57.90881,-34.83188],[-57.90905,-34.83144],[-57.90952,-34.83086],[-57.91022,-34.83031],[-57.91037,-34.83001]]}},{"type":"Feature","properties":{"nombre":"Arroyo del Chileno","descripcion":"Arroyo"},"geometry":{"type":"LineString","coordinates":[[-57.90561,-34.83578],[-57.90561,-34.83567]]}},{"type":"Feature","properties":{"descripcion":"Canal"},"geometry":{"type":"LineString","coordinates":[[-58.11536,-35.0077],[-58.11545,-35.00763]]}},{"type":"Feature","properties":{"descripcion":"Canal"},"geometry":{"type":"LineString","coordinates":[[-58.11545,-35.00763],[-58.11689,-35.00652],[-58.117,-35.00624]]}},{"type":"Feature","properties":{"nombre":"Arroyo Maldonado","descripcion":"Arroyo"},"geometry":{"type":"LineString","coordinates":[[-57.9063,-34.94214],[-57.90611,-34.94197],[-57.90556,-34.94184],[-57.90476,-34.94188],[-57.90462,-34.94179],[-57.90441,-34.94112],[-57.90421,-34.94082],[-57.90332,-34.93987],[-57.90285,-34.93936],[-57.90237,-34.93891],[-57.90188,-34.93825],[-57.90149,-34.93789],[-57.90074,-34.93703],[-57.90043,-34.93637],[-57.90022,-34.93617],[-57.89985,-34.93604],[-57.89965,-34.93603],[-57.89944,-34.93595]]}},{"type":"Feature","properties":{"nombre":"Arroyo Maldonado","descripcion":"Arroyo"},"geometry":{"type":"LineString","coordinates":[[-57.90723,-34.94443],[-57.90725,-34.94422]]}},{"type":"Feature","properties":{"nombre":"Arroyo Maldonado","descripcion":"Arroyo"},"geometry":{"type":"LineString","coordinates":[[-57.91127,-34.95312],[-57.91105,-34.95291]]}},{"type":"Feature","properties":{"nombre":"Arroyo Maldonado","descripcion":"Arroyo"},"geometry":{"type":"LineString","coordinates":[[-57.90635,-34.94219],[-57.9063,-34.94214]]}},{"type":"Feature","properties":{"nombre":"Arroyo Maldonado","descripcion":"Arroyo"},"geometry":{"type":"LineString","coordinates":[[-57.91602,-34.95749],[-57.91134,-34.95327],[-57.9113,-34.95315],[-57.91127,-34.95312]]}},{"type":"Feature","properties":{"nombre":"Arroyo Maldonado","descripcion":"Arroyo"},"geometry":{"type":"LineString","coordinates":[[-57.90725,-34.94422],[-57.90735,-34.94375],[-57.9073,-34.94356],[-57.90714,-34.9434],[-57.90685,-34.94294],[-57.90653,-34.94238],[-57.90635,-34.94219]]}},{"type":"Feature","properties":{"descripcion":"Arroyo"},"geometry":{"type":"LineString","coordinates":[[-57.89675,-34.93894],[-57.89614,-34.93937]]}},{"type":"Feature","properties":{"descripcion":"Arroyo"},"geometry":{"type":"LineString","coordinates":[[-57.89686,-34.9389],[-57.89675,-34.93894]]}},{"type":"Feature","properties":{"descripcion":"Arroyo"},"geometry":{"type":"LineString","coordinates":[[-57.8967,-34.93598],[-57.89661,-34.93606]]}},{"type":"Feature","properties":{"descripcion":"Arroyo"},"geometry":{"type":"LineString","coordinates":[[-57.8974,-34.93732],[-57.89746,-34.93739]]}},{"type":"Feature","properties":{"descripcion":"Arroyo"},"geometry":{"type":"LineString","coordinates":[[-57.89653,-34.93654],[-57.89655,-34.93662]]}},{"type":"Feature","properties":{"descripcion":"Arroyo"},"geometry":{"type":"LineString","coordinates":[[-57.8975,-34.93807],[-57.89738,-34.93817]]}},{"type":"Feature","properties":{"descripcion":"Arroyo"},"geometry":{"type":"LineString","coordinates":[[-57.89661,-34.93606],[-57.89654,-34.93615],[-57.89653,-34.93654]]}},{"type":"Feature","properties":{"descripcion":"Arroyo"},"geometry":{"type":"LineString","coordinates":[[-57.89738,-34.93817],[-57.89733,-34.93822],[-57.89725,-34.93863],[-57.89686,-34.9389]]}},{"type":"Feature","properties":{"descripcion":"Arroyo"},"geometry":{"type":"LineString","coordinates":[[-57.89746,-34.93739],[-57.89777,-34.93768],[-57.89773,-34.93789],[-57.8975,-34.93807]]}},{"type":"Feature","properties":{"descripcion":"Arroyo"},"geometry":{"type":"LineString","coordinates":[[-57.89662,-34.93559],[-57.89664,-34.93569],[-57.89677,-34.93581],[-57.89679,-34.93586],[-57.89679,-34.93591],[-57.8967,-34.93598]]}},{"type":"Feature","properties":{"descripcion":"Arroyo"},"geometry":{"type":"LineString","coordinates":[[-58.07764,-34.94776],[-58.07757,-34.94769]]}},{"type":"Feature","properties":{"descripcion":"Arroyo"},"geometry":{"type":"LineString","coordinates":[[-58.07757,-34.94769],[-58.07738,-34.94749],[-58.07697,-34.94713],[-58.07668,-34.94691],[-58.07633,-34.94666],[-58.07619,-34.94658],[-58.076,-34.94657],[-58.07587,-34.94644],[-58.07572,-34.94634],[-58.0755,-34.94625],[-58.07535,-34.94621],[-58.07526,-34.94614],[-58.07511,-34.94602],[-58.07505,-34.94592],[-58.07505,-34.94582],[-58.07486,-34.94571],[-58.07482,-34.94559],[-58.07476,-34.94547],[-58.07466,-34.94538],[-58.0745,-34.94528],[-58.07436,-34.94515],[-58.07425,-34.94508],[-58.07395,-34.94492],[-58.07355,-34.94475],[-58.07323,-34.94456],[-58.073,-34.94447],[-58.07264,-34.94474]]}},{"type":"Feature","properties":{"descripcion":"Desagüe o zanja"},"geometry":{"type":"LineString","coordinates":[[-58.16845,-34.94165],[-58.16752,-34.94471]]}},{"type":"Feature","properties":{"descripcion":"Desagüe o zanja"},"geometry":{"type":"LineString","coordinates":[[-58.16736,-34.94521],[-58.16718,-34.94589]]}},{"type":"Feature","properties":{"descripcion":"Desagüe o zanja"},"geometry":{"type":"LineString","coordinates":[[-58.16739,-34.94509],[-58.16736,-34.94521]]}},{"type":"Feature","properties":{"descripcion":"Desagüe o zanja"},"geometry":{"type":"LineString","coordinates":[[-58.16748,-34.94482],[-58.16739,-34.94509]]}},{"type":"Feature","properties":{"descripcion":"Desagüe o zanja"},"geometry":{"type":"LineString","coordinates":[[-58.16718,-34.94589],[-58.16716,-34.94596]]}},{"type":"Feature","properties":{"descripcion":"Desagüe o zanja"},"geometry":{"type":"LineString","coordinates":[[-58.16716,-34.94596],[-58.16703,-34.94641]]}},{"type":"Feature","properties":{"descripcion":"Desagüe o zanja"},"geometry":{"type":"LineString","coordinates":[[-58.16752,-34.94471],[-58.16748,-34.94482]]}},{"type":"Feature","properties":{"descripcion":"Desagüe o zanja"},"geometry":{"type":"LineString","coordinates":[[-58.17317,-34.90646],[-58.17224,-34.90636],[-58.1722,-34.90635],[-58.17216,-34.90634],[-58.17214,-34.90631],[-58.17214,-34.90628],[-58.17229,-34.90524],[-58.17229,-34.9052],[-58.17226,-34.90516],[-58.17222,-34.90513],[-58.17217,-34.90509],[-58.17213,-34.90507]]}},{"type":"Feature","properties":{"descripcion":"Desagüe o zanja"},"geometry":{"type":"LineString","coordinates":[[-58.08632,-35.07293],[-58.09486,-35.08045],[-58.09499,-35.08044],[-58.09666,-35.07918],[-58.09676,-35.07916],[-58.09724,-35.07919],[-58.09874,-35.07927],[-58.09997,-35.07935],[-58.10107,-35.07943],[-58.10175,-35.0795],[-58.10222,-35.07949],[-58.10415,-35.07959],[-58.10538,-35.07966],[-58.10601,-35.07971]]}},{"type":"Feature","properties":{"descripcion":"Arroyo"},"geometry":{"type":"LineString","coordinates":[[-58.05928,-35.05087],[-58.05935,-35.05096]]}},{"type":"Feature","properties":{"descripcion":"Arroyo"},"geometry":{"type":"LineString","coordinates":[[-57.93126,-34.90423],[-57.93107,-34.90406]]}},{"type":"Feature","properties":{"descripcion":"Arroyo"},"geometry":{"type":"LineString","coordinates":[[-57.92572,-34.89897],[-57.92563,-34.89889]]}},{"type":"Feature","properties":{"descripcion":"Arroyo"},"geometry":{"type":"LineString","coordinates":[[-57.92563,-34.89889],[-57.92556,-34.89882],[-57.92545,-34.89871]]}},{"type":"Feature","properties":{"descripcion":"Arroyo"},"geometry":{"type":"LineString","coordinates":[[-57.93324,-34.90509],[-57.93294,-34.905],[-57.9326,-34.90498],[-57.93193,-34.9047],[-57.93126,-34.90423]]}},{"type":"Feature","properties":{"descripcion":"Arroyo"},"geometry":{"type":"LineString","coordinates":[[-57.93107,-34.90406],[-57.93048,-34.90351],[-57.93012,-34.90316],[-57.92979,-34.90206],[-57.92927,-34.90131],[-57.92672,-34.89908],[-57.92584,-34.89913],[-57.92572,-34.89897]]}},{"type":"Feature","properties":{"nombre":"Arroyo El Gato","descripcion":"Arroyo"},"geometry":{"type":"LineString","coordinates":[[-57.93564,-34.84215],[-57.93512,-34.842],[-57.93453,-34.84186],[-57.93436,-34.84154],[-57.93436,-34.84144],[-57.93434,-34.84076],[-57.93405,-34.84019],[-57.93355,-34.83995],[-57.93238,-34.83997],[-57.93085,-34.84026],[-57.92998,-34.84042],[-57.92913,-34.84059],[-57.92834,-34.84052],[-57.92604,-34.8392],[-57.92411,-34.83783]]}},{"type":"Feature","properties":{"descripcion":"Arroyo"},"geometry":{"type":"LineString","coordinates":[[-57.74693,-34.97114],[-57.74721,-34.96956],[-57.74786,-34.96943],[-57.7491,-34.96856],[-57.75043,-34.96831],[-57.75076,-34.968],[-57.75071,-34.96722],[-57.75222,-34.967],[-57.75295,-34.96668],[-57.75347,-34.96542],[-57.75349,-34.96437],[-57.75442,-34.96303],[-57.75493,-34.96193],[-57.755,-34.96183],[-57.75504,-34.96177],[-57.75508,-34.96171],[-57.75515,-34.96165],[-57.75523,-34.96158],[-57.7553,-34.96153],[-57.75539,-34.96148],[-57.75548,-34.96144],[-57.75559,-34.96141],[-57.7557,-34.96139],[-57.75583,-34.96138],[-57.75595,-34.96137],[-57.75606,-34.96137],[-57.75619,-34.96139],[-57.7563,-34.96141],[-57.7564,-34.96144],[-57.7565,-34.96146],[-57.75666,-34.96151],[-57.75674,-34.96154],[-57.75682,-34.96158],[-57.75689,-34.96161],[-57.75696,-34.96165],[-57.7572,-34.96181],[-57.75765,-34.96216],[-57.75804,-34.96246],[-57.75819,-34.96259],[-57.75832,-34.96267],[-57.75843,-34.96273],[-57.75852,-34.96276],[-57.75862,-34.96279],[-57.75874,-34.96281],[-57.75883,-34.96283],[-57.75892,-34.96284],[-57.759,-34.96284],[-57.75907,-34.96283],[-57.75914,-34.96281],[-57.75922,-34.96279],[-57.75931,-34.96275],[-57.75938,-34.96272],[-57.75944,-34.96269],[-57.75953,-34.96265],[-57.7596,-34.96261],[-57.75967,-34.96256],[-57.75975,-34.9625],[-57.75979,-34.96247],[-57.75983,-34.96243],[-57.75987,-34.96237],[-57.75993,-34.96231],[-57.76,-34.96221],[-57.76007,-34.96211],[-57.76012,-34.96203],[-57.76014,-34.96195],[-57.76016,-34.96185],[-57.76019,-34.96135],[-57.76019,-34.96127],[-57.76019,-34.96119],[-57.76022,-34.96108],[-57.76024,-34.96103],[-57.76027,-34.96099],[-57.76031,-34.96091],[-57.76038,-34.96082],[-57.76041,-34.9608],[-57.76099,-34.95936]]}},{"type":"Feature","properties":{"descripcion":"Canal"},"geometry":{"type":"LineString","coordinates":[[-57.90357,-34.96718],[-57.90578,-34.96095],[-57.90711,-34.95971],[-57.91129,-34.95679]]}},{"type":"Feature","properties":{"nombre":"Arroyo El Gato","descripcion":"Arroyo"},"geometry":{"type":"LineString","coordinates":[[-58.01576,-34.92788],[-58.01571,-34.92784],[-58.01563,-34.92779],[-58.01452,-34.92673],[-58.01444,-34.92667],[-58.01437,-34.92663],[-58.01429,-34.92658],[-58.01419,-34.92654],[-58.01407,-34.9265],[-58.01392,-34.92645],[-58.01369,-34.92639],[-58.01323,-34.9263],[-58.01308,-34.92626],[-58.01295,-34.92621],[-58.01282,-34.92615],[-58.01267,-34.92607],[-58.01254,-34.92598],[-58.01244,-34.92589],[-58.012,-34.92549],[-58.01194,-34.92545],[-58.01184,-34.92542],[-58.01173,-34.9254],[-58.01163,-34.9254],[-58.01146,-34.92541],[-58.01087,-34.92553],[-58.01057,-34.92558],[-58.01048,-34.92558],[-58.0104,-34.92557],[-58.0103,-34.92555],[-58.01023,-34.9255],[-58.01015,-34.92542],[-58.00991,-34.92519],[-58.0098,-34.92511],[-58.00967,-34.92505],[-58.00955,-34.92502],[-58.00942,-34.92501],[-58.00929,-34.92501],[-58.00916,-34.92503],[-58.00897,-34.92508],[-58.00877,-34.92511],[-58.00857,-34.92513],[-58.00839,-34.92513],[-58.00829,-34.92511],[-58.00821,-34.92508],[-58.00814,-34.92503],[-58.00693,-34.92392],[-58.00682,-34.92379],[-58.00664,-34.92354],[-58.0065,-34.92337],[-58.00633,-34.9232],[-58.00616,-34.92303],[-58.00541,-34.92233],[-58.00533,-34.92223],[-58.00529,-34.92214],[-58.00528,-34.92205],[-58.00529,-34.92191],[-58.00528,-34.92175],[-58.00524,-34.92159],[-58.00522,-34.92148],[-58.00521,-34.92132],[-58.00517,-34.92101],[-58.00508,-34.92054],[-58.00504,-34.92046],[-58.00498,-34.92036],[-58.0049,-34.92027],[-58.00399,-34.91942],[-58.00378,-34.9192],[-58.00355,-34.91895],[-58.0033,-34.91866],[-58.00308,-34.91844],[-58.00177,-34.91712],[-58.00158,-34.91691],[-58.00143,-34.9167],[-58.0013,-34.9165],[-58.00111,-34.91615],[-58.00085,-34.91563],[-58.00066,-34.91517],[-58.00059,-34.91506],[-58.00052,-34.91498],[-58.00042,-34.91493],[-58.00027,-34.91488],[-58.00003,-34.91482],[-57.9999,-34.91479],[-57.99969,-34.91471],[-57.99944,-34.91452],[-57.999,-34.91416],[-57.99891,-34.91405],[-57.99883,-34.91392],[-57.99883,-34.91377],[-57.99887,-34.9127],[-57.99884,-34.91262],[-57.99878,-34.91256],[-57.99873,-34.91246],[-57.99868,-34.91235],[-57.99865,-34.91223],[-57.99847,-34.9111],[-57.99841,-34.91089],[-57.99776,-34.90918],[-57.99683,-34.9067],[-57.99654,-34.90605],[-57.99595,-34.90466],[-57.99586,-34.90449],[-57.99573,-34.90432],[-57.99405,-34.90243],[-57.99388,-34.90217],[-57.99384,-34.90206],[-57.9938,-34.90195],[-57.99372,-34.90183],[-57.99255,-34.90007],[-57.99249,-34.89993],[-57.99245,-34.89976],[-57.9924,-34.89929]]}},{"type":"Feature","properties":{"descripcion":"Desagüe o zanja"},"geometry":{"type":"LineString","coordinates":[[-58.0512,-35.15096],[-58.05139,-35.15132]]}},{"type":"Feature","properties":{"descripcion":"Arroyo"},"geometry":{"type":"LineString","coordinates":[[-58.05935,-35.05096],[-58.0602,-35.05191],[-58.06013,-35.05248],[-58.0602,-35.05314],[-58.05957,-35.05412],[-58.05918,-35.05521],[-58.059,-35.05573],[-58.05887,-35.05656],[-58.05858,-35.05745],[-58.05801,-35.05786],[-58.05783,-35.06135],[-58.05764,-35.06578],[-58.05513,-35.07418]]}},{"type":"Feature","properties":{"descripcion":"Arroyo"},"geometry":{"type":"LineString","coordinates":[[-58.05422,-35.03758],[-58.05345,-35.03939],[-58.05269,-35.04127],[-58.0527,-35.04133],[-58.05286,-35.0415],[-58.05291,-35.04157],[-58.05288,-35.0419],[-58.05368,-35.04293],[-58.0549,-35.04388],[-58.05598,-35.04523],[-58.05704,-35.04624],[-58.05804,-35.04724],[-58.05847,-35.04801],[-58.05897,-35.04845],[-58.05917,-35.0491],[-58.05899,-35.04969],[-58.05916,-35.05068],[-58.05928,-35.05087]]}},{"type":"Feature","properties":{"descripcion":"Desagüe o zanja"},"geometry":{"type":"LineString","coordinates":[[-57.91766,-34.84958],[-57.91745,-34.84948],[-57.91724,-34.84943],[-57.91692,-34.8494],[-57.91656,-34.84949],[-57.91629,-34.84963],[-57.91609,-34.84978],[-57.91583,-34.84995],[-57.91565,-34.8501],[-57.91555,-34.85022],[-57.91525,-34.85043],[-57.91497,-34.85061],[-57.91477,-34.85076],[-57.91436,-34.85109],[-57.91404,-34.85132],[-57.91374,-34.85155],[-57.91354,-34.85169],[-57.91327,-34.85184],[-57.91301,-34.85192],[-57.91263,-34.85194]]}},{"type":"Feature","properties":{"descripcion":"Desagüe o zanja"},"geometry":{"type":"LineString","coordinates":[[-57.91068,-34.85418],[-57.91012,-34.8537]]}},{"type":"Feature","properties":{"descripcion":"Desagüe o zanja"},"geometry":{"type":"LineString","coordinates":[[-57.90789,-34.85434],[-57.90793,-34.8542],[-57.90796,-34.85403],[-57.908,-34.85375],[-57.90805,-34.85365],[-57.90816,-34.85356],[-57.90829,-34.85347],[-57.90835,-34.85347],[-57.90837,-34.85343],[-57.90855,-34.85332],[-57.90861,-34.85326],[-57.90871,-34.85323],[-57.909,-34.85301],[-57.9092,-34.85287],[-57.90944,-34.85269],[-57.91011,-34.85216],[-57.91058,-34.85175],[-57.91079,-34.85153],[-57.91107,-34.85135],[-57.91129,-34.85114],[-57.9115,-34.85098],[-57.91165,-34.85084]]}},{"type":"Feature","properties":{"descripcion":"Arroyo"},"geometry":{"type":"LineString","coordinates":[[-58.05728,-35.1913],[-58.05174,-35.19073],[-58.04785,-35.19033]]}},{"type":"Feature","properties":{"descripcion":"Arroyo"},"geometry":{"type":"LineString","coordinates":[[-58.17402,-35.03896],[-58.17409,-35.0391],[-58.17444,-35.03983],[-58.17448,-35.03995],[-58.17449,-35.04009],[-58.17448,-35.04022],[-58.17447,-35.04071],[-58.17443,-35.04129],[-58.17438,-35.0414]]}},{"type":"Feature","properties":{"descripcion":"Arroyo"},"geometry":{"type":"LineString","coordinates":[[-58.17406,-35.0397],[-58.17418,-35.03974],[-58.17432,-35.03983],[-58.17448,-35.03995]]}},{"type":"Feature","properties":{"descripcion":"Arroyo"},"geometry":{"type":"LineString","coordinates":[[-58.182,-35.03404],[-58.18163,-35.03433],[-58.1812,-35.03458],[-58.18052,-35.03495],[-58.18007,-35.03526],[-58.17943,-35.03548],[-58.17918,-35.03564],[-58.17888,-35.03577],[-58.17837,-35.03598],[-58.17789,-35.03611],[-58.17746,-35.03625],[-58.1769,-35.03662],[-58.17396,-35.03875]]}},{"type":"Feature","properties":{"descripcion":"Arroyo"},"geometry":{"type":"LineString","coordinates":[[-58.17208,-35.03432],[-58.17226,-35.03444],[-58.17228,-35.03461],[-58.17242,-35.03483],[-58.17249,-35.03505],[-58.1725,-35.0352],[-58.17268,-35.03535],[-58.17283,-35.03549],[-58.17293,-35.0357],[-58.17302,-35.03587],[-58.17319,-35.03584]]}},{"type":"Feature","properties":{"descripcion":"Arroyo"},"geometry":{"type":"LineString","coordinates":[[-58.17347,-35.02486],[-58.17382,-35.02581]]}},{"type":"Feature","properties":{"descripcion":"Arroyo"},"geometry":{"type":"LineString","coordinates":[[-58.17132,-35.02648],[-58.17199,-35.0273],[-58.17221,-35.02761],[-58.17263,-35.02806],[-58.17275,-35.02819]]}},{"type":"Feature","properties":{"nombre":"Arroyo San Luis","descripcion":"Arroyo"},"geometry":{"type":"LineString","coordinates":[[-57.9674,-35.21794],[-57.96734,-35.21918],[-57.96727,-35.21971],[-57.9669,-35.2206],[-57.96686,-35.22126],[-57.96677,-35.22163],[-57.96686,-35.22179],[-57.96684,-35.22196],[-57.96709,-35.22249],[-57.96717,-35.22326],[-57.96712,-35.22377],[-57.96704,-35.22496],[-57.96698,-35.22622],[-57.96681,-35.22643],[-57.96686,-35.22696],[-57.96693,-35.22714],[-57.96708,-35.22724],[-57.9671,-35.22736],[-57.96697,-35.22764],[-57.96683,-35.22788],[-57.96688,-35.22799],[-57.96702,-35.22802],[-57.96744,-35.22837],[-57.96759,-35.2287],[-57.96756,-35.229],[-57.96783,-35.22917],[-57.96785,-35.22945],[-57.96795,-35.22981],[-57.96809,-35.22992],[-57.96862,-35.23013],[-57.96871,-35.23035],[-57.96868,-35.23072],[-57.96877,-35.23099],[-57.96891,-35.2312],[-57.96908,-35.23164],[-57.96919,-35.23184],[-57.96892,-35.23225],[-57.96832,-35.2328],[-57.96805,-35.23335],[-57.96754,-35.23419],[-57.96719,-35.23465],[-57.96674,-35.23512],[-57.96646,-35.23561],[-57.96623,-35.2357],[-57.96599,-35.2356],[-57.96541,-35.23544],[-57.96492,-35.23553],[-57.96449,-35.23574],[-57.96402,-35.23616],[-57.96331,-35.23707],[-57.96228,-35.23852],[-57.96121,-35.24071],[-57.96127,-35.24152],[-57.96084,-35.24245],[-57.96082,-35.24331],[-57.96078,-35.24397],[-57.96129,-35.24516],[-57.9613,-35.24559],[-57.96176,-35.24639],[-57.96181,-35.24676],[-57.96164,-35.24727],[-57.96138,-35.24937],[-57.96144,-35.25032],[-57.96144,-35.25189],[-57.96142,-35.25495],[-57.96134,-35.25581],[-57.96116,-35.25651],[-57.96117,-35.25718],[-57.96102,-35.25797],[-57.96094,-35.25848],[-57.96091,-35.25886],[-57.96063,-35.25911],[-57.96042,-35.25934],[-57.96038,-35.25966],[-57.96053,-35.2599],[-57.96075,-35.26016],[-57.9609,-35.26034],[-57.96089,-35.26052],[-57.96076,-35.26101],[-57.96051,-35.26142],[-57.96036,-35.26171],[-57.96039,-35.2619],[-57.96071,-35.26227],[-57.96082,-35.26261],[-57.96064,-35.26467],[-57.96087,-35.26525],[-57.96086,-35.2656],[-57.96068,-35.266],[-57.96058,-35.26675],[-57.96056,-35.26713],[-57.96078,-35.26809],[-57.96078,-35.26847],[-57.96066,-35.26893],[-57.96029,-35.26979],[-57.95976,-35.27108],[-57.95945,-35.27157],[-57.95933,-35.27188],[-57.95938,-35.27211],[-57.95937,-35.27246],[-57.95916,-35.27272],[-57.9589,-35.27315],[-57.9586,-35.27398],[-57.95863,-35.27455],[-57.95857,-35.27491],[-57.95838,-35.27555],[-57.9583,-35.27659],[-57.95837,-35.27728],[-57.95825,-35.27772],[-57.95821,-35.27798],[-57.95838,-35.2784],[-57.95841,-35.27871],[-57.95811,-35.27925],[-57.958,-35.27958],[-57.95796,-35.28054],[-57.95787,-35.28166],[-57.95787,-35.28201],[-57.95776,-35.28217],[-57.95763,-35.28241],[-57.95767,-35.28259],[-57.95781,-35.28271],[-57.95788,-35.2835],[-57.95808,-35.28373],[-57.95814,-35.28388],[-57.95796,-35.28399],[-57.95791,-35.28412],[-57.95779,-35.28479],[-57.95796,-35.28509],[-57.95796,-35.28528],[-57.95782,-35.28591],[-57.95781,-35.28618],[-57.95786,-35.28648],[-57.95777,-35.28671],[-57.95764,-35.28684],[-57.95755,-35.287],[-57.95756,-35.28726],[-57.95749,-35.28755],[-57.95758,-35.28779],[-57.95765,-35.28799],[-57.95762,-35.28821],[-57.95762,-35.28844],[-57.95772,-35.28876],[-57.95796,-35.28965],[-57.95811,-35.2905],[-57.95829,-35.29092],[-57.95835,-35.29136],[-57.95817,-35.29216],[-57.95825,-35.2926],[-57.95844,-35.29374],[-57.95872,-35.29436],[-57.95882,-35.29479],[-57.95882,-35.29545],[-57.95903,-35.2958],[-57.95918,-35.2965],[-57.95937,-35.29708],[-57.95951,-35.29775],[-57.95954,-35.29817],[-57.95939,-35.2986],[-57.95943,-35.2992],[-57.95944,-35.29968],[-57.95935,-35.3001],[-57.95911,-35.30056],[-57.95893,-35.30118],[-57.9588,-35.30154],[-57.95849,-35.30195],[-57.95845,-35.30222],[-57.95864,-35.30257],[-57.95887,-35.30307],[-57.95882,-35.3034],[-57.95843,-35.30369],[-57.95831,-35.30395],[-57.95841,-35.30421],[-57.95881,-35.30481],[-57.9589,-35.30522],[-57.95887,-35.30564],[-57.95906,-35.30595],[-57.95933,-35.30613],[-57.9598,-35.30624],[-57.96027,-35.30645],[-57.96062,-35.30676],[-57.96073,-35.30703],[-57.96086,-35.30753],[-57.96105,-35.30794],[-57.96126,-35.30904],[-57.96129,-35.30942],[-57.96119,-35.31021],[-57.96128,-35.31109],[-57.96128,-35.31166],[-57.9611,-35.31275],[-57.9612,-35.31308],[-57.96135,-35.31346],[-57.96133,-35.31401],[-57.96116,-35.3146],[-57.9612,-35.31492],[-57.96142,-35.31517],[-57.96146,-35.31542],[-57.96131,-35.31617],[-57.96134,-35.31658],[-57.96151,-35.31703],[-57.96147,-35.31733],[-57.96129,-35.31779],[-57.96124,-35.31812],[-57.96135,-35.31844],[-57.9614,-35.31871],[-57.96134,-35.31909],[-57.9613,-35.31956],[-57.96137,-35.32019],[-57.96152,-35.32077],[-57.96195,-35.32123],[-57.96228,-35.32159],[-57.96233,-35.32183],[-57.96228,-35.32221],[-57.96234,-35.3227],[-57.96259,-35.32309],[-57.96306,-35.32359],[-57.96355,-35.32391],[-57.96364,-35.32411],[-57.96374,-35.32476],[-57.9638,-35.32507],[-57.96391,-35.32575],[-57.96402,-35.32633],[-57.96409,-35.32663],[-57.96396,-35.32707],[-57.96408,-35.3274],[-57.96401,-35.32787],[-57.96391,-35.32844],[-57.964,-35.3287],[-57.96416,-35.32917],[-57.96432,-35.32929],[-57.96458,-35.32937],[-57.96477,-35.32953],[-57.96485,-35.32999],[-57.96475,-35.33009],[-57.96454,-35.33011],[-57.96439,-35.33017],[-57.96439,-35.33027],[-57.96448,-35.33043],[-57.96462,-35.33065],[-57.96472,-35.3309],[-57.96501,-35.33135],[-57.96532,-35.33167],[-57.96577,-35.33192],[-57.96608,-35.33226],[-57.96641,-35.33276],[-57.96658,-35.33302],[-57.96699,-35.33326],[-57.96752,-35.33361],[-57.96763,-35.33388],[-57.96765,-35.33417],[-57.96747,-35.33444],[-57.96716,-35.33476],[-57.96709,-35.33493],[-57.96709,-35.3357],[-57.96711,-35.33607],[-57.96724,-35.33633],[-57.96753,-35.33659],[-57.96803,-35.33692],[-57.96828,-35.33708],[-57.96861,-35.33717],[-57.96922,-35.33723],[-57.96943,-35.33712],[-57.96972,-35.33686],[-57.9699,-35.33669],[-57.96991,-35.33652],[-57.96983,-35.33635],[-57.96973,-35.33613],[-57.96969,-35.33584],[-57.96974,-35.3357],[-57.96983,-35.3356],[-57.97001,-35.33556],[-57.9702,-35.3356],[-57.97081,-35.33571],[-57.97108,-35.33571],[-57.97145,-35.33565],[-57.97174,-35.33569],[-57.97262,-35.33589],[-57.97284,-35.33598],[-57.97292,-35.33613],[-57.97289,-35.33637],[-57.97285,-35.33661],[-57.97285,-35.33684],[-57.97293,-35.33716],[-57.97305,-35.33742],[-57.97323,-35.33768],[-57.97336,-35.33788],[-57.97343,-35.33814],[-57.97364,-35.33835],[-57.97386,-35.33854],[-57.9741,-35.33855],[-57.97434,-35.33849],[-57.97466,-35.33831],[-57.975,-35.33823],[-57.97536,-35.33824],[-57.97579,-35.3384],[-57.97607,-35.33866],[-57.97623,-35.33896],[-57.97634,-35.33928],[-57.97657,-35.33951],[-57.9768,-35.33958],[-57.97721,-35.33962]]}},{"type":"Feature","properties":{"descripcion":"Arroyo"},"geometry":{"type":"LineString","coordinates":[[-57.97977,-35.22802],[-57.97886,-35.22844],[-57.97806,-35.22871],[-57.97739,-35.2288],[-57.97693,-35.22883],[-57.97644,-35.22899],[-57.97563,-35.22934],[-57.97374,-35.23016],[-57.97328,-35.23037],[-57.973,-35.23047],[-57.97278,-35.23042],[-57.97248,-35.23047],[-57.97211,-35.23063],[-57.9719,-35.2309],[-57.97183,-35.23099],[-57.97156,-35.23113],[-57.97117,-35.23122],[-57.97067,-35.23119],[-57.97033,-35.23128],[-57.97004,-35.23147],[-57.96951,-35.23163],[-57.96919,-35.23184]]}},{"type":"Feature","properties":{"descripcion":"Arroyo"},"geometry":{"type":"LineString","coordinates":[[-57.9856,-35.22565],[-57.98501,-35.22591],[-57.98422,-35.22629],[-57.98359,-35.22664],[-57.98318,-35.22686]]}},{"type":"Feature","properties":{"descripcion":"Canal"},"geometry":{"type":"LineString","coordinates":[[-58.17479,-34.81312],[-58.17506,-34.81088],[-58.17548,-34.81046]]}},{"type":"Feature","properties":{"descripcion":"Canal"},"geometry":{"type":"LineString","coordinates":[[-58.17477,-34.8132],[-58.17479,-34.81312]]}},{"type":"Feature","properties":{"descripcion":"Arroyo"},"geometry":{"type":"LineString","coordinates":[[-57.99957,-34.98482],[-57.99945,-34.98473],[-57.99913,-34.98443],[-57.99917,-34.98434],[-57.99925,-34.98427],[-57.9993,-34.98425],[-57.9993,-34.98419],[-57.99929,-34.98414],[-57.9992,-34.98406],[-57.9991,-34.98395],[-57.99904,-34.98384],[-57.99903,-34.98373],[-57.99896,-34.98344],[-57.99858,-34.98298],[-57.99847,-34.98282],[-57.99825,-34.98237],[-57.99801,-34.98211],[-57.998,-34.98196],[-57.99791,-34.98185]]}},{"type":"Feature","properties":{"descripcion":"Arroyo"},"geometry":{"type":"LineString","coordinates":[[-57.99791,-34.98185],[-57.99782,-34.98173]]}},{"type":"Feature","properties":{"descripcion":"Arroyo"},"geometry":{"type":"LineString","coordinates":[[-57.7521,-35.06014],[-57.75176,-35.0598],[-57.75171,-35.05967],[-57.75181,-35.0595],[-57.75181,-35.05937],[-57.75186,-35.05926],[-57.75196,-35.05922],[-57.75214,-35.0591],[-57.75236,-35.0584],[-57.75238,-35.0583],[-57.75268,-35.05792],[-57.75285,-35.05772],[-57.75278,-35.05762],[-57.75288,-35.05729],[-57.75285,-35.0572],[-57.7527,-35.05722],[-57.75255,-35.0569],[-57.75224,-35.05658],[-57.75143,-35.05516],[-57.751,-35.0542],[-57.75043,-35.05297],[-57.75017,-35.05263],[-57.75002,-35.05253],[-57.74977,-35.05243],[-57.74949,-35.05239],[-57.7493,-35.05236],[-57.74923,-35.05228],[-57.74924,-35.05212],[-57.74922,-35.05204],[-57.74909,-35.05179],[-57.74904,-35.05158],[-57.74908,-35.05133],[-57.74908,-35.05118],[-57.74919,-35.051],[-57.74909,-35.05087],[-57.74917,-35.05046],[-57.74929,-35.05038],[-57.7493,-35.05029],[-57.74913,-35.05022],[-57.74912,-35.04986],[-57.74874,-35.04957],[-57.74878,-35.04925],[-57.74864,-35.04897],[-57.74836,-35.04884],[-57.74863,-35.04863],[-57.74863,-35.04849],[-57.74853,-35.04838],[-57.74879,-35.04818],[-57.74874,-35.04807],[-57.74854,-35.04798],[-57.74849,-35.0479],[-57.74848,-35.04767],[-57.74831,-35.04741],[-57.74824,-35.04715],[-57.74802,-35.0471],[-57.74786,-35.04703],[-57.7478,-35.04691],[-57.74784,-35.04683],[-57.74776,-35.04649],[-57.74776,-35.04631],[-57.74784,-35.04611],[-57.74777,-35.04596],[-57.7476,-35.04589],[-57.74738,-35.04553],[-57.74726,-35.04546],[-57.74729,-35.04534],[-57.7472,-35.04519],[-57.74705,-35.04515],[-57.74709,-35.04498],[-57.74685,-35.04473],[-57.74694,-35.04461],[-57.74679,-35.04409],[-57.74667,-35.04402],[-57.74667,-35.04391],[-57.74645,-35.04366],[-57.74638,-35.04345],[-57.74605,-35.04316],[-57.74597,-35.04296],[-57.7459,-35.04254],[-57.74596,-35.04236],[-57.74587,-35.04225],[-57.74583,-35.0421],[-57.74569,-35.04201],[-57.7457,-35.04187],[-57.74547,-35.04162],[-57.74554,-35.04153],[-57.74537,-35.04103],[-57.74543,-35.04064],[-57.74539,-35.04052],[-57.74539,-35.04028],[-57.74528,-35.04012],[-57.74526,-35.03969],[-57.74503,-35.03901],[-57.74492,-35.03885],[-57.7447,-35.03875],[-57.74409,-35.0379],[-57.74388,-35.03777],[-57.74355,-35.03763],[-57.74282,-35.03712],[-57.74247,-35.037],[-57.74214,-35.03684],[-57.74172,-35.03673],[-57.74141,-35.03671],[-57.7413,-35.03676],[-57.74124,-35.03675],[-57.74104,-35.03681],[-57.74047,-35.03648],[-57.7404,-35.03638],[-57.74033,-35.03613],[-57.74015,-35.03596],[-57.73958,-35.03562],[-57.73941,-35.03546],[-57.73926,-35.03521],[-57.73831,-35.03498],[-57.7377,-35.03455],[-57.7369,-35.0342],[-57.73637,-35.03391],[-57.73622,-35.03374],[-57.73595,-35.03329],[-57.73589,-35.03292],[-57.73578,-35.03249],[-57.73563,-35.03236],[-57.73512,-35.03214],[-57.73498,-35.03213],[-57.73493,-35.03207],[-57.73482,-35.03208],[-57.73482,-35.03201],[-57.73456,-35.03181],[-57.73431,-35.03174],[-57.73386,-35.03127],[-57.7336,-35.03125],[-57.7335,-35.03119],[-57.73362,-35.03055],[-57.73356,-35.03036],[-57.73326,-35.03001],[-57.73292,-35.02987],[-57.7326,-35.0295],[-57.73255,-35.02922],[-57.7326,-35.02888],[-57.73258,-35.02821],[-57.73238,-35.02803],[-57.73181,-35.02776],[-57.73143,-35.02736],[-57.73097,-35.02679],[-57.73061,-35.02661],[-57.73045,-35.02637],[-57.73043,-35.02588],[-57.73054,-35.02568],[-57.73046,-35.02563],[-57.73045,-35.0254],[-57.73013,-35.02507],[-57.72968,-35.02465],[-57.72938,-35.02419],[-57.72881,-35.02398],[-57.72866,-35.02384],[-57.72874,-35.02369],[-57.72863,-35.02348],[-57.72868,-35.02319],[-57.72852,-35.02282],[-57.72834,-35.02254],[-57.72802,-35.02229],[-57.72801,-35.02205],[-57.72821,-35.02167],[-57.72816,-35.0211],[-57.72816,-35.02096],[-57.72832,-35.02074],[-57.7283,-35.02048],[-57.72843,-35.02025],[-57.72875,-35.02008],[-57.7289,-35.02007],[-57.72907,-35.02014],[-57.72918,-35.02017],[-57.72964,-35.02002],[-57.72979,-35.01986],[-57.72996,-35.0195],[-57.72988,-35.01926],[-57.72991,-35.01915],[-57.73007,-35.01909],[-57.73012,-35.01879],[-57.73055,-35.01812],[-57.73077,-35.01799],[-57.73086,-35.01779],[-57.73088,-35.01754],[-57.7309,-35.01748]]}},{"type":"Feature","properties":{"descripcion":"Desagüe o zanja"},"geometry":{"type":"LineString","coordinates":[[-57.94974,-34.88038],[-57.94947,-34.88072]]}},{"type":"Feature","properties":{"descripcion":"Desagüe o zanja"},"geometry":{"type":"LineString","coordinates":[[-57.95035,-34.87951],[-57.95026,-34.87975],[-57.94974,-34.88038]]}},{"type":"Feature","properties":{"descripcion":"Arroyo"},"geometry":{"type":"LineString","coordinates":[[-57.90673,-34.94027],[-57.90661,-34.94025],[-57.90645,-34.94008],[-57.90622,-34.93986],[-57.90581,-34.93959],[-57.90548,-34.93988]]}},{"type":"Feature","properties":{"descripcion":"Arroyo"},"geometry":{"type":"LineString","coordinates":[[-57.90692,-34.94021],[-57.90673,-34.94027]]}},{"type":"Feature","properties":{"descripcion":"Arroyo"},"geometry":{"type":"LineString","coordinates":[[-57.90548,-34.93988],[-57.90539,-34.93996]]}},{"type":"Feature","properties":{"descripcion":"Arroyo"},"geometry":{"type":"LineString","coordinates":[[-57.90539,-34.93996],[-57.90421,-34.94082]]}},{"type":"Feature","properties":{"descripcion":"Desagüe o zanja"},"geometry":{"type":"LineString","coordinates":[[-57.94206,-34.88965],[-57.942,-34.88946]]}},{"type":"Feature","properties":{"descripcion":"Desagüe o zanja"},"geometry":{"type":"LineString","coordinates":[[-57.94241,-34.89027],[-57.94228,-34.89013],[-57.94206,-34.88965]]}},{"type":"Feature","properties":{"descripcion":"Desagüe o zanja"},"geometry":{"type":"LineString","coordinates":[[-58.02895,-34.99998],[-58.03125,-34.99825],[-58.032,-34.99771]]}},{"type":"Feature","properties":{"descripcion":"Desagüe o zanja"},"geometry":{"type":"LineString","coordinates":[[-58.04327,-34.99005],[-58.0433,-34.9895],[-58.04327,-34.98918],[-58.04327,-34.98917],[-58.04327,-34.98916],[-58.04327,-34.98914],[-58.04326,-34.98913]]}},{"type":"Feature","properties":{"descripcion":"Desagüe o zanja"},"geometry":{"type":"LineString","coordinates":[[-57.99463,-34.85525],[-57.99839,-34.8586],[-57.99842,-34.85888],[-57.99381,-34.86242],[-57.98273,-34.87091],[-57.97617,-34.87254],[-57.97567,-34.8728]]}},{"type":"Feature","properties":{"descripcion":"Desagüe o zanja"},"geometry":{"type":"LineString","coordinates":[[-58.09296,-35.01337],[-58.09305,-35.01345]]}},{"type":"Feature","properties":{"descripcion":"Desagüe o zanja"},"geometry":{"type":"LineString","coordinates":[[-58.09382,-35.01415],[-58.09401,-35.01432],[-58.09858,-35.01844]]}},{"type":"Feature","properties":{"nombre":"Arroyo Rodríguez","descripcion":"Arroyo"},"geometry":{"type":"LineString","coordinates":[[-58.06074,-34.92685],[-58.0607,-34.92702],[-58.06066,-34.92714],[-58.06064,-34.92732],[-58.06071,-34.92747],[-58.06078,-34.92752],[-58.06081,-34.92754],[-58.06094,-34.92757],[-58.06101,-34.92759],[-58.06118,-34.92757],[-58.06137,-34.92757],[-58.0615,-34.9276],[-58.06161,-34.92767],[-58.06177,-34.92787],[-58.06183,-34.92803],[-58.06189,-34.92815],[-58.06191,-34.92829],[-58.06191,-34.92853],[-58.06179,-34.92864],[-58.06174,-34.92873],[-58.06158,-34.92881],[-58.06144,-34.92897],[-58.06142,-34.92905],[-58.06134,-34.92918],[-58.06128,-34.92933],[-58.06122,-34.92943],[-58.06121,-34.92954],[-58.06125,-34.92961],[-58.0614,-34.92975],[-58.06151,-34.92985],[-58.06159,-34.92998],[-58.06164,-34.93013],[-58.0616,-34.93029],[-58.06156,-34.93046],[-58.06158,-34.93065],[-58.06164,-34.93081],[-58.06174,-34.931],[-58.06177,-34.93121],[-58.06179,-34.93142],[-58.06173,-34.9316],[-58.06166,-34.93173],[-58.0616,-34.93191],[-58.0616,-34.93199],[-58.0616,-34.93206],[-58.0616,-34.93222],[-58.0616,-34.93227],[-58.06156,-34.93243],[-58.06152,-34.93256],[-58.06152,-34.93268],[-58.06152,-34.93288],[-58.06161,-34.93299],[-58.0616,-34.93318],[-58.06161,-34.9333],[-58.06163,-34.93344],[-58.06165,-34.93359],[-58.06167,-34.93379],[-58.06168,-34.93392],[-58.06176,-34.93413],[-58.06179,-34.93425],[-58.06178,-34.93443],[-58.06182,-34.93456],[-58.06196,-34.93472],[-58.06203,-34.93487],[-58.06203,-34.93497],[-58.06201,-34.93517],[-58.06202,-34.93551],[-58.06201,-34.93568],[-58.06203,-34.93591],[-58.06202,-34.93605],[-58.06203,-34.93627],[-58.06201,-34.93647],[-58.06201,-34.93661],[-58.06202,-34.93686],[-58.06206,-34.93704],[-58.06209,-34.93719],[-58.06219,-34.9374],[-58.06225,-34.9375],[-58.06235,-34.93769],[-58.06238,-34.93777],[-58.06238,-34.9379],[-58.06231,-34.93813],[-58.06222,-34.93818],[-58.06202,-34.93835],[-58.0619,-34.93857],[-58.06186,-34.93874],[-58.06182,-34.93883],[-58.06174,-34.93947],[-58.06168,-34.9396],[-58.06164,-34.93976],[-58.06153,-34.9399],[-58.06156,-34.94012],[-58.06158,-34.94026],[-58.06165,-34.94043],[-58.06167,-34.9405],[-58.06168,-34.94057],[-58.0617,-34.94061],[-58.06176,-34.94071],[-58.06177,-34.94086],[-58.06177,-34.94088],[-58.06181,-34.94103],[-58.06181,-34.94106],[-58.06179,-34.94118],[-58.06179,-34.94121],[-58.06177,-34.94137],[-58.06177,-34.9416],[-58.06188,-34.9418],[-58.06193,-34.94203],[-58.06194,-34.94217],[-58.06196,-34.94236],[-58.062,-34.94246],[-58.06203,-34.94254],[-58.06204,-34.9427],[-58.06207,-34.94288],[-58.06207,-34.94305],[-58.06207,-34.94321],[-58.06203,-34.94331],[-58.06199,-34.94344],[-58.06203,-34.94356],[-58.06205,-34.94375],[-58.0621,-34.94386],[-58.06213,-34.94402],[-58.06211,-34.94407],[-58.06207,-34.94433],[-58.06216,-34.94465],[-58.06217,-34.94481],[-58.06216,-34.94501]]}},{"type":"Feature","properties":{"nombre":"Arroyo Rodríguez","descripcion":"Arroyo"},"geometry":{"type":"LineString","coordinates":[[-58.06216,-34.94501],[-58.06208,-34.94535]]}},{"type":"Feature","properties":{"descripcion":"Desagüe o zanja"},"geometry":{"type":"LineString","coordinates":[[-58.09372,-35.01405],[-58.09382,-35.01415]]}},{"type":"Feature","properties":{"descripcion":"Desagüe o zanja"},"geometry":{"type":"LineString","coordinates":[[-58.09305,-35.01345],[-58.09372,-35.01405]]}},{"type":"Feature","properties":{"nombre":"Mena","descripcion":"Canal"},"geometry":{"type":"LineString","coordinates":[[-57.81723,-34.89488],[-57.81076,-34.88689],[-57.80889,-34.88472],[-57.80855,-34.88425],[-57.80799,-34.88362],[-57.80784,-34.88346],[-57.80556,-34.88057],[-57.80519,-34.88013],[-57.80459,-34.87946],[-57.80419,-34.87896]]}},{"type":"Feature","properties":{"descripcion":"Canal"},"geometry":{"type":"LineString","coordinates":[[-57.79616,-34.90433],[-57.79581,-34.90373],[-57.79561,-34.90344],[-57.79541,-34.90333],[-57.79519,-34.90322],[-57.795,-34.90313],[-57.79474,-34.90303]]}},{"type":"Feature","properties":{"nombre":"Cda La Bellaca","descripcion":"Canal"},"geometry":{"type":"LineString","coordinates":[[-57.79474,-34.90303],[-57.79435,-34.90311],[-57.79349,-34.90312],[-57.79173,-34.90335],[-57.79056,-34.903],[-57.79026,-34.9024],[-57.7899,-34.90028],[-57.78977,-34.89992],[-57.78954,-34.89975],[-57.78915,-34.89946],[-57.78905,-34.89926],[-57.78944,-34.89882],[-57.78934,-34.89797],[-57.78927,-34.89738],[-57.78934,-34.89721],[-57.78928,-34.8968],[-57.78899,-34.8966],[-57.78847,-34.89579],[-57.78835,-34.89568],[-57.78792,-34.89507],[-57.78746,-34.89448],[-57.78709,-34.89409],[-57.78665,-34.89341]]}},{"type":"Feature","properties":{"nombre":"Cda La Bellaca","descripcion":"Canal"},"geometry":{"type":"LineString","coordinates":[[-57.79507,-34.91086],[-57.79487,-34.91068],[-57.79423,-34.91014],[-57.79407,-34.90999],[-57.794,-34.90985],[-57.79394,-34.90964],[-57.79381,-34.90919],[-57.79361,-34.90844],[-57.79356,-34.90807],[-57.79353,-34.90774],[-57.79354,-34.90756],[-57.79361,-34.90744],[-57.79374,-34.90732],[-57.79397,-34.90714],[-57.79426,-34.9069],[-57.79457,-34.90666],[-57.79519,-34.90621],[-57.79572,-34.90579],[-57.79598,-34.90557],[-57.79624,-34.90533],[-57.79643,-34.90516],[-57.79647,-34.90499],[-57.79644,-34.90477],[-57.79634,-34.90454],[-57.79616,-34.90433]]}},{"type":"Feature","properties":{"descripcion":"Desagüe o zanja"},"geometry":{"type":"LineString","coordinates":[[-58.04465,-34.99777],[-58.04375,-34.99699],[-58.04298,-34.99627],[-58.0424,-34.99573],[-58.04228,-34.99561],[-58.04215,-34.99548],[-58.04081,-34.99423],[-58.04079,-34.99421]]}},{"type":"Feature","properties":{"descripcion":"Arroyo"},"geometry":{"type":"LineString","coordinates":[[-58.02594,-34.97483],[-58.02609,-34.97385],[-58.02616,-34.97335],[-58.02616,-34.97323],[-58.02621,-34.97298],[-58.02622,-34.97274],[-58.02622,-34.97267],[-58.02623,-34.97252],[-58.02618,-34.97238],[-58.02607,-34.97226],[-58.02588,-34.97214],[-58.02588,-34.97204],[-58.026,-34.97195],[-58.0261,-34.97187],[-58.02618,-34.97166],[-58.02617,-34.97154],[-58.02605,-34.97139],[-58.02586,-34.97121]]}},{"type":"Feature","properties":{"descripcion":"Arroyo"},"geometry":{"type":"LineString","coordinates":[[-58.02571,-34.975],[-58.02594,-34.97483]]}},{"type":"Feature","properties":{"descripcion":"Arroyo"},"geometry":{"type":"LineString","coordinates":[[-58.03048,-34.98776],[-58.02959,-34.98698],[-58.02867,-34.9861],[-58.02875,-34.98596],[-58.02806,-34.98503],[-58.02806,-34.98489],[-58.02813,-34.98445],[-58.02836,-34.98403],[-58.02793,-34.98346],[-58.02791,-34.98332],[-58.02795,-34.98317],[-58.028,-34.98309],[-58.028,-34.98297],[-58.02788,-34.98289],[-58.0279,-34.98285],[-58.02785,-34.98266],[-58.02777,-34.98247],[-58.02753,-34.98224],[-58.02746,-34.98226],[-58.02732,-34.98219],[-58.02733,-34.9821],[-58.02722,-34.98198],[-58.02723,-34.98187],[-58.02716,-34.98178],[-58.02679,-34.98145],[-58.02688,-34.98131],[-58.0269,-34.98111],[-58.02681,-34.98078],[-58.02691,-34.98066],[-58.02689,-34.98045],[-58.02684,-34.98023],[-58.02662,-34.97994],[-58.02624,-34.97944]]}},{"type":"Feature","properties":{"descripcion":"Arroyo"},"geometry":{"type":"LineString","coordinates":[[-58.02586,-34.97121],[-58.02583,-34.97118]]}},{"type":"Feature","properties":{"descripcion":"Arroyo"},"geometry":{"type":"LineString","coordinates":[[-58.02583,-34.97118],[-58.02577,-34.97112],[-58.02558,-34.9709],[-58.02543,-34.97068],[-58.02504,-34.97027],[-58.02485,-34.97009],[-58.02465,-34.96985],[-58.0246,-34.96962],[-58.02447,-34.96942],[-58.02411,-34.96917],[-58.02405,-34.96897],[-58.02409,-34.9688],[-58.02408,-34.96857],[-58.02397,-34.96847],[-58.02385,-34.96829],[-58.02382,-34.96815],[-58.02375,-34.96808],[-58.02383,-34.96797],[-58.02386,-34.96779],[-58.02382,-34.96772],[-58.02382,-34.96759],[-58.0238,-34.96742],[-58.02354,-34.96718],[-58.0236,-34.96703],[-58.0237,-34.96685],[-58.02381,-34.96662],[-58.02397,-34.96628],[-58.02409,-34.96603],[-58.02413,-34.96584],[-58.0241,-34.96565],[-58.02399,-34.96501]]}},{"type":"Feature","properties":{"descripcion":"Desagüe o zanja"},"geometry":{"type":"LineString","coordinates":[[-58.09353,-35.00907],[-58.095,-35.01045],[-58.09507,-35.01053],[-58.0951,-35.01063],[-58.09505,-35.01069],[-58.09229,-35.01276],[-58.09296,-35.01337]]}},{"type":"Feature","properties":{"descripcion":"Desagüe o zanja"},"geometry":{"type":"LineString","coordinates":[[-58.09348,-35.00902],[-58.09353,-35.00907]]}},{"type":"Feature","properties":{"descripcion":"Arroyo"},"geometry":{"type":"LineString","coordinates":[[-58.09023,-34.8632],[-58.08954,-34.8638],[-58.08953,-34.86426],[-58.08779,-34.86557]]}},{"type":"Feature","properties":{"descripcion":"Arroyo"},"geometry":{"type":"LineString","coordinates":[[-58.09042,-34.86303],[-58.09023,-34.8632]]}},{"type":"Feature","properties":{"descripcion":"Canal"},"geometry":{"type":"LineString","coordinates":[[-58.17947,-34.82649],[-58.17908,-34.82595]]}},{"type":"Feature","properties":{"descripcion":"Canal"},"geometry":{"type":"LineString","coordinates":[[-58.17957,-34.82662],[-58.17947,-34.82649]]}},{"type":"Feature","properties":{"nombre":"Arroyo Baldovinos","descripcion":"Arroyo"},"geometry":{"type":"LineString","coordinates":[[-58.17408,-34.83605],[-58.17402,-34.83595]]}},{"type":"Feature","properties":{"nombre":"Arroyo Baldovinos","descripcion":"Arroyo"},"geometry":{"type":"LineString","coordinates":[[-58.17402,-34.83595],[-58.1739,-34.83578],[-58.17332,-34.83521],[-58.1726,-34.83457],[-58.17226,-34.83417],[-58.17198,-34.83375],[-58.17153,-34.833],[-58.1714,-34.83266],[-58.17127,-34.83226],[-58.17119,-34.83194],[-58.17112,-34.83161],[-58.17107,-34.83147],[-58.17097,-34.83138],[-58.17086,-34.83124],[-58.17083,-34.83112],[-58.17077,-34.83101],[-58.17063,-34.83094],[-58.17047,-34.83089],[-58.17021,-34.83084],[-58.17,-34.83075],[-58.16984,-34.8306],[-58.16813,-34.82951],[-58.16741,-34.82905],[-58.16702,-34.82872],[-58.16666,-34.82839],[-58.16628,-34.82809],[-58.16576,-34.82779],[-58.16548,-34.82763],[-58.16536,-34.82754],[-58.16516,-34.82735],[-58.16485,-34.82714],[-58.16483,-34.82713],[-58.1648,-34.82712],[-58.16476,-34.8271],[-58.16474,-34.82708],[-58.16471,-34.82706],[-58.16434,-34.8267],[-58.16402,-34.82641],[-58.16353,-34.82596]]}},{"type":"Feature","properties":{"nombre":"Arroyo Baldovinos","descripcion":"Arroyo"},"geometry":{"type":"LineString","coordinates":[[-58.17729,-34.83972],[-58.17731,-34.83959]]}},{"type":"Feature","properties":{"nombre":"Arroyo Baldovinos","descripcion":"Arroyo"},"geometry":{"type":"LineString","coordinates":[[-58.17731,-34.83959],[-58.17732,-34.8395],[-58.17735,-34.83935],[-58.1773,-34.83922],[-58.17548,-34.83754],[-58.17541,-34.83741],[-58.17468,-34.83665],[-58.17424,-34.83632],[-58.17419,-34.83622]]}},{"type":"Feature","properties":{"nombre":"Arroyo Baldovinos","descripcion":"Arroyo"},"geometry":{"type":"LineString","coordinates":[[-58.17725,-34.83997],[-58.17729,-34.83972]]}},{"type":"Feature","properties":{"nombre":"Arroyo Baldovinos","descripcion":"Arroyo"},"geometry":{"type":"LineString","coordinates":[[-58.17723,-34.8401],[-58.17725,-34.83997]]}},{"type":"Feature","properties":{"nombre":"Arroyo Baldovinos","descripcion":"Arroyo"},"geometry":{"type":"LineString","coordinates":[[-58.18149,-34.84429],[-58.18146,-34.84395],[-58.18142,-34.84371],[-58.18119,-34.84344],[-58.18075,-34.84297],[-58.18025,-34.84252]]}},{"type":"Feature","properties":{"nombre":"Arroyo Baldovinos","descripcion":"Arroyo"},"geometry":{"type":"LineString","coordinates":[[-58.18154,-34.84438],[-58.18149,-34.84429]]}},{"type":"Feature","properties":{"nombre":"Arroyo Baldovinos","descripcion":"Arroyo"},"geometry":{"type":"LineString","coordinates":[[-58.18017,-34.84246],[-58.1796,-34.8417],[-58.17932,-34.8413]]}},{"type":"Feature","properties":{"nombre":"Arroyo Baldovinos","descripcion":"Arroyo"},"geometry":{"type":"LineString","coordinates":[[-58.18025,-34.84252],[-58.18017,-34.84246]]}},{"type":"Feature","properties":{"nombre":"Arroyo Baldovinos","descripcion":"Arroyo"},"geometry":{"type":"LineString","coordinates":[[-58.17932,-34.8413],[-58.17924,-34.84119]]}},{"type":"Feature","properties":{"nombre":"Arroyo Baldovinos","descripcion":"Arroyo"},"geometry":{"type":"LineString","coordinates":[[-58.17924,-34.84119],[-58.17895,-34.84086],[-58.17873,-34.84059],[-58.17857,-34.84045],[-58.17829,-34.84036],[-58.17788,-34.84025],[-58.17721,-34.84021],[-58.17723,-34.8401]]}},{"type":"Feature","properties":{"nombre":"Arroyo Baldovinos","descripcion":"Arroyo"},"geometry":{"type":"LineString","coordinates":[[-58.18205,-34.84994],[-58.18215,-34.84985]]}},{"type":"Feature","properties":{"nombre":"Arroyo Baldovinos","descripcion":"Arroyo"},"geometry":{"type":"LineString","coordinates":[[-58.18215,-34.84985],[-58.18244,-34.8496]]}},{"type":"Feature","properties":{"nombre":"Arroyo Baldovinos","descripcion":"Arroyo"},"geometry":{"type":"LineString","coordinates":[[-58.18244,-34.8496],[-58.18251,-34.84953]]}},{"type":"Feature","properties":{"nombre":"Arroyo Baldovinos","descripcion":"Arroyo"},"geometry":{"type":"LineString","coordinates":[[-58.18251,-34.84953],[-58.18255,-34.84951],[-58.18256,-34.8494],[-58.18232,-34.84909],[-58.18228,-34.84903],[-58.18224,-34.84897],[-58.18228,-34.84888],[-58.18229,-34.84874],[-58.18203,-34.84786],[-58.18203,-34.84781],[-58.18204,-34.8477],[-58.18223,-34.84745],[-58.18238,-34.84731],[-58.18245,-34.8471],[-58.18247,-34.84696],[-58.18242,-34.84689],[-58.18238,-34.84683],[-58.18231,-34.84676],[-58.18226,-34.84671],[-58.18219,-34.84653],[-58.18209,-34.84585],[-58.18198,-34.84537],[-58.18191,-34.84523],[-58.18176,-34.84491],[-58.18173,-34.84485],[-58.18173,-34.84468],[-58.18158,-34.84443],[-58.18154,-34.84438]]}},{"type":"Feature","properties":{"nombre":"Arroyo Baldovinos","descripcion":"Arroyo"},"geometry":{"type":"LineString","coordinates":[[-58.18286,-34.85076],[-58.18282,-34.85072],[-58.18202,-34.85004],[-58.182,-34.84998],[-58.18205,-34.84994]]}},{"type":"Feature","properties":{"nombre":"Arroyo Baldovinos","descripcion":"Arroyo"},"geometry":{"type":"LineString","coordinates":[[-58.18292,-34.85083],[-58.18286,-34.85076]]}},{"type":"Feature","properties":{"descripcion":"Desagüe o zanja"},"geometry":{"type":"LineString","coordinates":[[-58.18426,-34.85604],[-58.18421,-34.8562]]}},{"type":"Feature","properties":{"descripcion":"Desagüe o zanja"},"geometry":{"type":"LineString","coordinates":[[-58.18595,-34.86468],[-58.18599,-34.86458]]}},{"type":"Feature","properties":{"descripcion":"Desagüe o zanja"},"geometry":{"type":"LineString","coordinates":[[-58.18599,-34.86458],[-58.18621,-34.86403]]}},{"type":"Feature","properties":{"descripcion":"Desagüe o zanja"},"geometry":{"type":"LineString","coordinates":[[-58.18569,-34.86533],[-58.18573,-34.86524]]}},{"type":"Feature","properties":{"descripcion":"Desagüe o zanja"},"geometry":{"type":"LineString","coordinates":[[-58.18573,-34.86524],[-58.18595,-34.86468]]}},{"type":"Feature","properties":{"descripcion":"Desagüe o zanja"},"geometry":{"type":"LineString","coordinates":[[-58.18487,-34.87039],[-58.18407,-34.8697]]}},{"type":"Feature","properties":{"descripcion":"Desagüe o zanja"},"geometry":{"type":"LineString","coordinates":[[-58.18492,-34.87044],[-58.18487,-34.87039]]}},{"type":"Feature","properties":{"descripcion":"Desagüe o zanja"},"geometry":{"type":"LineString","coordinates":[[-58.18403,-34.86966],[-58.18397,-34.86961],[-58.18493,-34.86724],[-58.18545,-34.86595]]}},{"type":"Feature","properties":{"descripcion":"Desagüe o zanja"},"geometry":{"type":"LineString","coordinates":[[-58.18407,-34.8697],[-58.18403,-34.86966]]}},{"type":"Feature","properties":{"descripcion":"Desagüe o zanja"},"geometry":{"type":"LineString","coordinates":[[-58.18673,-34.86272],[-58.18677,-34.86263]]}},{"type":"Feature","properties":{"descripcion":"Desagüe o zanja"},"geometry":{"type":"LineString","coordinates":[[-58.18677,-34.86263],[-58.18705,-34.86193],[-58.18725,-34.86144]]}},{"type":"Feature","properties":{"descripcion":"Desagüe o zanja"},"geometry":{"type":"LineString","coordinates":[[-58.1893,-34.86122],[-58.18766,-34.86077]]}},{"type":"Feature","properties":{"descripcion":"Desagüe o zanja"},"geometry":{"type":"LineString","coordinates":[[-58.18941,-34.86125],[-58.1893,-34.86122]]}},{"type":"Feature","properties":{"descripcion":"Desagüe o zanja"},"geometry":{"type":"LineString","coordinates":[[-58.191,-34.86168],[-58.18941,-34.86125]]}},{"type":"Feature","properties":{"descripcion":"Desagüe o zanja"},"geometry":{"type":"LineString","coordinates":[[-58.19112,-34.86171],[-58.191,-34.86168]]}},{"type":"Feature","properties":{"descripcion":"Desagüe o zanja"},"geometry":{"type":"LineString","coordinates":[[-58.19279,-34.8622],[-58.19273,-34.86215]]}},{"type":"Feature","properties":{"descripcion":"Desagüe o zanja"},"geometry":{"type":"LineString","coordinates":[[-58.19273,-34.86215],[-58.19112,-34.86171]]}},{"type":"Feature","properties":{"descripcion":"Arroyo"},"geometry":{"type":"LineString","coordinates":[[-58.17898,-34.89201],[-58.17891,-34.8919]]}},{"type":"Feature","properties":{"descripcion":"Arroyo"},"geometry":{"type":"LineString","coordinates":[[-58.17808,-34.89067],[-58.17758,-34.88994],[-58.17704,-34.88974],[-58.17696,-34.88969]]}},{"type":"Feature","properties":{"descripcion":"Arroyo"},"geometry":{"type":"LineString","coordinates":[[-58.17684,-34.88961],[-58.17671,-34.88953],[-58.17669,-34.88944]]}},{"type":"Feature","properties":{"descripcion":"Arroyo"},"geometry":{"type":"LineString","coordinates":[[-58.17696,-34.88969],[-58.17684,-34.88961]]}},{"type":"Feature","properties":{"descripcion":"Arroyo"},"geometry":{"type":"LineString","coordinates":[[-58.17669,-34.88944],[-58.17667,-34.88934]]}},{"type":"Feature","properties":{"descripcion":"Arroyo"},"geometry":{"type":"LineString","coordinates":[[-58.1759,-34.88826],[-58.17587,-34.88818],[-58.17566,-34.88785],[-58.17504,-34.88711]]}},{"type":"Feature","properties":{"descripcion":"Arroyo"},"geometry":{"type":"LineString","coordinates":[[-58.17492,-34.88695],[-58.17443,-34.88622]]}},{"type":"Feature","properties":{"descripcion":"Arroyo"},"geometry":{"type":"LineString","coordinates":[[-58.17504,-34.88711],[-58.17492,-34.88695]]}},{"type":"Feature","properties":{"descripcion":"Arroyo"},"geometry":{"type":"LineString","coordinates":[[-58.17443,-34.88622],[-58.17434,-34.8861]]}},{"type":"Feature","properties":{"descripcion":"Arroyo"},"geometry":{"type":"LineString","coordinates":[[-58.17434,-34.8861],[-58.17402,-34.88563],[-58.17397,-34.88555],[-58.17379,-34.8854]]}},{"type":"Feature","properties":{"descripcion":"Arroyo"},"geometry":{"type":"LineString","coordinates":[[-58.1703,-34.88099],[-58.17013,-34.88071]]}},{"type":"Feature","properties":{"descripcion":"Arroyo"},"geometry":{"type":"LineString","coordinates":[[-58.17013,-34.88071],[-58.16946,-34.87963],[-58.16934,-34.87951],[-58.16914,-34.87938],[-58.16877,-34.87923],[-58.16861,-34.87906],[-58.16842,-34.8786],[-58.16831,-34.87835],[-58.16803,-34.87806],[-58.1679,-34.87792],[-58.16769,-34.87762],[-58.16735,-34.87723],[-58.16722,-34.87702],[-58.16689,-34.87563],[-58.16691,-34.87549],[-58.16698,-34.87537],[-58.16747,-34.87499],[-58.16752,-34.87487],[-58.16752,-34.87476],[-58.16742,-34.87465],[-58.16627,-34.87368],[-58.16593,-34.87334],[-58.16556,-34.87298],[-58.16541,-34.87278],[-58.16539,-34.87259],[-58.16546,-34.87221],[-58.16546,-34.87199],[-58.1653,-34.87158],[-58.16523,-34.87097],[-58.16527,-34.87039],[-58.16521,-34.8702],[-58.16455,-34.86954],[-58.16448,-34.8694],[-58.16448,-34.86916],[-58.16438,-34.86893],[-58.16407,-34.86857],[-58.16268,-34.8672],[-58.16252,-34.86696],[-58.16248,-34.86673],[-58.16255,-34.86622],[-58.16259,-34.86602],[-58.16249,-34.86583],[-58.16201,-34.86535],[-58.16133,-34.86458],[-58.16009,-34.86357],[-58.15965,-34.86326],[-58.15852,-34.86273],[-58.158,-34.86253],[-58.15392,-34.86149],[-58.15371,-34.86139],[-58.15046,-34.85768],[-58.14967,-34.85712],[-58.14913,-34.85654],[-58.14901,-34.85634],[-58.14886,-34.85587],[-58.14869,-34.8556],[-58.14832,-34.85534],[-58.14746,-34.85485],[-58.14729,-34.85467],[-58.14688,-34.85392],[-58.14663,-34.85373],[-58.14605,-34.8535],[-58.14577,-34.85326],[-58.14543,-34.85321],[-58.14424,-34.85345],[-58.14222,-34.85434],[-58.14106,-34.85472],[-58.1407,-34.85478],[-58.14035,-34.8548],[-58.1383,-34.85475],[-58.13609,-34.8545]]}},{"type":"Feature","properties":{"descripcion":"Desagüe o zanja"},"geometry":{"type":"LineString","coordinates":[[-58.19491,-34.83347],[-58.195,-34.83344]]}},{"type":"Feature","properties":{"descripcion":"Desagüe o zanja"},"geometry":{"type":"LineString","coordinates":[[-58.195,-34.83344],[-58.19509,-34.8334],[-58.19564,-34.83251],[-58.19647,-34.83064],[-58.2003,-34.82935]]}},{"type":"Feature","properties":{"descripcion":"Desagüe o zanja"},"geometry":{"type":"LineString","coordinates":[[-58.03535,-34.9952],[-58.03543,-34.99513]]}},{"type":"Feature","properties":{"descripcion":"Desagüe o zanja"},"geometry":{"type":"LineString","coordinates":[[-58.03543,-34.99513],[-58.0356,-34.99499]]}},{"type":"Feature","properties":{"descripcion":"Desagüe o zanja"},"geometry":{"type":"LineString","coordinates":[[-58.0357,-34.99491],[-58.03617,-34.99459],[-58.03708,-34.99394],[-58.0375,-34.99363],[-58.03841,-34.99297],[-58.03889,-34.99254],[-58.0389,-34.99253]]}},{"type":"Feature","properties":{"descripcion":"Desagüe o zanja"},"geometry":{"type":"LineString","coordinates":[[-58.0356,-34.99499],[-58.0357,-34.99491]]}},{"type":"Feature","properties":{"descripcion":"Desagüe o zanja"},"geometry":{"type":"LineString","coordinates":[[-58.0389,-34.99253],[-58.03902,-34.99244]]}},{"type":"Feature","properties":{"descripcion":"Desagüe o zanja"},"geometry":{"type":"LineString","coordinates":[[-58.03902,-34.99244],[-58.03924,-34.9923],[-58.03929,-34.99226]]}},{"type":"Feature","properties":{"nombre":"Derivacion A Laguna","descripcion":"Arroyo"},"geometry":{"type":"LineString","coordinates":[[-58.02846,-34.86434],[-58.02827,-34.86461]]}},{"type":"Feature","properties":{"nombre":"Derivacion A Laguna","descripcion":"Arroyo"},"geometry":{"type":"LineString","coordinates":[[-58.02827,-34.86461],[-58.02812,-34.86484],[-58.0275,-34.86513],[-58.02744,-34.86519]]}},{"type":"Feature","properties":{"nombre":"Derivacion A Laguna","descripcion":"Arroyo"},"geometry":{"type":"LineString","coordinates":[[-58.02798,-34.86635],[-58.02803,-34.86644]]}},{"type":"Feature","properties":{"nombre":"Derivacion A Laguna","descripcion":"Arroyo"},"geometry":{"type":"LineString","coordinates":[[-58.02803,-34.86644],[-58.02813,-34.86666],[-58.02806,-34.86707],[-58.0279,-34.86752],[-58.02765,-34.86799],[-58.02741,-34.86822],[-58.02713,-34.86849]]}},{"type":"Feature","properties":{"nombre":"Derivacion A Laguna","descripcion":"Arroyo"},"geometry":{"type":"LineString","coordinates":[[-58.02739,-34.86526],[-58.02717,-34.8655],[-58.02718,-34.86581],[-58.02739,-34.86606],[-58.02796,-34.86629],[-58.02798,-34.86635]]}},{"type":"Feature","properties":{"nombre":"Derivacion A Laguna","descripcion":"Arroyo"},"geometry":{"type":"LineString","coordinates":[[-58.02744,-34.86519],[-58.02739,-34.86526]]}},{"type":"Feature","properties":{"nombre":"Arroyo El Gato","descripcion":"Arroyo"},"geometry":{"type":"LineString","coordinates":[[-58.01635,-34.93048],[-58.01637,-34.9301],[-58.01608,-34.92981],[-58.01585,-34.92953],[-58.01569,-34.92935],[-58.01558,-34.92903],[-58.01558,-34.92887],[-58.01588,-34.92823],[-58.0159,-34.92811],[-58.01581,-34.92797],[-58.01576,-34.92788]]}},{"type":"Feature","properties":{"nombre":"Arroyo El Gato","descripcion":"Arroyo"},"geometry":{"type":"LineString","coordinates":[[-58.01625,-34.93078],[-58.01636,-34.93055],[-58.01635,-34.93048]]}},{"type":"Feature","properties":{"nombre":"Arroyo El Gato","descripcion":"Arroyo"},"geometry":{"type":"LineString","coordinates":[[-58.02,-34.95288],[-58.0201,-34.95271]]}},{"type":"Feature","properties":{"nombre":"Arroyo El Gato","descripcion":"Arroyo"},"geometry":{"type":"LineString","coordinates":[[-58.0201,-34.95271],[-58.02068,-34.95167],[-58.02083,-34.95151],[-58.02086,-34.95139],[-58.02074,-34.95114],[-58.02069,-34.95089],[-58.02072,-34.9507],[-58.02162,-34.94974],[-58.02232,-34.94915],[-58.02243,-34.9491],[-58.02256,-34.94909],[-58.02295,-34.94906],[-58.02353,-34.94902],[-58.02514,-34.94777],[-58.0254,-34.94757],[-58.02561,-34.94743],[-58.02582,-34.94728],[-58.02593,-34.94715],[-58.02617,-34.94695],[-58.02627,-34.94676],[-58.02638,-34.94648],[-58.02644,-34.94624]]}},{"type":"Feature","properties":{"descripcion":"Arroyo"},"geometry":{"type":"LineString","coordinates":[[-58.03942,-35.02139],[-58.0377,-35.02268],[-58.03765,-35.02274],[-58.03763,-35.02281],[-58.03766,-35.0229],[-58.03888,-35.02601],[-58.03896,-35.02612],[-58.04047,-35.02764],[-58.04059,-35.02771],[-58.04233,-35.02799],[-58.04251,-35.02805],[-58.04342,-35.0285],[-58.0436,-35.02862],[-58.04397,-35.02912],[-58.046,-35.03069],[-58.04674,-35.03108],[-58.04877,-35.03226],[-58.04891,-35.03229],[-58.04936,-35.03233],[-58.04962,-35.03241],[-58.05234,-35.03357],[-58.05239,-35.03361],[-58.05239,-35.03364],[-58.05239,-35.03367],[-58.05233,-35.03377],[-58.05232,-35.03388],[-58.05234,-35.034],[-58.05239,-35.03408],[-58.05474,-35.0362]]}},{"type":"Feature","properties":{"descripcion":"Arroyo"},"geometry":{"type":"LineString","coordinates":[[-58.03948,-35.02134],[-58.03942,-35.02139]]}},{"type":"Feature","properties":{"descripcion":"Desagüe o zanja"},"geometry":{"type":"LineString","coordinates":[[-57.92571,-34.86948],[-57.92556,-34.86928],[-57.92402,-34.86819],[-57.92395,-34.86823],[-57.9216,-34.8666]]}},{"type":"Feature","properties":{"descripcion":"Desagüe o zanja"},"geometry":{"type":"LineString","coordinates":[[-57.92594,-34.86964],[-57.92571,-34.86948]]}},{"type":"Feature","properties":{"nombre":"Arroyo del Gato","descripcion":"Arroyo"},"geometry":{"type":"LineString","coordinates":[[-57.94271,-34.84323],[-57.94245,-34.84348],[-57.94212,-34.84364]]}},{"type":"Feature","properties":{"nombre":"Arroyo del Gato","descripcion":"Arroyo"},"geometry":{"type":"LineString","coordinates":[[-57.94279,-34.84316],[-57.94271,-34.84323]]}},{"type":"Feature","properties":{"descripcion":"Arroyo"},"geometry":{"type":"LineString","coordinates":[[-57.93368,-34.836],[-57.93323,-34.83611],[-57.93292,-34.83615],[-57.93183,-34.83599],[-57.93126,-34.83582],[-57.93019,-34.83577],[-57.92983,-34.83583],[-57.92954,-34.83578],[-57.92859,-34.83635],[-57.9267,-34.83674],[-57.92648,-34.83692]]}},{"type":"Feature","properties":{"descripcion":"Arroyo"},"geometry":{"type":"LineString","coordinates":[[-57.93382,-34.83591],[-57.93368,-34.836]]}},{"type":"Feature","properties":{"descripcion":"Arroyo"},"geometry":{"type":"LineString","coordinates":[[-57.9329,-34.85129],[-57.93277,-34.85136],[-57.93241,-34.85148],[-57.93149,-34.85171],[-57.93039,-34.85175],[-57.92973,-34.85167],[-57.92903,-34.85182],[-57.92849,-34.85175]]}},{"type":"Feature","properties":{"descripcion":"Desagüe o zanja"},"geometry":{"type":"LineString","coordinates":[[-57.91012,-34.8537],[-57.91002,-34.85354]]}},{"type":"Feature","properties":{"descripcion":"Desagüe o zanja"},"geometry":{"type":"LineString","coordinates":[[-57.91002,-34.85354],[-57.90994,-34.85345],[-57.90984,-34.85338],[-57.90972,-34.85328],[-57.9096,-34.85318],[-57.90944,-34.85307],[-57.90933,-34.853],[-57.9093,-34.85298]]}},{"type":"Feature","properties":{"descripcion":"Desagüe o zanja"},"geometry":{"type":"LineString","coordinates":[[-57.93873,-34.87859],[-57.92662,-34.87015],[-57.92647,-34.87002]]}},{"type":"Feature","properties":{"descripcion":"Desagüe o zanja"},"geometry":{"type":"LineString","coordinates":[[-57.93891,-34.8787],[-57.93873,-34.87859]]}},{"type":"Feature","properties":{"descripcion":"Desagüe o zanja"},"geometry":{"type":"LineString","coordinates":[[-57.9393,-34.87895],[-57.93891,-34.8787]]}},{"type":"Feature","properties":{"descripcion":"Desagüe o zanja"},"geometry":{"type":"LineString","coordinates":[[-57.93973,-34.87918],[-57.9393,-34.87895]]}},{"type":"Feature","properties":{"descripcion":"Desagüe o zanja"},"geometry":{"type":"LineString","coordinates":[[-57.93825,-34.89293],[-57.93831,-34.89299]]}},{"type":"Feature","properties":{"descripcion":"Desagüe o zanja"},"geometry":{"type":"LineString","coordinates":[[-57.93831,-34.89299],[-57.93845,-34.89311]]}},{"type":"Feature","properties":{"descripcion":"Arroyo"},"geometry":{"type":"LineString","coordinates":[[-58.1009,-34.91211],[-58.10092,-34.91195],[-58.10092,-34.9118],[-58.10091,-34.91172],[-58.10088,-34.91163],[-58.10081,-34.91163],[-58.10067,-34.9116],[-58.10049,-34.91152],[-58.10016,-34.91122],[-58.10007,-34.91109],[-58.09998,-34.91095],[-58.09992,-34.91084],[-58.09987,-34.9107],[-58.09975,-34.91043],[-58.09972,-34.91036],[-58.09968,-34.9103],[-58.09964,-34.91024],[-58.09961,-34.91018],[-58.09957,-34.91014],[-58.09955,-34.9101],[-58.09955,-34.91007],[-58.09955,-34.91002],[-58.09955,-34.90999],[-58.09957,-34.90996],[-58.09962,-34.90995],[-58.09993,-34.90988],[-58.10008,-34.90983],[-58.10009,-34.90981]]}},{"type":"Feature","properties":{"descripcion":"Canal"},"geometry":{"type":"LineString","coordinates":[[-58.05529,-34.85369],[-58.05523,-34.85361],[-58.0552,-34.85356],[-58.05514,-34.8535]]}},{"type":"Feature","properties":{"descripcion":"Arroyo"},"geometry":{"type":"LineString","coordinates":[[-58.04387,-35.18993],[-58.04369,-35.1899],[-58.04361,-35.18988]]}},{"type":"Feature","properties":{"descripcion":"Arroyo"},"geometry":{"type":"LineString","coordinates":[[-58.04405,-35.18994],[-58.04387,-35.18993]]}},{"type":"Feature","properties":{"descripcion":"Arroyo"},"geometry":{"type":"LineString","coordinates":[[-58.04761,-35.19031],[-58.04439,-35.18997],[-58.04405,-35.18994]]}},{"type":"Feature","properties":{"descripcion":"Arroyo"},"geometry":{"type":"LineString","coordinates":[[-58.04785,-35.19033],[-58.04761,-35.19031]]}},{"type":"Feature","properties":{"descripcion":"Arroyo"},"geometry":{"type":"LineString","coordinates":[[-58.04295,-35.1898],[-58.0429,-35.18979],[-58.03837,-35.18756],[-58.03556,-35.18574],[-58.03542,-35.18568],[-58.03525,-35.18557],[-58.03521,-35.18551],[-58.03512,-35.18542],[-58.03495,-35.18527],[-58.03493,-35.18519],[-58.03493,-35.18514],[-58.03489,-35.18506],[-58.03481,-35.18499],[-58.03451,-35.18483],[-58.03436,-35.18471],[-58.03383,-35.18405],[-58.03367,-35.18392],[-58.03341,-35.18379],[-58.0333,-35.18372],[-58.03328,-35.18369]]}},{"type":"Feature","properties":{"descripcion":"Arroyo"},"geometry":{"type":"LineString","coordinates":[[-58.04361,-35.18988],[-58.04295,-35.1898]]}},{"type":"Feature","properties":{"nombre":"Arroyo Baldovino","descripcion":"Arroyo"},"geometry":{"type":"LineString","coordinates":[[-58.14382,-34.81711],[-58.14378,-34.81724],[-58.14361,-34.8173]]}},{"type":"Feature","properties":{"nombre":"Arroyo Baldovino","descripcion":"Arroyo"},"geometry":{"type":"LineString","coordinates":[[-58.12474,-34.80213],[-58.12456,-34.80196],[-58.12409,-34.80155],[-58.12263,-34.80025],[-58.12177,-34.79946],[-58.11971,-34.79764],[-58.10626,-34.78566],[-58.08538,-34.76683],[-58.08413,-34.76571],[-58.08342,-34.76493]]}},{"type":"Feature","properties":{"descripcion":"Arroyo"},"geometry":{"type":"LineString","coordinates":[[-57.79677,-35.08301],[-57.79785,-35.082],[-57.7991,-35.07964],[-57.79928,-35.07461],[-57.80017,-35.07452],[-57.80052,-35.07462],[-57.80136,-35.07507],[-57.80152,-35.07418],[-57.80171,-35.07402],[-57.80413,-35.07288],[-57.80469,-35.07226],[-57.80411,-35.06956],[-57.80487,-35.06923],[-57.80482,-35.06876],[-57.80556,-35.06829],[-57.80532,-35.06761],[-57.80588,-35.06629],[-57.80772,-35.06495],[-57.81037,-35.06371],[-57.81108,-35.06285]]}},{"type":"Feature","properties":{"descripcion":"Arroyo"},"geometry":{"type":"LineString","coordinates":[[-57.79669,-35.08309],[-57.79677,-35.08301]]}},{"type":"Feature","properties":{"descripcion":"Arroyo"},"geometry":{"type":"LineString","coordinates":[[-58.12175,-35.0866],[-58.12176,-35.08659],[-58.12177,-35.08655],[-58.12177,-35.08651],[-58.12085,-35.0857],[-58.12078,-35.08558],[-58.1208,-35.08544],[-58.12229,-35.08393],[-58.12242,-35.08378],[-58.12422,-35.08074],[-58.12439,-35.08057],[-58.12709,-35.07955],[-58.12801,-35.0793],[-58.12813,-35.07923],[-58.12824,-35.07886],[-58.13541,-35.07327]]}},{"type":"Feature","properties":{"descripcion":"Arroyo"},"geometry":{"type":"LineString","coordinates":[[-58.12167,-35.08668],[-58.12175,-35.0866]]}},{"type":"Feature","properties":{"nombre":"Arroyo Carnaval","descripcion":"Arroyo"},"geometry":{"type":"LineString","coordinates":[[-58.06817,-34.85787],[-58.06782,-34.85768],[-58.06688,-34.85731],[-58.06635,-34.85712],[-58.06608,-34.857],[-58.06574,-34.85697],[-58.06545,-34.85695],[-58.06504,-34.85697],[-58.06415,-34.85715],[-58.06358,-34.85727],[-58.06311,-34.85735],[-58.06283,-34.85736],[-58.06246,-34.8573],[-58.06215,-34.85721]]}},{"type":"Feature","properties":{"descripcion":"Desagüe o zanja"},"geometry":{"type":"LineString","coordinates":[[-58.04308,-34.98899],[-58.04304,-34.98896],[-58.043,-34.98892],[-58.04294,-34.98888],[-58.04292,-34.98887],[-58.04289,-34.98886],[-58.04286,-34.98885],[-58.04283,-34.98884],[-58.04236,-34.98885],[-58.04179,-34.98883],[-58.04142,-34.98882],[-58.04139,-34.98882],[-58.04136,-34.98881]]}},{"type":"Feature","properties":{"descripcion":"Desagüe o zanja"},"geometry":{"type":"LineString","coordinates":[[-58.04326,-34.98913],[-58.04308,-34.98899]]}},{"type":"Feature","properties":{"descripcion":"Desagüe o zanja"},"geometry":{"type":"LineString","coordinates":[[-58.04117,-34.98862],[-58.04073,-34.98824],[-58.04016,-34.9877],[-58.04016,-34.98763]]}},{"type":"Feature","properties":{"descripcion":"Desagüe o zanja"},"geometry":{"type":"LineString","coordinates":[[-58.04124,-34.98869],[-58.04117,-34.98862]]}},{"type":"Feature","properties":{"descripcion":"Desagüe o zanja"},"geometry":{"type":"LineString","coordinates":[[-58.04127,-34.98871],[-58.04124,-34.98869]]}},{"type":"Feature","properties":{"descripcion":"Desagüe o zanja"},"geometry":{"type":"LineString","coordinates":[[-58.04136,-34.98881],[-58.04127,-34.98871]]}},{"type":"Feature","properties":{"descripcion":"Desagüe o zanja"},"geometry":{"type":"LineString","coordinates":[[-58.04083,-34.98884],[-58.04055,-34.98858],[-58.04055,-34.98853],[-58.04056,-34.98848]]}},{"type":"Feature","properties":{"descripcion":"Desagüe o zanja"},"geometry":{"type":"LineString","coordinates":[[-58.04094,-34.98893],[-58.04083,-34.98884]]}},{"type":"Feature","properties":{"descripcion":"Desagüe o zanja"},"geometry":{"type":"LineString","coordinates":[[-58.04076,-34.98832],[-58.04075,-34.98828],[-58.04073,-34.98824]]}},{"type":"Feature","properties":{"descripcion":"Desagüe o zanja"},"geometry":{"type":"LineString","coordinates":[[-58.04056,-34.98848],[-58.04076,-34.98832]]}},{"type":"Feature","properties":{"descripcion":"Desagüe o zanja"},"geometry":{"type":"LineString","coordinates":[[-58.0412,-34.99051],[-58.04115,-34.99046],[-58.04125,-34.98978],[-58.04124,-34.98936],[-58.04115,-34.98912],[-58.04094,-34.98893]]}},{"type":"Feature","properties":{"descripcion":"Desagüe o zanja"},"geometry":{"type":"LineString","coordinates":[[-58.04134,-34.99063],[-58.0412,-34.99051]]}},{"type":"Feature","properties":{"descripcion":"Desagüe o zanja"},"geometry":{"type":"LineString","coordinates":[[-58.04128,-34.9908],[-58.04135,-34.99076],[-58.04136,-34.99076],[-58.04138,-34.99075],[-58.0414,-34.99073],[-58.04141,-34.99072],[-58.04141,-34.99071],[-58.04141,-34.9907],[-58.0414,-34.99068],[-58.04139,-34.99067],[-58.04136,-34.99065],[-58.04134,-34.99063]]}},{"type":"Feature","properties":{"descripcion":"Desagüe o zanja"},"geometry":{"type":"LineString","coordinates":[[-58.04117,-34.99088],[-58.04128,-34.9908]]}},{"type":"Feature","properties":{"descripcion":"Desagüe o zanja"},"geometry":{"type":"LineString","coordinates":[[-58.04091,-34.99107],[-58.04106,-34.99096],[-58.04117,-34.99088]]}},{"type":"Feature","properties":{"descripcion":"Desagüe o zanja"},"geometry":{"type":"LineString","coordinates":[[-58.04072,-34.99121],[-58.04091,-34.99107]]}},{"type":"Feature","properties":{"descripcion":"Desagüe o zanja"},"geometry":{"type":"LineString","coordinates":[[-58.04039,-34.99146],[-58.04047,-34.9914]]}},{"type":"Feature","properties":{"descripcion":"Desagüe o zanja"},"geometry":{"type":"LineString","coordinates":[[-58.04047,-34.9914],[-58.04072,-34.99121]]}},{"type":"Feature","properties":{"descripcion":"Desagüe o zanja"},"geometry":{"type":"LineString","coordinates":[[-58.03996,-34.99179],[-58.04001,-34.99175]]}},{"type":"Feature","properties":{"descripcion":"Desagüe o zanja"},"geometry":{"type":"LineString","coordinates":[[-58.04001,-34.99175],[-58.04032,-34.99152],[-58.04039,-34.99146]]}},{"type":"Feature","properties":{"descripcion":"Desagüe o zanja"},"geometry":{"type":"LineString","coordinates":[[-58.03986,-34.99186],[-58.03996,-34.99179]]}},{"type":"Feature","properties":{"descripcion":"Desagüe o zanja"},"geometry":{"type":"LineString","coordinates":[[-58.03981,-34.9919],[-58.03986,-34.99186]]}},{"type":"Feature","properties":{"descripcion":"Desagüe o zanja"},"geometry":{"type":"LineString","coordinates":[[-58.03975,-34.99194],[-58.03981,-34.9919]]}},{"type":"Feature","properties":{"descripcion":"Desagüe o zanja"},"geometry":{"type":"LineString","coordinates":[[-58.0397,-34.99198],[-58.03975,-34.99194]]}},{"type":"Feature","properties":{"descripcion":"Desagüe o zanja"},"geometry":{"type":"LineString","coordinates":[[-58.03964,-34.99202],[-58.0397,-34.99198]]}},{"type":"Feature","properties":{"descripcion":"Desagüe o zanja"},"geometry":{"type":"LineString","coordinates":[[-58.03959,-34.99206],[-58.03964,-34.99202]]}},{"type":"Feature","properties":{"descripcion":"Desagüe o zanja"},"geometry":{"type":"LineString","coordinates":[[-58.03941,-34.99218],[-58.03959,-34.99206]]}},{"type":"Feature","properties":{"descripcion":"Desagüe o zanja"},"geometry":{"type":"LineString","coordinates":[[-58.03929,-34.99226],[-58.03941,-34.99218]]}},{"type":"Feature","properties":{"descripcion":"Desagüe o zanja"},"geometry":{"type":"LineString","coordinates":[[-58.04063,-34.99406],[-58.03993,-34.99346],[-58.03897,-34.99261],[-58.03889,-34.99254]]}},{"type":"Feature","properties":{"descripcion":"Desagüe o zanja"},"geometry":{"type":"LineString","coordinates":[[-58.04079,-34.99421],[-58.04063,-34.99406]]}},{"type":"Feature","properties":{"descripcion":"Desagüe o zanja"},"geometry":{"type":"LineString","coordinates":[[-58.0344,-34.99592],[-58.0349,-34.99555],[-58.03535,-34.9952]]}},{"type":"Feature","properties":{"descripcion":"Desagüe o zanja"},"geometry":{"type":"LineString","coordinates":[[-58.03427,-34.99601],[-58.0344,-34.99592]]}},{"type":"Feature","properties":{"descripcion":"Desagüe o zanja"},"geometry":{"type":"LineString","coordinates":[[-58.03209,-34.99764],[-58.03226,-34.99752],[-58.03249,-34.99735],[-58.03275,-34.99716]]}},{"type":"Feature","properties":{"descripcion":"Desagüe o zanja"},"geometry":{"type":"LineString","coordinates":[[-58.032,-34.99771],[-58.03209,-34.99764]]}},{"type":"Feature","properties":{"descripcion":"Desagüe o zanja"},"geometry":{"type":"LineString","coordinates":[[-58.03284,-34.99709],[-58.03298,-34.99699],[-58.03314,-34.99688]]}},{"type":"Feature","properties":{"descripcion":"Desagüe o zanja"},"geometry":{"type":"LineString","coordinates":[[-58.03275,-34.99716],[-58.03284,-34.99709]]}},{"type":"Feature","properties":{"descripcion":"Desagüe o zanja"},"geometry":{"type":"LineString","coordinates":[[-58.03323,-34.99681],[-58.03337,-34.99671],[-58.03351,-34.99661],[-58.03396,-34.99625],[-58.03427,-34.99601]]}},{"type":"Feature","properties":{"descripcion":"Desagüe o zanja"},"geometry":{"type":"LineString","coordinates":[[-58.03314,-34.99688],[-58.03323,-34.99681]]}},{"type":"Feature","properties":{"descripcion":"Arroyo"},"geometry":{"type":"LineString","coordinates":[[-58.05459,-34.98554],[-58.05453,-34.98543],[-58.05451,-34.98529],[-58.05449,-34.98524],[-58.05446,-34.98515],[-58.05445,-34.98507],[-58.05439,-34.98491],[-58.05434,-34.98481],[-58.05432,-34.98471],[-58.0543,-34.98465],[-58.05429,-34.98463],[-58.05427,-34.98461],[-58.05426,-34.98459],[-58.05426,-34.98457],[-58.05427,-34.98454],[-58.05426,-34.98452],[-58.05425,-34.98449],[-58.05424,-34.98448],[-58.05422,-34.98447],[-58.05419,-34.98447],[-58.05417,-34.98447],[-58.05413,-34.98445],[-58.05411,-34.98443],[-58.05404,-34.98435],[-58.05398,-34.98412],[-58.05402,-34.98408],[-58.05408,-34.98402],[-58.05403,-34.98388],[-58.05401,-34.98378],[-58.05396,-34.9837],[-58.05394,-34.98361],[-58.05399,-34.98354],[-58.05396,-34.98345],[-58.05387,-34.98332],[-58.05386,-34.98322],[-58.05372,-34.98303],[-58.05369,-34.98273],[-58.05338,-34.98164],[-58.0528,-34.98058],[-58.05206,-34.97953],[-58.05182,-34.97896],[-58.05096,-34.978],[-58.05067,-34.97742],[-58.05014,-34.97599],[-58.04982,-34.97561],[-58.04978,-34.97492],[-58.049,-34.97458],[-58.04869,-34.97429],[-58.04849,-34.9742],[-58.04801,-34.97375],[-58.0478,-34.97361],[-58.04748,-34.97314],[-58.04676,-34.97239],[-58.04641,-34.97195],[-58.04639,-34.97181],[-58.04644,-34.97168],[-58.0468,-34.97167],[-58.04683,-34.97164],[-58.04682,-34.97149],[-58.04669,-34.97131],[-58.04642,-34.97109],[-58.046,-34.9709],[-58.04567,-34.97066],[-58.04542,-34.97058],[-58.04527,-34.97041],[-58.04479,-34.97006],[-58.04409,-34.96924],[-58.04396,-34.96897],[-58.04392,-34.96865],[-58.04357,-34.96837]]}},{"type":"Feature","properties":{"descripcion":"Arroyo"},"geometry":{"type":"LineString","coordinates":[[-58.05662,-34.9892],[-58.05653,-34.98915]]}},{"type":"Feature","properties":{"nombre":"Arroyo El Gato","descripcion":"Arroyo"},"geometry":{"type":"LineString","coordinates":[[-58.0195,-34.95384],[-58.01958,-34.95377],[-58.02,-34.95288]]}},{"type":"Feature","properties":{"nombre":"Arroyo El Gato","descripcion":"Arroyo"},"geometry":{"type":"LineString","coordinates":[[-58.01916,-34.95413],[-58.0195,-34.95384]]}},{"type":"Feature","properties":{"descripcion":"Desagüe o zanja"},"geometry":{"type":"LineString","coordinates":[[-57.99682,-34.87529],[-57.99994,-34.87293],[-57.99996,-34.87289],[-57.99996,-34.87286],[-57.99994,-34.87283],[-57.9992,-34.87223],[-57.99918,-34.87219],[-57.99917,-34.87216],[-57.99919,-34.87212],[-57.99923,-34.87209],[-58.0001,-34.87171],[-58.02196,-34.8621]]}},{"type":"Feature","properties":{"descripcion":"Desagüe o zanja"},"geometry":{"type":"LineString","coordinates":[[-57.99674,-34.87535],[-57.99682,-34.87529]]}},{"type":"Feature","properties":{"descripcion":"Desagüe o zanja"},"geometry":{"type":"LineString","coordinates":[[-57.92917,-34.87237],[-57.92906,-34.87229]]}},{"type":"Feature","properties":{"descripcion":"Desagüe o zanja"},"geometry":{"type":"LineString","coordinates":[[-57.91988,-34.86327],[-57.92192,-34.86154],[-57.9227,-34.86162],[-57.92444,-34.86028]]}},{"type":"Feature","properties":{"descripcion":"Canal"},"geometry":{"type":"LineString","coordinates":[[-57.90341,-34.87847],[-57.90301,-34.87812],[-57.89995,-34.8741]]}},{"type":"Feature","properties":{"descripcion":"Canal"},"geometry":{"type":"LineString","coordinates":[[-57.9035,-34.87854],[-57.90341,-34.87847]]}},{"type":"Feature","properties":{"descripcion":"Canal"},"geometry":{"type":"LineString","coordinates":[[-57.89987,-34.87399],[-57.89985,-34.87397]]}},{"type":"Feature","properties":{"descripcion":"Canal"},"geometry":{"type":"LineString","coordinates":[[-57.89995,-34.8741],[-57.89987,-34.87399]]}},{"type":"Feature","properties":{"descripcion":"Canal"},"geometry":{"type":"LineString","coordinates":[[-57.895,-34.87414],[-57.89086,-34.86633]]}},{"type":"Feature","properties":{"descripcion":"Canal"},"geometry":{"type":"LineString","coordinates":[[-57.8953,-34.87445],[-57.895,-34.87414]]}},{"type":"Feature","properties":{"descripcion":"Canal"},"geometry":{"type":"LineString","coordinates":[[-57.91707,-34.89592],[-57.91693,-34.89582]]}},{"type":"Feature","properties":{"descripcion":"Canal"},"geometry":{"type":"LineString","coordinates":[[-57.91366,-34.89279],[-57.91346,-34.89262]]}},{"type":"Feature","properties":{"descripcion":"Canal"},"geometry":{"type":"LineString","coordinates":[[-57.89606,-34.87568],[-57.89568,-34.87521]]}},{"type":"Feature","properties":{"descripcion":"Canal"},"geometry":{"type":"LineString","coordinates":[[-57.88162,-34.86597],[-57.88131,-34.86615],[-57.88121,-34.86617],[-57.88109,-34.86616],[-57.881,-34.8661],[-57.88092,-34.86604],[-57.88085,-34.86598],[-57.88079,-34.86592],[-57.88073,-34.8658],[-57.88071,-34.86568],[-57.8807,-34.86557],[-57.88072,-34.86545],[-57.8809,-34.86504],[-57.88091,-34.86498],[-57.8809,-34.86491],[-57.88089,-34.8648],[-57.88086,-34.8647],[-57.88082,-34.86458],[-57.88063,-34.86414],[-57.8806,-34.86406],[-57.88057,-34.86397],[-57.88057,-34.86389],[-57.88057,-34.86382],[-57.88057,-34.86349],[-57.88062,-34.86305],[-57.88062,-34.863],[-57.88062,-34.86296],[-57.88063,-34.86293],[-57.88064,-34.86288],[-57.88067,-34.86284],[-57.8807,-34.8628],[-57.88077,-34.86274],[-57.88091,-34.86263],[-57.88118,-34.86241],[-57.88133,-34.86232],[-57.88148,-34.86224],[-57.88162,-34.86217],[-57.88175,-34.86211],[-57.88186,-34.86206],[-57.88199,-34.86202],[-57.88213,-34.86198],[-57.88227,-34.86195],[-57.8829,-34.8619],[-57.88529,-34.8611],[-57.88553,-34.86095],[-57.8856,-34.86068],[-57.88181,-34.85363],[-57.88154,-34.85311]]}},{"type":"Feature","properties":{"descripcion":"Arroyo"},"geometry":{"type":"LineString","coordinates":[[-57.87262,-34.86585],[-57.87221,-34.86555],[-57.87176,-34.86512],[-57.87163,-34.86481],[-57.87163,-34.86421],[-57.87174,-34.86365],[-57.87193,-34.86321],[-57.8718,-34.86258]]}},{"type":"Feature","properties":{"descripcion":"Arroyo"},"geometry":{"type":"LineString","coordinates":[[-57.87273,-34.86592],[-57.87262,-34.86585]]}},{"type":"Feature","properties":{"nombre":"Arroyo Filgueira","descripcion":"Arroyo"},"geometry":{"type":"LineString","coordinates":[[-57.87519,-34.86551],[-57.87534,-34.86511],[-57.87538,-34.86427],[-57.87541,-34.86416],[-57.87543,-34.86406],[-57.87543,-34.86393],[-57.8754,-34.86386],[-57.87536,-34.8638],[-57.87517,-34.86347],[-57.87511,-34.86332],[-57.87508,-34.86317],[-57.87508,-34.86295],[-57.87506,-34.86284],[-57.875,-34.86268],[-57.87497,-34.86248],[-57.875,-34.86233],[-57.87507,-34.86214],[-57.87519,-34.86179],[-57.8754,-34.86137],[-57.87547,-34.86077],[-57.87541,-34.86058],[-57.87521,-34.86022],[-57.87463,-34.85956],[-57.87442,-34.85928],[-57.87427,-34.85864],[-57.87424,-34.85761],[-57.87418,-34.85676]]}},{"type":"Feature","properties":{"nombre":"Arroyo Filgueira","descripcion":"Arroyo"},"geometry":{"type":"LineString","coordinates":[[-57.87515,-34.86561],[-57.87519,-34.86551]]}},{"type":"Feature","properties":{"nombre":"Arroyo Maldonado","descripcion":"Arroyo"},"geometry":{"type":"LineString","coordinates":[[-57.89736,-34.93549],[-57.897,-34.93556],[-57.89676,-34.93561],[-57.89662,-34.93559],[-57.89625,-34.93533],[-57.89583,-34.9351],[-57.89559,-34.93475],[-57.89549,-34.93444],[-57.8953,-34.93418],[-57.89502,-34.93386],[-57.89494,-34.93363],[-57.89496,-34.93337],[-57.89516,-34.93325],[-57.89705,-34.93191],[-57.89758,-34.93197]]}},{"type":"Feature","properties":{"nombre":"Arroyo Maldonado","descripcion":"Arroyo"},"geometry":{"type":"LineString","coordinates":[[-57.89764,-34.93544],[-57.89736,-34.93549]]}},{"type":"Feature","properties":{"nombre":"Arroyo Martín","descripcion":"Arroyo"},"geometry":{"type":"LineString","coordinates":[[-58.07233,-34.90368],[-58.07231,-34.90363],[-58.07227,-34.90345],[-58.07233,-34.90326],[-58.0725,-34.90309],[-58.07261,-34.90294],[-58.07272,-34.90278],[-58.07283,-34.90267],[-58.07302,-34.9025],[-58.07319,-34.90236],[-58.07323,-34.90223],[-58.07317,-34.90208],[-58.07307,-34.90179],[-58.07293,-34.90157],[-58.0728,-34.90148],[-58.07248,-34.90132],[-58.07237,-34.90119],[-58.07236,-34.9011]]}},{"type":"Feature","properties":{"nombre":"Arroyo Martín","descripcion":"Arroyo"},"geometry":{"type":"LineString","coordinates":[[-58.07239,-34.90378],[-58.07233,-34.90368]]}},{"type":"Feature","properties":{"nombre":"Arroyo Martín","descripcion":"Arroyo"},"geometry":{"type":"LineString","coordinates":[[-58.07236,-34.901],[-58.07235,-34.90087],[-58.07232,-34.90065],[-58.0723,-34.90047],[-58.07223,-34.90026],[-58.07224,-34.90008],[-58.07225,-34.89998],[-58.07219,-34.89984],[-58.07208,-34.89977],[-58.07195,-34.89969],[-58.07187,-34.89954],[-58.07181,-34.89935],[-58.07178,-34.89919],[-58.07174,-34.89904],[-58.07169,-34.89888],[-58.0716,-34.89863],[-58.07152,-34.89845],[-58.07146,-34.89831],[-58.07143,-34.89809],[-58.07139,-34.89785],[-58.07132,-34.8977],[-58.07122,-34.89751],[-58.07106,-34.89745],[-58.07095,-34.89739],[-58.07073,-34.8973],[-58.07058,-34.89715],[-58.0705,-34.89691],[-58.07048,-34.8967],[-58.07049,-34.89653],[-58.07058,-34.8964],[-58.07057,-34.89625],[-58.07056,-34.89602],[-58.07064,-34.89591],[-58.07095,-34.8955],[-58.07098,-34.89542],[-58.07106,-34.89541],[-58.07121,-34.89533],[-58.07131,-34.89526],[-58.07135,-34.89512],[-58.07133,-34.89498],[-58.07126,-34.89486],[-58.07118,-34.89477],[-58.07063,-34.89449],[-58.07037,-34.89444],[-58.07012,-34.89432],[-58.07006,-34.89417],[-58.07006,-34.89405],[-58.07012,-34.89389],[-58.0701,-34.89373],[-58.07004,-34.89348],[-58.07,-34.8933],[-58.07,-34.89319],[-58.06991,-34.8931],[-58.06983,-34.89296],[-58.06972,-34.89288],[-58.06966,-34.89277],[-58.06956,-34.89265],[-58.06951,-34.89253],[-58.06946,-34.89239],[-58.06945,-34.89227],[-58.06945,-34.89218],[-58.06945,-34.89207],[-58.06949,-34.89196],[-58.06953,-34.89189],[-58.06959,-34.89176],[-58.06964,-34.89161],[-58.06972,-34.89149],[-58.06988,-34.89141],[-58.07001,-34.89136],[-58.07023,-34.8913],[-58.07034,-34.89124],[-58.07048,-34.89119],[-58.07054,-34.89109],[-58.07066,-34.89104],[-58.07076,-34.89099],[-58.07086,-34.89095],[-58.07098,-34.89084],[-58.07102,-34.89077],[-58.07109,-34.89071],[-58.07112,-34.89062],[-58.07106,-34.89053],[-58.071,-34.89033],[-58.07099,-34.89024],[-58.071,-34.89013],[-58.07104,-34.89002],[-58.07106,-34.88992],[-58.07115,-34.88984],[-58.07128,-34.88977],[-58.07137,-34.88972],[-58.07151,-34.88967],[-58.07167,-34.8897],[-58.07183,-34.88973],[-58.07202,-34.88966],[-58.07217,-34.88951],[-58.0722,-34.88929],[-58.07218,-34.88914],[-58.07208,-34.88878],[-58.07198,-34.88857],[-58.0717,-34.88832],[-58.07138,-34.88815],[-58.07129,-34.88798],[-58.07132,-34.88778],[-58.07145,-34.88763],[-58.07149,-34.88735],[-58.07129,-34.88693],[-58.07162,-34.88647],[-58.07171,-34.8862],[-58.07171,-34.88596],[-58.07163,-34.88574],[-58.07135,-34.88543],[-58.07131,-34.88524],[-58.07136,-34.88479],[-58.07125,-34.88448],[-58.07125,-34.88418],[-58.07116,-34.88384],[-58.07095,-34.88354],[-58.07103,-34.88319],[-58.07178,-34.88215],[-58.07183,-34.88189],[-58.07172,-34.8814],[-58.07161,-34.88113],[-58.07142,-34.88064],[-58.07116,-34.88034],[-58.07091,-34.87989],[-58.07088,-34.87986],[-58.07037,-34.87922],[-58.06987,-34.87788],[-58.06999,-34.8768],[-58.06966,-34.87579],[-58.06957,-34.87491],[-58.06965,-34.87481],[-58.07063,-34.87449],[-58.07098,-34.87432],[-58.07123,-34.87396],[-58.07131,-34.87351],[-58.0711,-34.87294],[-58.07042,-34.87244],[-58.0696,-34.87008],[-58.06965,-34.86952],[-58.06815,-34.86517],[-58.0679,-34.86443],[-58.06733,-34.86292],[-58.06722,-34.86249],[-58.06704,-34.86219],[-58.06586,-34.86121],[-58.06552,-34.86093],[-58.0653,-34.86077],[-58.06497,-34.8606],[-58.06463,-34.8604],[-58.0643,-34.86031],[-58.06411,-34.86018],[-58.06388,-34.85996],[-58.06377,-34.85981],[-58.06349,-34.85961],[-58.06324,-34.85934],[-58.06317,-34.85918],[-58.06312,-34.85888],[-58.06329,-34.8585],[-58.06334,-34.85819],[-58.06322,-34.85789],[-58.06266,-34.85746],[-58.06215,-34.85721]]}},{"type":"Feature","properties":{"nombre":"Arroyo Martín","descripcion":"Arroyo"},"geometry":{"type":"LineString","coordinates":[[-58.07236,-34.9011],[-58.07236,-34.901]]}},{"type":"Feature","properties":{"descripcion":"Arroyo"},"geometry":{"type":"LineString","coordinates":[[-58.10396,-35.06367],[-58.10395,-35.06376]]}},{"type":"Feature","properties":{"descripcion":"Arroyo"},"geometry":{"type":"LineString","coordinates":[[-57.94465,-35.14123],[-57.94257,-35.14355],[-57.93595,-35.15097],[-57.93257,-35.15497],[-57.93159,-35.15646],[-57.93127,-35.157],[-57.931,-35.15746],[-57.93081,-35.15812],[-57.93074,-35.15832],[-57.93054,-35.1585],[-57.9302,-35.15884],[-57.93013,-35.15904],[-57.93013,-35.15919],[-57.93026,-35.15953],[-57.93029,-35.15964],[-57.93023,-35.15978],[-57.92983,-35.16016],[-57.92895,-35.16059],[-57.92772,-35.1615],[-57.92659,-35.16206],[-57.92603,-35.16239],[-57.92504,-35.16271],[-57.92399,-35.16306],[-57.923,-35.16381],[-57.92262,-35.16423],[-57.92249,-35.16504],[-57.92262,-35.16553],[-57.92296,-35.16644],[-57.92317,-35.16702],[-57.92264,-35.16773],[-57.92238,-35.16801],[-57.92217,-35.16799],[-57.92103,-35.16806],[-57.92066,-35.16834],[-57.92006,-35.16843],[-57.91901,-35.16843],[-57.91798,-35.1683],[-57.91223,-35.17017],[-57.91079,-35.17054],[-57.90973,-35.17073],[-57.90536,-35.17124],[-57.90431,-35.17131],[-57.9033,-35.17167],[-57.90244,-35.17229],[-57.90209,-35.17313],[-57.90209,-35.17408],[-57.90248,-35.17513],[-57.90291,-35.17626],[-57.90338,-35.17733],[-57.9039,-35.17832],[-57.9039,-35.17907],[-57.90379,-35.17951],[-57.90371,-35.17985],[-57.90358,-35.18006],[-57.90358,-35.18038],[-57.90351,-35.18072],[-57.90321,-35.18092],[-57.9024,-35.18116],[-57.90108,-35.18132],[-57.90048,-35.18148],[-57.89998,-35.18205],[-57.89814,-35.18416],[-57.89701,-35.18489],[-57.8963,-35.18579],[-57.89598,-35.1868],[-57.89491,-35.18756],[-57.8942,-35.18809],[-57.89392,-35.18874],[-57.89351,-35.18993],[-57.89361,-35.19139],[-57.89473,-35.19257],[-57.89519,-35.19306],[-57.89523,-35.1937],[-57.89514,-35.19414],[-57.89525,-35.19441],[-57.89503,-35.19481],[-57.89503,-35.19507],[-57.89538,-35.1976],[-57.89572,-35.19962],[-57.89628,-35.20153],[-57.89637,-35.20211],[-57.89642,-35.20231],[-57.89667,-35.2034],[-57.89665,-35.20472],[-57.89689,-35.20641],[-57.89661,-35.20791],[-57.89665,-35.20956],[-57.89683,-35.21161],[-57.89668,-35.21251],[-57.89622,-35.21469],[-57.8961,-35.21518],[-57.89596,-35.21546],[-57.89309,-35.21921],[-57.89199,-35.22073],[-57.89163,-35.22122],[-57.89082,-35.22219],[-57.88985,-35.2234],[-57.88973,-35.2237],[-57.88963,-35.22388],[-57.88969,-35.22402],[-57.88975,-35.22419],[-57.88975,-35.22453],[-57.88975,-35.22487],[-57.88989,-35.2251],[-57.88989,-35.2254],[-57.88985,-35.22557],[-57.88978,-35.22578],[-57.88968,-35.22585],[-57.8896,-35.22601],[-57.8897,-35.22621],[-57.8897,-35.22635],[-57.88962,-35.22654],[-57.88943,-35.22669],[-57.88915,-35.22703],[-57.88901,-35.22731],[-57.88906,-35.22793],[-57.88915,-35.22853],[-57.88926,-35.22876],[-57.88925,-35.22917],[-57.88941,-35.22958],[-57.88958,-35.2299],[-57.88995,-35.23026],[-57.89054,-35.2312],[-57.89054,-35.23151],[-57.89045,-35.23185],[-57.89044,-35.23245],[-57.89042,-35.23269],[-57.8902,-35.23308],[-57.88999,-35.23337],[-57.88964,-35.23362],[-57.88932,-35.23392],[-57.88916,-35.23425],[-57.88906,-35.23482],[-57.88894,-35.23537],[-57.88864,-35.23581],[-57.88794,-35.23656],[-57.88741,-35.23724],[-57.88708,-35.23762],[-57.88665,-35.23775],[-57.88601,-35.23787],[-57.88551,-35.23787],[-57.88512,-35.23798],[-57.88459,-35.23806],[-57.88414,-35.23826],[-57.88308,-35.2384],[-57.88227,-35.23845],[-57.88082,-35.23851],[-57.88005,-35.23859],[-57.87939,-35.23874],[-57.87823,-35.2389],[-57.87761,-35.2389],[-57.87709,-35.23897],[-57.87634,-35.23937],[-57.87559,-35.24041],[-57.87454,-35.24153],[-57.87259,-35.24325],[-57.87095,-35.24404],[-57.86896,-35.24502],[-57.86782,-35.24544],[-57.86705,-35.24565],[-57.86593,-35.24547],[-57.86546,-35.24479],[-57.8652,-35.24397],[-57.86501,-35.2433],[-57.86445,-35.24302],[-57.86385,-35.24266],[-57.86346,-35.24219],[-57.86318,-35.2419],[-57.86298,-35.24158],[-57.86283,-35.24129],[-57.8628,-35.24107],[-57.86284,-35.24092],[-57.8628,-35.24065],[-57.8628,-35.24053],[-57.86263,-35.24039],[-57.86249,-35.24023],[-57.86226,-35.2401],[-57.86206,-35.23987],[-57.862,-35.23973],[-57.86198,-35.23958],[-57.86209,-35.23912],[-57.86219,-35.23891],[-57.86219,-35.23875],[-57.86205,-35.2385],[-57.86198,-35.2383],[-57.86196,-35.23801],[-57.86204,-35.23784],[-57.86218,-35.23754],[-57.8624,-35.2373],[-57.86273,-35.23729],[-57.86285,-35.23721],[-57.86292,-35.23715],[-57.86305,-35.23683],[-57.86303,-35.23663],[-57.86296,-35.23644],[-57.86277,-35.23624],[-57.86253,-35.23608],[-57.86224,-35.23573],[-57.86203,-35.23544],[-57.86196,-35.23521],[-57.86188,-35.23487],[-57.86183,-35.23452],[-57.86166,-35.23415],[-57.86148,-35.23381],[-57.86104,-35.23341],[-57.86086,-35.2333],[-57.86067,-35.23328],[-57.86046,-35.23331],[-57.86019,-35.23348],[-57.85996,-35.23368],[-57.8597,-35.23373],[-57.85949,-35.23374],[-57.85933,-35.2337],[-57.85915,-35.23357],[-57.85893,-35.23342],[-57.85891,-35.23331],[-57.85877,-35.23303],[-57.85866,-35.23292],[-57.8584,-35.2328],[-57.8582,-35.23288],[-57.85804,-35.23292],[-57.8579,-35.23291],[-57.85773,-35.23284],[-57.85763,-35.23269],[-57.85745,-35.2325],[-57.85731,-35.23242],[-57.85714,-35.2324],[-57.85691,-35.23248],[-57.85673,-35.23254],[-57.85657,-35.23267],[-57.85626,-35.23295],[-57.85602,-35.23323],[-57.85585,-35.23352],[-57.85572,-35.23385],[-57.85573,-35.23432],[-57.8557,-35.23469],[-57.85492,-35.23563],[-57.85431,-35.23627],[-57.85409,-35.23655],[-57.85373,-35.23675],[-57.85323,-35.23686],[-57.85234,-35.23704],[-57.85171,-35.23704],[-57.85096,-35.23722],[-57.85025,-35.23735],[-57.84962,-35.23735],[-57.84917,-35.23734],[-57.84849,-35.23734],[-57.84804,-35.23747],[-57.84766,-35.23775],[-57.84699,-35.23832],[-57.84645,-35.23875],[-57.84601,-35.2389],[-57.8456,-35.239],[-57.84523,-35.23913],[-57.84495,-35.23934],[-57.8448,-35.23968],[-57.84475,-35.23991],[-57.84428,-35.24026],[-57.84384,-35.24073],[-57.84363,-35.24092],[-57.84371,-35.24129],[-57.84408,-35.24148],[-57.84427,-35.24174],[-57.84429,-35.24207],[-57.84399,-35.24244],[-57.84392,-35.24273],[-57.84417,-35.24299],[-57.84443,-35.24336],[-57.84414,-35.24369],[-57.84331,-35.24385],[-57.84269,-35.24435],[-57.84246,-35.24451],[-57.84194,-35.24457],[-57.84107,-35.24454],[-57.84027,-35.24471],[-57.83986,-35.24494],[-57.83934,-35.24555],[-57.83884,-35.24657],[-57.83833,-35.24718],[-57.83787,-35.24748],[-57.83728,-35.24754],[-57.83665,-35.24748],[-57.83588,-35.24743],[-57.83554,-35.24745],[-57.83521,-35.24769],[-57.83515,-35.24806],[-57.83523,-35.24838],[-57.83522,-35.2488],[-57.83526,-35.24901],[-57.83554,-35.2492],[-57.83581,-35.24945],[-57.83595,-35.24993],[-57.83594,-35.25075],[-57.83594,-35.25121],[-57.83569,-35.2516],[-57.83522,-35.25182],[-57.83455,-35.25257],[-57.83452,-35.2529],[-57.83425,-35.25318],[-57.83389,-35.25346],[-57.83369,-35.25373],[-57.83365,-35.25424],[-57.83392,-35.25483],[-57.83399,-35.25537],[-57.83413,-35.25567],[-57.83426,-35.25594],[-57.83427,-35.25629],[-57.83438,-35.25636],[-57.83437,-35.25657],[-57.83447,-35.25688],[-57.8346,-35.25714],[-57.8348,-35.25752],[-57.83508,-35.25774],[-57.83537,-35.25799],[-57.83612,-35.25839],[-57.83642,-35.2586],[-57.8373,-35.25961],[-57.83731,-35.26002],[-57.83737,-35.26023],[-57.83734,-35.26054],[-57.83732,-35.26079],[-57.83738,-35.26098],[-57.8375,-35.26228],[-57.83753,-35.26243],[-57.83748,-35.26252],[-57.83732,-35.26256],[-57.83719,-35.26266],[-57.83712,-35.26294],[-57.8369,-35.26311],[-57.83662,-35.26355],[-57.83627,-35.2638],[-57.83602,-35.26413],[-57.83589,-35.26442],[-57.83588,-35.26462],[-57.83615,-35.26506],[-57.83639,-35.26557],[-57.83626,-35.2657],[-57.83622,-35.26588],[-57.836,-35.26635],[-57.83573,-35.26738],[-57.83558,-35.26766],[-57.83527,-35.26778],[-57.83487,-35.26784],[-57.83466,-35.26784],[-57.83443,-35.2679],[-57.83408,-35.26815],[-57.83385,-35.2683],[-57.83355,-35.26838],[-57.83256,-35.26868],[-57.83143,-35.26887],[-57.83051,-35.26893],[-57.82983,-35.26898],[-57.82942,-35.26889],[-57.8289,-35.26885],[-57.82862,-35.26885],[-57.82836,-35.26896],[-57.82826,-35.2691],[-57.82804,-35.26914],[-57.82744,-35.26907],[-57.82643,-35.26891],[-57.82597,-35.2687],[-57.82551,-35.26841],[-57.82518,-35.26827],[-57.82483,-35.26806],[-57.82473,-35.26806],[-57.82456,-35.26823],[-57.82442,-35.26832],[-57.82418,-35.26828],[-57.82399,-35.2681],[-57.82371,-35.26798],[-57.82358,-35.26799],[-57.82304,-35.26799],[-57.82188,-35.26851],[-57.82116,-35.26883],[-57.8206,-35.26925],[-57.82055,-35.26953],[-57.82025,-35.26976],[-57.81974,-35.26993],[-57.81942,-35.27019],[-57.81946,-35.27053],[-57.81916,-35.27084],[-57.81892,-35.27128],[-57.81862,-35.27172],[-57.81832,-35.27203],[-57.81796,-35.2723],[-57.81744,-35.27261],[-57.81734,-35.27293],[-57.81699,-35.27359],[-57.81654,-35.27386],[-57.81603,-35.27398],[-57.81543,-35.27387],[-57.81515,-35.27401],[-57.81502,-35.27412],[-57.8148,-35.27412],[-57.81446,-35.27398],[-57.813,-35.27344],[-57.81253,-35.27344],[-57.81193,-35.27352],[-57.81137,-35.2738],[-57.81081,-35.2738],[-57.81028,-35.27389],[-57.80983,-35.27419],[-57.80899,-35.27531],[-57.80871,-35.27594],[-57.80828,-35.27627],[-57.80753,-35.27643],[-57.80699,-35.27697],[-57.80663,-35.27727],[-57.80648,-35.2778],[-57.80616,-35.27836],[-57.80573,-35.27887],[-57.80405,-35.28064],[-57.80324,-35.28113],[-57.80242,-35.28162],[-57.80178,-35.2817],[-57.8012,-35.28186],[-57.80045,-35.28247],[-57.80011,-35.28305],[-57.79959,-35.28407],[-57.79914,-35.28445],[-57.79862,-35.28543],[-57.79826,-35.28577],[-57.79762,-35.28684],[-57.79742,-35.28748],[-57.79736,-35.28825],[-57.79747,-35.28878],[-57.79721,-35.28967],[-57.79719,-35.2902],[-57.79714,-35.29064],[-57.79661,-35.29221],[-57.79605,-35.29326],[-57.79581,-35.2937],[-57.79575,-35.294],[-57.79584,-35.29426],[-57.79581,-35.29451],[-57.79558,-35.29489],[-57.79549,-35.2953],[-57.79566,-35.29586],[-57.79611,-35.29636],[-57.79665,-35.29663],[-57.79734,-35.29698],[-57.79781,-35.29726],[-57.798,-35.29771],[-57.79815,-35.29829],[-57.79843,-35.29894],[-57.79871,-35.29934],[-57.7989,-35.30065],[-57.79968,-35.30249],[-57.80032,-35.30414],[-57.80041,-35.30452],[-57.80019,-35.30512],[-57.80066,-35.30617],[-57.80081,-35.30736],[-57.80122,-35.3078],[-57.80096,-35.30999],[-57.80122,-35.31072],[-57.80133,-35.31111],[-57.80144,-35.31144],[-57.80141,-35.3119],[-57.80156,-35.31232],[-57.80159,-35.31373],[-57.80182,-35.31475],[-57.80199,-35.31557],[-57.80184,-35.31601],[-57.80122,-35.31669],[-57.80034,-35.31774],[-57.7998,-35.31869],[-57.79903,-35.31965],[-57.79886,-35.32025],[-57.79882,-35.32097],[-57.79869,-35.32153],[-57.79837,-35.32223],[-57.79841,-35.32336],[-57.79862,-35.32533],[-57.79826,-35.32748],[-57.79689,-35.32947],[-57.79727,-35.33149],[-57.79738,-35.33278],[-57.79738,-35.3342],[-57.79644,-35.33588],[-57.79566,-35.33816],[-57.79541,-35.33943],[-57.7944,-35.34076],[-57.7933,-35.34248],[-57.79324,-35.34474],[-57.79294,-35.34623],[-57.79326,-35.34717],[-57.79363,-35.34885],[-57.79491,-35.35039],[-57.7956,-35.3513],[-57.79579,-35.35268],[-57.79446,-35.35419],[-57.79335,-35.35606],[-57.7924,-35.35729],[-57.79099,-35.35828],[-57.78938,-35.3597],[-57.78841,-35.36205],[-57.78807,-35.36446],[-57.78764,-35.36567],[-57.78605,-35.36702],[-57.78132,-35.36899],[-57.78071,-35.36925],[-57.77852,-35.37027],[-57.7765,-35.37133],[-57.77556,-35.37183],[-57.77523,-35.3724],[-57.77483,-35.37276],[-57.77338,-35.37379],[-57.77095,-35.37512],[-57.77005,-35.37546],[-57.76929,-35.37548],[-57.76786,-35.37535],[-57.76584,-35.37507],[-57.76531,-35.3751],[-57.76405,-35.37517],[-57.76349,-35.37521],[-57.76248,-35.37557],[-57.76192,-35.37588],[-57.76164,-35.37616],[-57.76107,-35.37695],[-57.76071,-35.37721],[-57.76034,-35.37771],[-57.76001,-35.37799],[-57.75951,-35.37845],[-57.75918,-35.37857],[-57.75879,-35.37864],[-57.75844,-35.37861],[-57.75771,-35.37854],[-57.75703,-35.37855],[-57.75633,-35.37861],[-57.75561,-35.37883],[-57.75478,-35.37894],[-57.75393,-35.37916],[-57.75347,-35.37922],[-57.75219,-35.37934],[-57.75192,-35.3793],[-57.75181,-35.37924],[-57.75175,-35.37907],[-57.75166,-35.37897],[-57.75092,-35.37852],[-57.75073,-35.37851],[-57.75051,-35.37862],[-57.75044,-35.37859],[-57.75031,-35.37842],[-57.75018,-35.3783],[-57.75011,-35.37809],[-57.74988,-35.37795],[-57.74933,-35.37788],[-57.74914,-35.3778],[-57.74906,-35.37779],[-57.74897,-35.37782],[-57.74889,-35.37784],[-57.74877,-35.37784],[-57.74868,-35.37783],[-57.74857,-35.37778],[-57.74847,-35.37769],[-57.7484,-35.37767],[-57.74835,-35.37768],[-57.74827,-35.3777],[-57.74811,-35.37766],[-57.74807,-35.3776],[-57.74809,-35.37753],[-57.74807,-35.37746],[-57.74793,-35.37734],[-57.74762,-35.37716],[-57.74745,-35.37712],[-57.74722,-35.37711],[-57.74713,-35.37707],[-57.74697,-35.37691],[-57.74684,-35.37684],[-57.74647,-35.37675],[-57.74577,-35.37654],[-57.74519,-35.37641],[-57.74469,-35.3764],[-57.74404,-35.37656],[-57.74269,-35.37688],[-57.74132,-35.37752],[-57.73928,-35.37876],[-57.73819,-35.37915],[-57.73777,-35.37926],[-57.73749,-35.37924],[-57.73733,-35.37918],[-57.73565,-35.37923],[-57.73511,-35.37924],[-57.73493,-35.37971],[-57.73481,-35.37997],[-57.73451,-35.38009],[-57.7338,-35.38022],[-57.7337,-35.38045],[-57.73335,-35.38071],[-57.73304,-35.38106],[-57.73279,-35.38208],[-57.73279,-35.38275],[-57.73329,-35.38358],[-57.73365,-35.38369],[-57.73387,-35.38383],[-57.73405,-35.38416],[-57.73393,-35.38464],[-57.73398,-35.3852],[-57.73364,-35.3855],[-57.73335,-35.3863],[-57.73354,-35.38704],[-57.73441,-35.38784],[-57.73499,-35.38891],[-57.7367,-35.38968],[-57.73736,-35.38957],[-57.7387,-35.38988],[-57.73897,-35.39022],[-57.73884,-35.39131],[-57.73894,-35.39294],[-57.7394,-35.39324],[-57.73935,-35.39366],[-57.73912,-35.39397],[-57.7387,-35.39405],[-57.73803,-35.39468],[-57.738,-35.39515],[-57.7378,-35.39534],[-57.73733,-35.3968],[-57.73654,-35.39792],[-57.73649,-35.39831],[-57.73567,-35.39951],[-57.73599,-35.40156],[-57.73581,-35.40208],[-57.73526,-35.40248],[-57.73438,-35.40327],[-57.73401,-35.40367],[-57.73408,-35.40407],[-57.73447,-35.40458],[-57.73473,-35.4052],[-57.73559,-35.40576],[-57.73611,-35.40635],[-57.73637,-35.40735],[-57.73605,-35.40885],[-57.73555,-35.40952],[-57.73556,-35.40998],[-57.73585,-35.41094],[-57.73614,-35.41128],[-57.73722,-35.412],[-57.73769,-35.41294],[-57.73756,-35.41369],[-57.73563,-35.41555],[-57.73561,-35.41595],[-57.73574,-35.4163],[-57.73655,-35.41702],[-57.73808,-35.41887],[-57.7387,-35.42013],[-57.7387,-35.42085],[-57.73902,-35.42146],[-57.73914,-35.42241],[-57.73899,-35.42325],[-57.73865,-35.42382],[-57.73851,-35.42451],[-57.73853,-35.42545],[-57.73862,-35.42611],[-57.73912,-35.4275],[-57.73917,-35.42795],[-57.73897,-35.42882],[-57.7386,-35.42925],[-57.73755,-35.42976],[-57.73721,-35.43007],[-57.73619,-35.43177],[-57.73581,-35.43215],[-57.73342,-35.43407],[-57.73267,-35.43574],[-57.73174,-35.43826],[-57.73095,-35.43896],[-57.7305,-35.43911],[-57.73004,-35.43916],[-57.72962,-35.43901],[-57.72825,-35.43937],[-57.72777,-35.43978],[-57.72736,-35.43994],[-57.72642,-35.44009],[-57.72608,-35.44036],[-57.72546,-35.44183],[-57.72387,-35.44302],[-57.71719,-35.44661],[-57.71661,-35.44706],[-57.71587,-35.44715],[-57.71492,-35.44708],[-57.71404,-35.44688],[-57.71357,-35.44671],[-57.71324,-35.44653],[-57.71258,-35.44598],[-57.71225,-35.44556],[-57.71166,-35.44449],[-57.7116,-35.44428],[-57.71143,-35.44415],[-57.71112,-35.44412],[-57.70992,-35.44417],[-57.70789,-35.4443],[-57.70748,-35.44441],[-57.70717,-35.44461],[-57.70632,-35.44588],[-57.70573,-35.44649],[-57.70448,-35.44739],[-57.70417,-35.44771],[-57.70399,-35.44803],[-57.70377,-35.44921],[-57.70363,-35.44945],[-57.70338,-35.44966],[-57.70288,-35.44995],[-57.70179,-35.45038],[-57.70147,-35.45041],[-57.70121,-35.45032],[-57.70105,-35.45027],[-57.70087,-35.45026],[-57.70066,-35.45035],[-57.70027,-35.45081],[-57.70024,-35.45091],[-57.70028,-35.451],[-57.70033,-35.45116],[-57.70033,-35.45127],[-57.70027,-35.45137],[-57.69983,-35.45188],[-57.69965,-35.45196],[-57.69943,-35.45199],[-57.69906,-35.45205],[-57.69825,-35.45219],[-57.69791,-35.45231],[-57.69699,-35.4528],[-57.6964,-35.45318],[-57.69567,-35.45338],[-57.69537,-35.45353],[-57.69497,-35.45375],[-57.69415,-35.45448],[-57.69399,-35.45454],[-57.69372,-35.45455],[-57.69356,-35.45443],[-57.6934,-35.45438],[-57.69252,-35.45441],[-57.69204,-35.45444],[-57.69151,-35.45463],[-57.68994,-35.45557],[-57.68976,-35.45589],[-57.68913,-35.45652],[-57.68879,-35.45701],[-57.68827,-35.45752],[-57.68762,-35.45787],[-57.68686,-35.458],[-57.68558,-35.45833],[-57.68514,-35.45854],[-57.684,-35.45931],[-57.68353,-35.45948],[-57.68267,-35.45962],[-57.68178,-35.45979],[-57.68104,-35.46007],[-57.6796,-35.46036],[-57.67758,-35.46142],[-57.67422,-35.46282],[-57.67142,-35.46369],[-57.67076,-35.46377]]}},{"type":"Feature","properties":{"descripcion":"Arroyo"},"geometry":{"type":"LineString","coordinates":[[-57.89096,-35.13721],[-57.89187,-35.1379],[-57.89285,-35.13857],[-57.89411,-35.13924],[-57.8948,-35.13946],[-57.89579,-35.14025],[-57.89633,-35.14131],[-57.89701,-35.14244],[-57.89694,-35.14277],[-57.89741,-35.14369],[-57.89761,-35.14421],[-57.89804,-35.1445],[-57.89869,-35.14479],[-57.90021,-35.1465],[-57.90036,-35.14692],[-57.90034,-35.14746],[-57.90051,-35.14785],[-57.90121,-35.14864],[-57.90132,-35.14942],[-57.90159,-35.14991],[-57.90208,-35.15154],[-57.90279,-35.1521],[-57.9029,-35.15238],[-57.90243,-35.15278],[-57.90232,-35.15421],[-57.90235,-35.15482],[-57.90229,-35.15592],[-57.90296,-35.15695],[-57.90373,-35.15801],[-57.90364,-35.15941],[-57.90326,-35.15992],[-57.90342,-35.16075],[-57.90316,-35.16113],[-57.90254,-35.16151],[-57.90242,-35.16192],[-57.90237,-35.16298],[-57.90353,-35.16383],[-57.90557,-35.16484],[-57.90605,-35.16615],[-57.90624,-35.16737],[-57.90595,-35.16817],[-57.9064,-35.16884],[-57.90717,-35.16935],[-57.90915,-35.16886],[-57.90931,-35.16883],[-57.91024,-35.16904],[-57.91107,-35.16958],[-57.91165,-35.16977],[-57.91223,-35.17017]]}},{"type":"Feature","properties":{"descripcion":"Desagüe o zanja"},"geometry":{"type":"LineString","coordinates":[[-58.05543,-35.02811],[-58.05654,-35.02908],[-58.05741,-35.02981]]}},{"type":"Feature","properties":{"descripcion":"Desagüe o zanja"},"geometry":{"type":"LineString","coordinates":[[-58.06648,-35.02613],[-58.06561,-35.02672],[-58.06312,-35.02858],[-58.05953,-35.03126],[-58.05932,-35.03138],[-58.0593,-35.03146]]}},{"type":"Feature","properties":{"descripcion":"Desagüe o zanja"},"geometry":{"type":"LineString","coordinates":[[-58.06076,-35.03296],[-58.05922,-35.03165],[-58.0574,-35.0301],[-58.0572,-35.02997],[-58.05347,-35.03286],[-58.05239,-35.03364]]}},{"type":"Feature","properties":{"descripcion":"Arroyo"},"geometry":{"type":"LineString","coordinates":[[-58.08617,-34.99321],[-58.0862,-34.99328],[-58.08627,-34.99335],[-58.08642,-34.99348]]}},{"type":"Feature","properties":{"descripcion":"Arroyo"},"geometry":{"type":"LineString","coordinates":[[-58.08649,-34.99354],[-58.08681,-34.99384],[-58.08688,-34.99392]]}},{"type":"Feature","properties":{"descripcion":"Arroyo"},"geometry":{"type":"LineString","coordinates":[[-58.08695,-34.99399],[-58.08701,-34.99423],[-58.08703,-34.99441],[-58.08704,-34.99448],[-58.08711,-34.99452]]}},{"type":"Feature","properties":{"descripcion":"Arroyo"},"geometry":{"type":"LineString","coordinates":[[-58.08719,-34.99459],[-58.0872,-34.99463],[-58.08712,-34.99476],[-58.08701,-34.99496],[-58.08695,-34.99517],[-58.08688,-34.99531],[-58.08687,-34.99541],[-58.08691,-34.99547]]}},{"type":"Feature","properties":{"descripcion":"Arroyo"},"geometry":{"type":"LineString","coordinates":[[-58.08697,-34.99554],[-58.08696,-34.99563],[-58.08703,-34.99588],[-58.08706,-34.99602],[-58.08711,-34.99617],[-58.08711,-34.99633],[-58.08703,-34.99672],[-58.08708,-34.99684]]}},{"type":"Feature","properties":{"descripcion":"Desagüe o zanja"},"geometry":{"type":"LineString","coordinates":[[-58.08736,-34.99689],[-58.08704,-34.99709],[-58.0859,-34.99793],[-58.08396,-34.99937]]}},{"type":"Feature","properties":{"descripcion":"Arroyo"},"geometry":{"type":"LineString","coordinates":[[-58.08642,-34.99348],[-58.08649,-34.99354]]}},{"type":"Feature","properties":{"descripcion":"Arroyo"},"geometry":{"type":"LineString","coordinates":[[-58.08688,-34.99392],[-58.08695,-34.99399]]}},{"type":"Feature","properties":{"descripcion":"Arroyo"},"geometry":{"type":"LineString","coordinates":[[-58.08711,-34.99452],[-58.08719,-34.99459]]}},{"type":"Feature","properties":{"descripcion":"Arroyo"},"geometry":{"type":"LineString","coordinates":[[-58.08691,-34.99547],[-58.08697,-34.99554]]}},{"type":"Feature","properties":{"descripcion":"Desagüe o zanja"},"geometry":{"type":"LineString","coordinates":[[-58.09722,-35.01447],[-58.09791,-35.01501]]}},{"type":"Feature","properties":{"nombre":"Arroyo El Pescado","descripcion":"Arroyo"},"geometry":{"type":"LineString","coordinates":[[-57.91777,-35.02841],[-57.91707,-35.02791],[-57.91677,-35.0276],[-57.91654,-35.02721],[-57.91645,-35.02689],[-57.91635,-35.02673],[-57.91631,-35.02665],[-57.91611,-35.02644],[-57.91584,-35.02625],[-57.91559,-35.02608],[-57.91527,-35.02599],[-57.9149,-35.02594],[-57.91457,-35.02599],[-57.91432,-35.02603],[-57.91403,-35.02602],[-57.91358,-35.02586],[-57.91312,-35.02569],[-57.91285,-35.02556],[-57.91224,-35.02537],[-57.91168,-35.02515],[-57.91138,-35.02511],[-57.91109,-35.02516],[-57.91095,-35.02517],[-57.91063,-35.02505],[-57.91024,-35.02496],[-57.90987,-35.02491],[-57.90959,-35.02484],[-57.9092,-35.02472],[-57.90904,-35.02468],[-57.90888,-35.02461],[-57.90875,-35.02459],[-57.90857,-35.02461],[-57.90759,-35.025],[-57.90736,-35.02503],[-57.90712,-35.025],[-57.90692,-35.02492],[-57.9068,-35.02482],[-57.90676,-35.02471],[-57.90679,-35.02459],[-57.90676,-35.02447],[-57.90657,-35.02418],[-57.90639,-35.02404],[-57.90622,-35.02396],[-57.90605,-35.02391],[-57.90592,-35.02389],[-57.90574,-35.02389],[-57.90567,-35.02389],[-57.90561,-35.02386],[-57.90538,-35.02364],[-57.90506,-35.02311],[-57.90482,-35.0229],[-57.90452,-35.02279],[-57.90428,-35.02275],[-57.90398,-35.02276],[-57.90321,-35.02286],[-57.90291,-35.02294],[-57.9027,-35.02307],[-57.90239,-35.02331],[-57.90218,-35.02356],[-57.90193,-35.02373],[-57.90171,-35.02381],[-57.90126,-35.02385],[-57.90058,-35.02384],[-57.90031,-35.02388],[-57.89988,-35.024],[-57.89962,-35.02405],[-57.89932,-35.02403],[-57.89912,-35.02397],[-57.89899,-35.02388],[-57.89888,-35.02372],[-57.8987,-35.02312],[-57.89868,-35.02288],[-57.89872,-35.02264],[-57.89888,-35.02222],[-57.89892,-35.02192],[-57.89889,-35.02163],[-57.89879,-35.0214],[-57.89866,-35.02124],[-57.89826,-35.02094],[-57.89812,-35.0208],[-57.89803,-35.02054],[-57.89801,-35.02033],[-57.89805,-35.02016],[-57.89817,-35.01997],[-57.89818,-35.01981],[-57.89812,-35.0192],[-57.89806,-35.01908],[-57.89788,-35.01894],[-57.89761,-35.0189]]}},{"type":"Feature","properties":{"descripcion":"Arroyo"},"geometry":{"type":"LineString","coordinates":[[-57.95442,-34.84116],[-57.95423,-34.84169],[-57.95407,-34.84235],[-57.95438,-34.84338],[-57.95435,-34.84375]]}},{"type":"Feature","properties":{"descripcion":"Arroyo"},"geometry":{"type":"LineString","coordinates":[[-57.95182,-34.8469],[-57.95174,-34.8469],[-57.95164,-34.84685],[-57.95151,-34.84677],[-57.95119,-34.84669],[-57.95043,-34.84655],[-57.94998,-34.84659]]}},{"type":"Feature","properties":{"descripcion":"Canal"},"geometry":{"type":"LineString","coordinates":[[-58.16477,-35.019],[-58.16468,-35.01901],[-58.16373,-35.01929],[-58.16297,-35.01969],[-58.16115,-35.02031],[-58.16087,-35.02039],[-58.16065,-35.02047],[-58.16018,-35.02092],[-58.15922,-35.02138],[-58.15684,-35.02204],[-58.15595,-35.02224]]}},{"type":"Feature","properties":{"descripcion":"Canal"},"geometry":{"type":"LineString","coordinates":[[-58.16491,-35.01898],[-58.16477,-35.019]]}},{"type":"Feature","properties":{"descripcion":"Arroyo"},"geometry":{"type":"LineString","coordinates":[[-58.04611,-35.14296],[-58.0461,-35.1428],[-58.04607,-35.1427]]}},{"type":"Feature","properties":{"descripcion":"Arroyo"},"geometry":{"type":"LineString","coordinates":[[-58.04607,-35.1427],[-58.04606,-35.14263]]}},{"type":"Feature","properties":{"descripcion":"Arroyo"},"geometry":{"type":"LineString","coordinates":[[-57.98468,-35.05375],[-57.98307,-35.05485]]}},{"type":"Feature","properties":{"nombre":"Arroyo El Pescado","descripcion":"Arroyo"},"geometry":{"type":"LineString","coordinates":[[-57.89761,-35.0189],[-57.89722,-35.01886],[-57.89708,-35.01886],[-57.89697,-35.01889],[-57.89689,-35.0189],[-57.89685,-35.0189],[-57.8968,-35.01887],[-57.89675,-35.01886],[-57.89672,-35.01885],[-57.89668,-35.01886],[-57.89667,-35.01887],[-57.89665,-35.01889],[-57.89665,-35.01891],[-57.89665,-35.01895],[-57.89666,-35.01898],[-57.89666,-35.019],[-57.89665,-35.01902],[-57.89663,-35.01903],[-57.8966,-35.01904],[-57.89655,-35.01904],[-57.89649,-35.01905],[-57.89645,-35.01906],[-57.89641,-35.01908],[-57.89638,-35.01909],[-57.89633,-35.01911],[-57.89628,-35.01911],[-57.89623,-35.01913],[-57.89618,-35.01915],[-57.89614,-35.01917],[-57.89612,-35.01917],[-57.89608,-35.01919],[-57.89596,-35.01923],[-57.89588,-35.01926],[-57.89582,-35.01928],[-57.89577,-35.01929],[-57.89573,-35.0193],[-57.89565,-35.01929],[-57.89556,-35.01927],[-57.89546,-35.01927],[-57.89538,-35.01929],[-57.89533,-35.01932],[-57.89529,-35.01934],[-57.89526,-35.01935],[-57.89521,-35.01935],[-57.89515,-35.01934],[-57.89509,-35.01933],[-57.89505,-35.01934],[-57.89502,-35.01936],[-57.89496,-35.01936],[-57.89485,-35.01936],[-57.89479,-35.01936],[-57.8946,-35.01938],[-57.89442,-35.01937],[-57.89432,-35.01935],[-57.89425,-35.01931],[-57.89409,-35.0192],[-57.89403,-35.01912],[-57.89397,-35.01904],[-57.89393,-35.019],[-57.89383,-35.01893],[-57.89365,-35.01883],[-57.8935,-35.01875],[-57.89345,-35.0187],[-57.89339,-35.01864],[-57.89332,-35.01859],[-57.89324,-35.01855],[-57.89315,-35.01853],[-57.89304,-35.01852],[-57.89294,-35.01852],[-57.89287,-35.01854],[-57.89281,-35.01858],[-57.89274,-35.01863],[-57.89267,-35.01868],[-57.89263,-35.01872],[-57.89258,-35.0188],[-57.89255,-35.01886],[-57.89244,-35.01901],[-57.89237,-35.01911],[-57.89231,-35.01916],[-57.89222,-35.0192],[-57.89211,-35.01924],[-57.89204,-35.01924],[-57.89196,-35.01924],[-57.89182,-35.01919],[-57.89132,-35.01895],[-57.89101,-35.01888],[-57.89091,-35.01888],[-57.89084,-35.0189],[-57.89077,-35.01892],[-57.89073,-35.01895],[-57.89068,-35.01903],[-57.89064,-35.01906],[-57.89056,-35.01907],[-57.8905,-35.01905],[-57.89045,-35.01901],[-57.8902,-35.01884],[-57.89005,-35.01878],[-57.88998,-35.01872],[-57.88981,-35.01857],[-57.88966,-35.0185],[-57.88953,-35.01847],[-57.88945,-35.01846],[-57.88925,-35.01846],[-57.88891,-35.01849],[-57.88872,-35.0185],[-57.88855,-35.01848],[-57.88843,-35.01846],[-57.88807,-35.01841],[-57.88797,-35.01841],[-57.88768,-35.01843],[-57.88747,-35.01844],[-57.88714,-35.01842],[-57.88689,-35.01837],[-57.88665,-35.01829],[-57.88649,-35.01823],[-57.88637,-35.01821],[-57.88632,-35.01821],[-57.88624,-35.01823],[-57.8862,-35.01827],[-57.88619,-35.0183],[-57.88618,-35.01837],[-57.88618,-35.01846],[-57.88617,-35.0185],[-57.88614,-35.01852],[-57.88604,-35.01855],[-57.8859,-35.01858],[-57.88578,-35.01859],[-57.88569,-35.01861],[-57.8855,-35.01865],[-57.88533,-35.01872],[-57.88523,-35.01875],[-57.88514,-35.01875],[-57.88503,-35.01872],[-57.88499,-35.01871],[-57.88494,-35.01871],[-57.88492,-35.01872],[-57.88488,-35.01875],[-57.88485,-35.01877],[-57.88482,-35.01877],[-57.88479,-35.01876],[-57.88471,-35.01873],[-57.88466,-35.01872],[-57.88463,-35.01872],[-57.88455,-35.01876],[-57.8845,-35.01881],[-57.88439,-35.01899],[-57.88428,-35.01909],[-57.88418,-35.01917],[-57.88412,-35.01919],[-57.88405,-35.0192],[-57.88396,-35.01916],[-57.88391,-35.01915],[-57.88384,-35.01914],[-57.88378,-35.01914],[-57.88373,-35.01911],[-57.88363,-35.01908],[-57.88354,-35.01908],[-57.88349,-35.0191],[-57.88342,-35.01912],[-57.88339,-35.01915],[-57.88336,-35.01923],[-57.88333,-35.01927],[-57.88325,-35.01931],[-57.88318,-35.01935],[-57.88312,-35.01937],[-57.88304,-35.01939],[-57.8829,-35.01939],[-57.88283,-35.01941],[-57.88275,-35.01945],[-57.88265,-35.01951],[-57.88259,-35.01954],[-57.88255,-35.01958],[-57.88252,-35.01963],[-57.8825,-35.01969],[-57.88248,-35.0197],[-57.88244,-35.01972],[-57.88238,-35.01974],[-57.88231,-35.01973],[-57.88216,-35.01972],[-57.88208,-35.01972],[-57.88201,-35.01974],[-57.88177,-35.01982],[-57.88161,-35.01992],[-57.88142,-35.02004],[-57.88117,-35.02014],[-57.88098,-35.02021],[-57.88092,-35.02024],[-57.88085,-35.02031],[-57.88077,-35.02044],[-57.88064,-35.02058],[-57.88058,-35.02064],[-57.88053,-35.02067],[-57.88044,-35.0207],[-57.8803,-35.02076],[-57.88018,-35.02082],[-57.88007,-35.02091],[-57.87999,-35.02098],[-57.87992,-35.02109],[-57.87986,-35.02116],[-57.87981,-35.02121],[-57.87961,-35.02141],[-57.87955,-35.02145],[-57.87949,-35.02149],[-57.87944,-35.02152],[-57.87942,-35.02155],[-57.87943,-35.0216],[-57.87944,-35.02165],[-57.8795,-35.0217],[-57.87959,-35.02181],[-57.87961,-35.02186],[-57.87961,-35.02192],[-57.87959,-35.022],[-57.87954,-35.0221],[-57.87949,-35.02216],[-57.87943,-35.02219],[-57.87936,-35.0222],[-57.87931,-35.02222],[-57.87928,-35.02225],[-57.87925,-35.0223],[-57.87919,-35.02245],[-57.87913,-35.02258],[-57.8791,-35.02267],[-57.8791,-35.02276],[-57.87913,-35.02288],[-57.87922,-35.02324],[-57.87926,-35.0233],[-57.87949,-35.02351],[-57.87955,-35.02357],[-57.8796,-35.02367],[-57.87967,-35.02391],[-57.87967,-35.02396],[-57.87966,-35.02401],[-57.87957,-35.0242],[-57.87948,-35.02432],[-57.87927,-35.02459],[-57.87923,-35.02467],[-57.87921,-35.02474],[-57.87915,-35.0252],[-57.87916,-35.02532],[-57.87914,-35.02544],[-57.87913,-35.02569],[-57.8791,-35.02578],[-57.87906,-35.02587],[-57.87893,-35.02603],[-57.87879,-35.02619],[-57.87868,-35.02631],[-57.87858,-35.02638],[-57.87844,-35.02648],[-57.87827,-35.02656],[-57.8781,-35.02663],[-57.87796,-35.02668],[-57.87772,-35.02677],[-57.87749,-35.02689],[-57.87716,-35.02705],[-57.87695,-35.02713],[-57.87687,-35.02718],[-57.8767,-35.02728],[-57.87663,-35.0273],[-57.87658,-35.02731],[-57.87653,-35.02733],[-57.87651,-35.02736],[-57.87648,-35.0274],[-57.87649,-35.02751],[-57.8765,-35.02765],[-57.87648,-35.02777],[-57.87644,-35.02789],[-57.87631,-35.02807],[-57.87616,-35.02824],[-57.87596,-35.02842],[-57.87581,-35.02851],[-57.87562,-35.0286],[-57.87548,-35.02865],[-57.8753,-35.02868],[-57.87488,-35.02873],[-57.87478,-35.02874],[-57.87468,-35.02875],[-57.87459,-35.02873],[-57.8745,-35.02869],[-57.87443,-35.02866],[-57.87431,-35.02854],[-57.87422,-35.02843],[-57.87416,-35.02837],[-57.87408,-35.02833],[-57.87403,-35.02831],[-57.87396,-35.0283],[-57.87387,-35.0283],[-57.87369,-35.02829],[-57.87361,-35.02829],[-57.87351,-35.02831],[-57.87315,-35.02847],[-57.87302,-35.02851],[-57.87285,-35.02854],[-57.87274,-35.02857],[-57.87261,-35.02864],[-57.87243,-35.0288],[-57.87241,-35.02883],[-57.8724,-35.02888],[-57.87239,-35.02898],[-57.87237,-35.02904],[-57.87234,-35.02907],[-57.87222,-35.02912],[-57.87203,-35.02924],[-57.87194,-35.02932],[-57.87183,-35.02935],[-57.8717,-35.02936],[-57.87134,-35.02941],[-57.87125,-35.02944],[-57.87116,-35.02947],[-57.87111,-35.02951],[-57.871,-35.02965],[-57.87089,-35.02979],[-57.8708,-35.02984],[-57.87072,-35.02986],[-57.87065,-35.02986],[-57.87049,-35.02988],[-57.87027,-35.02991],[-57.86976,-35.02996],[-57.86961,-35.03],[-57.86939,-35.03008],[-57.86927,-35.03011],[-57.86914,-35.03011],[-57.86902,-35.0301],[-57.86888,-35.03006],[-57.86827,-35.02988],[-57.86799,-35.02977],[-57.86765,-35.02956],[-57.86713,-35.02925],[-57.86675,-35.02898],[-57.86641,-35.02868],[-57.86624,-35.0285],[-57.86601,-35.02822]]}},{"type":"Feature","properties":{"nombre":"Arroyo El Pescado","descripcion":"Arroyo"},"geometry":{"type":"LineString","coordinates":[[-57.79764,-34.99925],[-57.79754,-34.99936],[-57.7975,-34.9994],[-57.79745,-34.99941],[-57.79737,-34.99941],[-57.79727,-34.9994],[-57.79719,-34.99938],[-57.79713,-34.99935],[-57.79709,-34.99927],[-57.797,-34.99918],[-57.79682,-34.99902],[-57.79673,-34.99893],[-57.79667,-34.99871],[-57.7966,-34.99863],[-57.79653,-34.99859],[-57.79646,-34.99855],[-57.79636,-34.99847],[-57.79625,-34.99836],[-57.79618,-34.99829],[-57.79609,-34.99826],[-57.79601,-34.99824],[-57.7959,-34.99821],[-57.79581,-34.99821],[-57.79568,-34.99823],[-57.79553,-34.99825],[-57.79535,-34.99824],[-57.79519,-34.99821],[-57.79503,-34.99821],[-57.7949,-34.99819],[-57.79472,-34.99814],[-57.79458,-34.99808],[-57.79446,-34.99803],[-57.79439,-34.99795],[-57.79432,-34.99783],[-57.79426,-34.99777],[-57.79413,-34.99771],[-57.79381,-34.99762],[-57.79365,-34.99755],[-57.79343,-34.99744],[-57.79326,-34.99736],[-57.79321,-34.99732],[-57.79322,-34.99728],[-57.79325,-34.99725],[-57.79327,-34.99717],[-57.79327,-34.9971],[-57.79323,-34.99701],[-57.7931,-34.99667],[-57.79303,-34.99652],[-57.793,-34.99642],[-57.79301,-34.99633],[-57.79305,-34.99626],[-57.79312,-34.9962],[-57.79329,-34.99611],[-57.79339,-34.99605],[-57.79342,-34.99602]]}},{"type":"Feature","properties":{"nombre":"Arroyo El Pescado","descripcion":"Arroyo"},"geometry":{"type":"LineString","coordinates":[[-57.77779,-34.96114],[-57.77753,-34.96111],[-57.77737,-34.96111],[-57.77721,-34.96115],[-57.77693,-34.96124],[-57.77681,-34.96125],[-57.77667,-34.96123],[-57.77652,-34.96114],[-57.7764,-34.96103],[-57.77636,-34.96088],[-57.77645,-34.96042],[-57.77655,-34.96018],[-57.77663,-34.95997],[-57.77675,-34.95988],[-57.77695,-34.95981],[-57.77725,-34.95973],[-57.77743,-34.95969],[-57.77767,-34.95969],[-57.778,-34.95972]]}},{"type":"Feature","properties":{"descripcion":"Arroyo"},"geometry":{"type":"LineString","coordinates":[[-57.72647,-34.96464],[-57.72603,-34.9646],[-57.7256,-34.9645],[-57.72493,-34.96435],[-57.72422,-34.96415],[-57.7236,-34.9639],[-57.72324,-34.96382],[-57.72279,-34.96386],[-57.72258,-34.96381],[-57.72228,-34.96367],[-57.72207,-34.96364]]}},{"type":"Feature","properties":{"descripcion":"Arroyo"},"geometry":{"type":"LineString","coordinates":[[-57.72424,-34.96808],[-57.72418,-34.96772],[-57.72408,-34.96736],[-57.72406,-34.96702],[-57.72388,-34.96678],[-57.72358,-34.96661],[-57.72331,-34.96652],[-57.72308,-34.96656],[-57.72269,-34.96661],[-57.72221,-34.96647],[-57.72183,-34.96633],[-57.72161,-34.96609],[-57.72148,-34.9657],[-57.72154,-34.96543],[-57.72172,-34.96498],[-57.72188,-34.96449],[-57.72204,-34.96393],[-57.72207,-34.96364],[-57.72207,-34.96361],[-57.72189,-34.96316],[-57.72174,-34.96293],[-57.72087,-34.96247],[-57.72027,-34.96202],[-57.72006,-34.96178],[-57.72003,-34.96152],[-57.72001,-34.9612],[-57.7202,-34.96088],[-57.72033,-34.96063],[-57.72028,-34.96041],[-57.72016,-34.96029],[-57.72001,-34.96029],[-57.71983,-34.96029],[-57.71965,-34.96022],[-57.71952,-34.96015],[-57.71938,-34.96014],[-57.71894,-34.96018],[-57.71837,-34.96021],[-57.7181,-34.96033],[-57.71781,-34.96041],[-57.71745,-34.96036],[-57.71723,-34.96019],[-57.71701,-34.95989],[-57.71681,-34.95972],[-57.71652,-34.95966],[-57.71624,-34.95963],[-57.71604,-34.9595],[-57.71599,-34.95934],[-57.71594,-34.95911],[-57.71567,-34.95881],[-57.71545,-34.95852],[-57.71534,-34.95806],[-57.71533,-34.95754],[-57.71537,-34.95716],[-57.71558,-34.95664],[-57.71586,-34.95622],[-57.71623,-34.95588],[-57.71674,-34.95558],[-57.71733,-34.95526],[-57.71811,-34.95503],[-57.71854,-34.95493],[-57.71882,-34.95477],[-57.71917,-34.95454],[-57.71953,-34.95439],[-57.71966,-34.95423],[-57.71975,-34.95395],[-57.7198,-34.95372],[-57.71971,-34.95352],[-57.71949,-34.95329],[-57.71941,-34.95304],[-57.71935,-34.95276],[-57.71908,-34.95261],[-57.71878,-34.95253],[-57.71837,-34.95243],[-57.71822,-34.95218],[-57.718,-34.95187],[-57.7177,-34.95163],[-57.71729,-34.9515],[-57.71696,-34.95134],[-57.71685,-34.95106],[-57.71686,-34.9508],[-57.7169,-34.95046],[-57.71691,-34.95019],[-57.7168,-34.94994],[-57.71659,-34.9497],[-57.7163,-34.94956],[-57.716,-34.94944]]}},{"type":"Feature","properties":{"nombre":"Arroyo Carnaval","descripcion":"Desagüe o zanja"},"geometry":{"type":"LineString","coordinates":[[-58.07566,-34.86012],[-58.07545,-34.86001],[-58.07529,-34.85994],[-58.07506,-34.85981],[-58.07494,-34.85973],[-58.07478,-34.85968],[-58.07455,-34.85966],[-58.07437,-34.85969],[-58.07425,-34.85972],[-58.07392,-34.85974],[-58.07369,-34.85966],[-58.07351,-34.85955],[-58.07341,-34.85936],[-58.0734,-34.85923],[-58.07346,-34.85908],[-58.07354,-34.85898],[-58.07365,-34.85879],[-58.07375,-34.85864],[-58.07378,-34.85838],[-58.07371,-34.85812],[-58.07353,-34.85793],[-58.07335,-34.8578],[-58.07315,-34.85775],[-58.07284,-34.85774],[-58.07253,-34.85774],[-58.07206,-34.85782],[-58.07164,-34.85784],[-58.07147,-34.85784],[-58.07133,-34.85782],[-58.07129,-34.8578],[-58.07126,-34.85777]]}},{"type":"Feature","properties":{"nombre":"Arroyo Carnaval","descripcion":"Arroyo"},"geometry":{"type":"LineString","coordinates":[[-58.09441,-34.89614],[-58.09439,-34.89606],[-58.09442,-34.89595],[-58.09447,-34.89586],[-58.09448,-34.89575],[-58.09448,-34.8957],[-58.09449,-34.89557],[-58.09447,-34.89546],[-58.09438,-34.89536],[-58.09424,-34.89531],[-58.09408,-34.89525],[-58.09383,-34.89523],[-58.09371,-34.89512],[-58.09354,-34.89495],[-58.09342,-34.8948],[-58.09328,-34.8946],[-58.09317,-34.8944],[-58.09309,-34.89428],[-58.09308,-34.89407],[-58.09309,-34.89381],[-58.09304,-34.89355],[-58.093,-34.89343],[-58.09285,-34.89329],[-58.09262,-34.89313],[-58.09239,-34.89301],[-58.09225,-34.89289],[-58.09203,-34.89276],[-58.09185,-34.89263],[-58.09181,-34.89243],[-58.09181,-34.89227],[-58.09182,-34.89208],[-58.09181,-34.89193],[-58.09172,-34.89174],[-58.09162,-34.89157],[-58.09147,-34.89135],[-58.09129,-34.89116],[-58.09125,-34.89099],[-58.09123,-34.89076],[-58.09122,-34.89058],[-58.09117,-34.89038],[-58.09099,-34.89019],[-58.0908,-34.88996],[-58.09066,-34.88979],[-58.0905,-34.88964],[-58.09035,-34.8896],[-58.09022,-34.88955],[-58.09003,-34.88952],[-58.08982,-34.88941],[-58.08974,-34.88924],[-58.08972,-34.88909],[-58.08972,-34.88892],[-58.08978,-34.88875],[-58.08981,-34.88856],[-58.08983,-34.88838],[-58.08984,-34.88818],[-58.08978,-34.88794],[-58.08966,-34.88772],[-58.0896,-34.88752],[-58.08964,-34.88731],[-58.08968,-34.88722],[-58.08989,-34.88696],[-58.08994,-34.88678],[-58.08996,-34.88661],[-58.08991,-34.88643],[-58.08982,-34.88622],[-58.08976,-34.88601],[-58.08977,-34.88591],[-58.08984,-34.88576],[-58.08988,-34.88562],[-58.08992,-34.88535],[-58.08993,-34.88507],[-58.08993,-34.88493],[-58.08997,-34.88475],[-58.09008,-34.8846],[-58.09022,-34.88452],[-58.09034,-34.88442],[-58.09044,-34.8843],[-58.09056,-34.88422],[-58.09069,-34.88407],[-58.0908,-34.88395],[-58.09089,-34.88378],[-58.09098,-34.88364],[-58.09104,-34.88343],[-58.09111,-34.88326],[-58.09117,-34.8831],[-58.09129,-34.8829],[-58.09139,-34.88275],[-58.09153,-34.88263],[-58.09181,-34.88245],[-58.09191,-34.88227],[-58.09191,-34.88211],[-58.09196,-34.88184],[-58.09194,-34.88168],[-58.09191,-34.88155],[-58.09184,-34.88141],[-58.09182,-34.88119],[-58.09185,-34.88101],[-58.09195,-34.88078],[-58.09213,-34.88032],[-58.09207,-34.87999],[-58.09198,-34.87985],[-58.09188,-34.87966],[-58.09171,-34.87941],[-58.09158,-34.87923],[-58.09143,-34.87897],[-58.09131,-34.87876],[-58.09113,-34.8786],[-58.09099,-34.87848],[-58.09088,-34.87841],[-58.0907,-34.87827],[-58.09058,-34.87811],[-58.09046,-34.8779],[-58.09035,-34.87768],[-58.09026,-34.87737],[-58.09024,-34.87732],[-58.09018,-34.87722],[-58.09006,-34.87704],[-58.08985,-34.87691],[-58.08967,-34.87682],[-58.08951,-34.87675],[-58.08939,-34.87663],[-58.08923,-34.87647],[-58.08916,-34.87629],[-58.08915,-34.87615],[-58.08915,-34.87604],[-58.08917,-34.8759],[-58.0892,-34.87575],[-58.08925,-34.87558],[-58.08927,-34.87542],[-58.08923,-34.87523],[-58.08917,-34.87518],[-58.08902,-34.87511],[-58.08888,-34.87511],[-58.08873,-34.87514],[-58.08862,-34.87508],[-58.08856,-34.87498],[-58.08853,-34.8748],[-58.08853,-34.87465],[-58.08859,-34.87447],[-58.08866,-34.87435],[-58.08891,-34.87417],[-58.08912,-34.87402],[-58.08929,-34.87387],[-58.08941,-34.87378],[-58.0895,-34.87371],[-58.08961,-34.87365],[-58.08973,-34.87354],[-58.08981,-34.87346],[-58.0899,-34.87334],[-58.08999,-34.87319],[-58.09001,-34.87302],[-58.09,-34.87286],[-58.08993,-34.87265],[-58.08981,-34.87235],[-58.08973,-34.87216],[-58.08965,-34.87199],[-58.0896,-34.87189],[-58.08956,-34.87167],[-58.08956,-34.87149],[-58.08959,-34.87131],[-58.08964,-34.87114],[-58.08972,-34.87083],[-58.08979,-34.87047],[-58.0898,-34.87033],[-58.08978,-34.87017],[-58.08973,-34.86991],[-58.08965,-34.86972],[-58.08955,-34.86938],[-58.08937,-34.86911],[-58.08917,-34.86879],[-58.08898,-34.86848],[-58.08886,-34.86822],[-58.0888,-34.86807],[-58.08867,-34.86786],[-58.08859,-34.86766],[-58.08849,-34.86748],[-58.08834,-34.86734],[-58.08818,-34.86708],[-58.08808,-34.86691],[-58.08803,-34.86678],[-58.08803,-34.86662],[-58.08803,-34.86648],[-58.0881,-34.86627],[-58.08813,-34.86611],[-58.08815,-34.86605],[-58.0881,-34.86594],[-58.08803,-34.86583],[-58.08795,-34.86569],[-58.08779,-34.86557],[-58.08764,-34.86548],[-58.0875,-34.86536],[-58.0874,-34.86528],[-58.0873,-34.86519],[-58.08712,-34.86506],[-58.08685,-34.8648],[-58.08672,-34.86467],[-58.08652,-34.86452],[-58.0863,-34.86443],[-58.08611,-34.86425],[-58.08602,-34.8641],[-58.08589,-34.86396],[-58.08569,-34.86378],[-58.08551,-34.86366],[-58.08534,-34.86355],[-58.08518,-34.86348],[-58.08477,-34.86348],[-58.08452,-34.86348],[-58.08433,-34.86345],[-58.08426,-34.86342],[-58.08406,-34.86321],[-58.08393,-34.863],[-58.08397,-34.86261],[-58.08395,-34.86243],[-58.08381,-34.86236],[-58.08351,-34.86227],[-58.08319,-34.86217],[-58.08295,-34.86204],[-58.08281,-34.86192],[-58.08259,-34.86194],[-58.08227,-34.86196],[-58.08208,-34.8619],[-58.08185,-34.86188],[-58.08166,-34.86183],[-58.08151,-34.86178],[-58.08135,-34.86163],[-58.08121,-34.86148],[-58.08101,-34.86124],[-58.08079,-34.86108],[-58.08064,-34.861],[-58.08034,-34.86091],[-58.08001,-34.86079],[-58.07969,-34.8606],[-58.07947,-34.86047],[-58.07911,-34.86032],[-58.07889,-34.86031],[-58.07857,-34.86039],[-58.07829,-34.86054],[-58.078,-34.86071],[-58.07774,-34.86072],[-58.07751,-34.86067],[-58.07723,-34.86057],[-58.07704,-34.86049],[-58.07674,-34.86043],[-58.07654,-34.86044],[-58.07627,-34.86047],[-58.07607,-34.86039],[-58.07587,-34.86028],[-58.07575,-34.86019],[-58.07566,-34.86012]]}},{"type":"Feature","properties":{"nombre":"Arroyo Rodríguez","descripcion":"Arroyo"},"geometry":{"type":"LineString","coordinates":[[-58.06278,-34.90414],[-58.06316,-34.90395],[-58.06319,-34.9039],[-58.06325,-34.90379],[-58.06323,-34.90362],[-58.06322,-34.90344]]}},{"type":"Feature","properties":{"nombre":"Arroyo Rodríguez","descripcion":"Arroyo"},"geometry":{"type":"LineString","coordinates":[[-58.05994,-34.92166],[-58.06034,-34.92222],[-58.06038,-34.92251],[-58.06049,-34.92277],[-58.06071,-34.92302],[-58.06086,-34.9233],[-58.06089,-34.92344],[-58.06087,-34.9235],[-58.06081,-34.92365],[-58.06068,-34.92376],[-58.06053,-34.92376],[-58.06041,-34.92376],[-58.06024,-34.92383],[-58.06013,-34.92389],[-58.06004,-34.92398],[-58.05997,-34.92412],[-58.05995,-34.92428],[-58.05994,-34.92447],[-58.05994,-34.92462],[-58.05994,-34.92479],[-58.06002,-34.92498],[-58.06018,-34.92509],[-58.0604,-34.92518],[-58.06047,-34.92523],[-58.06051,-34.92536],[-58.06051,-34.92554],[-58.06058,-34.92567],[-58.06072,-34.92586],[-58.06081,-34.92603],[-58.06091,-34.92615],[-58.06091,-34.92624],[-58.06088,-34.92632],[-58.06083,-34.92652],[-58.06078,-34.92667],[-58.06074,-34.92685]]}},{"type":"Feature","properties":{"descripcion":"Desagüe o zanja"},"geometry":{"type":"LineString","coordinates":[[-57.99127,-34.87938],[-57.99337,-34.87783]]}},{"type":"Feature","properties":{"nombre":"Arroyo Rodríguez","descripcion":"Arroyo"},"geometry":{"type":"LineString","coordinates":[[-58.03006,-34.87257],[-58.03016,-34.87237],[-58.03021,-34.87214],[-58.03023,-34.87199],[-58.03014,-34.87175]]}},{"type":"Feature","properties":{"nombre":"Arroyo Carnaval","descripcion":"Arroyo"},"geometry":{"type":"LineString","coordinates":[[-58.11892,-34.93946],[-58.11746,-34.93807],[-58.11718,-34.93762],[-58.11667,-34.93693],[-58.11648,-34.93672],[-58.11593,-34.93592],[-58.11582,-34.93579],[-58.11539,-34.93508],[-58.1153,-34.93502],[-58.1148,-34.93438],[-58.11453,-34.93408],[-58.11454,-34.93397],[-58.11452,-34.93383],[-58.11397,-34.93296],[-58.11374,-34.93255],[-58.11361,-34.93224],[-58.11358,-34.93187],[-58.11302,-34.9304],[-58.11247,-34.92942],[-58.11248,-34.9293]]}},{"type":"Feature","properties":{"descripcion":"Arroyo"},"geometry":{"type":"LineString","coordinates":[[-58.02888,-35.02317],[-58.02863,-35.02323],[-58.02829,-35.02345],[-58.02785,-35.02355],[-58.02761,-35.02375],[-58.02724,-35.02386],[-58.02658,-35.02403],[-58.02633,-35.02407],[-58.02589,-35.02411],[-58.02548,-35.02415],[-58.02474,-35.02398],[-58.02432,-35.02389],[-58.02386,-35.0238]]}},{"type":"Feature","properties":{"descripcion":"Arroyo"},"geometry":{"type":"LineString","coordinates":[[-58.01947,-35.02563],[-58.0194,-35.02571]]}},{"type":"Feature","properties":{"descripcion":"Arroyo"},"geometry":{"type":"LineString","coordinates":[[-58.02373,-35.02377],[-58.02365,-35.02376],[-58.02306,-35.02414],[-58.02253,-35.02417],[-58.02223,-35.02413],[-58.02185,-35.02412],[-58.02153,-35.02415],[-58.02128,-35.02429],[-58.02075,-35.02457],[-58.02016,-35.02486],[-58.01983,-35.02507],[-58.01969,-35.02537],[-58.01947,-35.02563]]}},{"type":"Feature","properties":{"descripcion":"Arroyo"},"geometry":{"type":"LineString","coordinates":[[-58.02386,-35.0238],[-58.02373,-35.02377]]}},{"type":"Feature","properties":{"descripcion":"Arroyo"},"geometry":{"type":"LineString","coordinates":[[-58.12728,-34.90446],[-58.12696,-34.90414],[-58.12648,-34.90357],[-58.12617,-34.9033],[-58.12625,-34.90314],[-58.12629,-34.90301],[-58.12601,-34.90277],[-58.12583,-34.90263],[-58.12572,-34.90253],[-58.12568,-34.90247],[-58.12572,-34.90239],[-58.12584,-34.90231],[-58.12589,-34.90223],[-58.12593,-34.90205],[-58.12583,-34.90178],[-58.12574,-34.90165],[-58.12557,-34.90147],[-58.12546,-34.90138],[-58.12541,-34.9013],[-58.12539,-34.90117],[-58.12537,-34.90094],[-58.12533,-34.90079],[-58.12523,-34.90067],[-58.12512,-34.90059],[-58.125,-34.9006],[-58.12493,-34.90057],[-58.12486,-34.90046],[-58.12476,-34.9004],[-58.12464,-34.90039],[-58.12452,-34.90042],[-58.12441,-34.90048],[-58.12431,-34.90049],[-58.1242,-34.90042],[-58.12416,-34.90038]]}},{"type":"Feature","properties":{"descripcion":"Arroyo"},"geometry":{"type":"LineString","coordinates":[[-58.12416,-34.90038],[-58.12411,-34.90035]]}},{"type":"Feature","properties":{"descripcion":"Arroyo"},"geometry":{"type":"LineString","coordinates":[[-57.76103,-34.95925],[-57.76104,-34.95924],[-57.76109,-34.95916],[-57.76112,-34.95908],[-57.76115,-34.959],[-57.76117,-34.95892],[-57.76117,-34.95885],[-57.76117,-34.95878],[-57.76113,-34.95863],[-57.76069,-34.95614],[-57.76066,-34.95604],[-57.76064,-34.95594],[-57.76064,-34.95584],[-57.76065,-34.95575],[-57.76067,-34.95569],[-57.7607,-34.95563],[-57.76076,-34.95552],[-57.7609,-34.95531],[-57.76142,-34.95459],[-57.76151,-34.95442],[-57.76158,-34.95432],[-57.7617,-34.95422],[-57.76189,-34.95418],[-57.76203,-34.95419],[-57.7622,-34.95422],[-57.76231,-34.95424],[-57.76241,-34.95425],[-57.7625,-34.95423],[-57.76261,-34.95418],[-57.76397,-34.95333],[-57.76591,-34.95123],[-57.76602,-34.95055],[-57.76662,-34.9501],[-57.76667,-34.9497],[-57.7672,-34.94916],[-57.76736,-34.94879],[-57.76757,-34.94879],[-57.76794,-34.94855],[-57.76803,-34.94842],[-57.76815,-34.94832]]}},{"type":"Feature","properties":{"descripcion":"Arroyo"},"geometry":{"type":"LineString","coordinates":[[-57.76099,-34.95936],[-57.76103,-34.95925]]}},{"type":"Feature","properties":{"descripcion":"Arroyo"},"geometry":{"type":"LineString","coordinates":[[-57.74447,-34.95321],[-57.74481,-34.95296],[-57.75028,-34.95108],[-57.75208,-34.95067],[-57.75337,-34.95023],[-57.75418,-34.94953],[-57.7559,-34.94745],[-57.75725,-34.9458],[-57.75839,-34.94418],[-57.7592,-34.94343],[-57.76077,-34.94265],[-57.76149,-34.94201],[-57.76235,-34.9409],[-57.76258,-34.94061],[-57.76307,-34.9403],[-57.76336,-34.93999],[-57.76387,-34.93968],[-57.76478,-34.93927],[-57.76551,-34.9391],[-57.76593,-34.93906],[-57.76694,-34.93899],[-57.76769,-34.93898],[-57.76832,-34.93898],[-57.76882,-34.93891],[-57.76903,-34.93881],[-57.76916,-34.93878],[-57.76947,-34.9388],[-57.76956,-34.93876],[-57.7697,-34.93864],[-57.77,-34.9385]]}},{"type":"Feature","properties":{"descripcion":"Arroyo"},"geometry":{"type":"LineString","coordinates":[[-57.74437,-34.95329],[-57.74447,-34.95321]]}},{"type":"Feature","properties":{"descripcion":"Arroyo"},"geometry":{"type":"LineString","coordinates":[[-57.77883,-35.10241],[-57.77874,-35.0992]]}},{"type":"Feature","properties":{"descripcion":"Arroyo"},"geometry":{"type":"LineString","coordinates":[[-57.77874,-35.0992],[-57.77874,-35.09908]]}},{"type":"Feature","properties":{"descripcion":"Arroyo"},"geometry":{"type":"LineString","coordinates":[[-57.93775,-34.83461],[-57.93731,-34.83481]]}},{"type":"Feature","properties":{"descripcion":"Río"},"geometry":{"type":"LineString","coordinates":[[-57.72164,-34.9989],[-57.72161,-34.99872],[-57.72149,-34.99849],[-57.72085,-34.99785],[-57.72073,-34.99785],[-57.72044,-34.99782],[-57.72013,-34.99769],[-57.71982,-34.99738],[-57.71965,-34.99705],[-57.7195,-34.99673],[-57.71946,-34.99657],[-57.71952,-34.99632],[-57.71969,-34.99615],[-57.71979,-34.99612],[-57.72,-34.99578],[-57.71998,-34.99548],[-57.71989,-34.99526],[-57.71979,-34.995],[-57.71976,-34.99481],[-57.7199,-34.99454],[-57.71995,-34.99408],[-57.71987,-34.99383],[-57.71977,-34.9937],[-57.71953,-34.99356],[-57.71945,-34.99341],[-57.71945,-34.99324],[-57.71964,-34.99311],[-57.7199,-34.99276],[-57.72009,-34.99237],[-57.72024,-34.99215],[-57.72025,-34.99194],[-57.72012,-34.99168],[-57.71988,-34.99144],[-57.71961,-34.99123],[-57.71952,-34.99106],[-57.71951,-34.99087],[-57.71967,-34.9907],[-57.71981,-34.99054],[-57.71995,-34.99037],[-57.71995,-34.99016],[-57.71987,-34.98996],[-57.71974,-34.98982],[-57.71956,-34.98973],[-57.71945,-34.98974],[-57.71921,-34.9898],[-57.71894,-34.98982],[-57.71877,-34.98978],[-57.71858,-34.98967],[-57.71841,-34.98959],[-57.71807,-34.9895],[-57.71786,-34.9894],[-57.71769,-34.9893],[-57.71753,-34.98925],[-57.71732,-34.98914],[-57.71708,-34.9889],[-57.71677,-34.98824],[-57.71671,-34.98775],[-57.71657,-34.98743],[-57.71637,-34.98709],[-57.71627,-34.98693],[-57.71588,-34.98678],[-57.71532,-34.98668],[-57.71507,-34.9867],[-57.71482,-34.98672],[-57.71434,-34.98656],[-57.71407,-34.98632],[-57.71398,-34.98607],[-57.71396,-34.9859],[-57.714,-34.98585],[-57.71414,-34.98581],[-57.71421,-34.98576],[-57.71431,-34.98558],[-57.71457,-34.98537],[-57.71475,-34.98521],[-57.7148,-34.98518],[-57.7149,-34.9852],[-57.71502,-34.9853],[-57.71539,-34.98523],[-57.71589,-34.98525],[-57.71616,-34.98515]]}},{"type":"Feature","properties":{"descripcion":"Arroyo"},"geometry":{"type":"LineString","coordinates":[[-57.71616,-34.98515],[-57.71638,-34.98501],[-57.71657,-34.98486],[-57.7168,-34.98481],[-57.71726,-34.98482],[-57.71746,-34.98477],[-57.71793,-34.98458],[-57.71823,-34.98439],[-57.7186,-34.98409],[-57.7188,-34.98378],[-57.71889,-34.98353],[-57.71884,-34.9832],[-57.7189,-34.983],[-57.71911,-34.98248],[-57.71932,-34.98208],[-57.71967,-34.98174],[-57.72015,-34.98141],[-57.72059,-34.98096],[-57.72097,-34.98061],[-57.72199,-34.97976],[-57.72227,-34.9794],[-57.72259,-34.97883],[-57.7227,-34.97861],[-57.72268,-34.97849],[-57.72261,-34.97827],[-57.72266,-34.97815],[-57.72283,-34.97809],[-57.72301,-34.97813],[-57.72328,-34.97822],[-57.72361,-34.97826],[-57.72396,-34.9782],[-57.72424,-34.97829],[-57.72474,-34.9784],[-57.72519,-34.97857],[-57.7255,-34.97868],[-57.72574,-34.97894],[-57.726,-34.97905],[-57.72623,-34.97908],[-57.72645,-34.97912],[-57.72664,-34.9791],[-57.72684,-34.97899],[-57.72753,-34.9781],[-57.72795,-34.97731],[-57.72807,-34.97681],[-57.72805,-34.97604],[-57.72827,-34.97523],[-57.72828,-34.97489],[-57.72817,-34.97439],[-57.72792,-34.97407],[-57.72745,-34.97387],[-57.72704,-34.97356],[-57.7264,-34.97306],[-57.72611,-34.97274],[-57.72593,-34.97256],[-57.72578,-34.97231],[-57.72571,-34.97205],[-57.72573,-34.9718],[-57.72553,-34.97142],[-57.72508,-34.97088],[-57.72474,-34.97064],[-57.72433,-34.97056],[-57.72343,-34.9708],[-57.72249,-34.97108],[-57.72204,-34.97136],[-57.72154,-34.97186],[-57.72125,-34.97227],[-57.72093,-34.97298],[-57.72085,-34.97343],[-57.72071,-34.97383],[-57.72033,-34.97426],[-57.71978,-34.97466],[-57.71935,-34.97466],[-57.71856,-34.97399],[-57.71834,-34.97341],[-57.71828,-34.97289],[-57.71817,-34.97213],[-57.7182,-34.97142],[-57.71843,-34.9709],[-57.71877,-34.97008],[-57.71912,-34.96947],[-57.71957,-34.96883],[-57.72002,-34.96821],[-57.72085,-34.96786],[-57.72172,-34.96778],[-57.72322,-34.96816],[-57.72409,-34.96809],[-57.72424,-34.96808],[-57.72591,-34.96799],[-57.72694,-34.96823],[-57.72816,-34.96798],[-57.72896,-34.9677],[-57.72907,-34.96707],[-57.7289,-34.96624],[-57.7285,-34.9656],[-57.72738,-34.96509],[-57.72647,-34.96464],[-57.72745,-34.96392],[-57.72822,-34.96346],[-57.72865,-34.96295],[-57.72964,-34.96251],[-57.73026,-34.96214],[-57.7308,-34.96207],[-57.73155,-34.9623],[-57.7327,-34.96282],[-57.73316,-34.96286],[-57.73367,-34.96272],[-57.73504,-34.9618],[-57.73588,-34.96163],[-57.73755,-34.96177],[-57.73809,-34.96193],[-57.73873,-34.96177],[-57.7388,-34.9614],[-57.73923,-34.96043],[-57.74013,-34.9601],[-57.74086,-34.96031],[-57.74131,-34.96093],[-57.7418,-34.96124],[-57.74219,-34.96124],[-57.74324,-34.9607],[-57.74433,-34.95968],[-57.74429,-34.95874],[-57.74393,-34.95801],[-57.7435,-34.95774],[-57.74296,-34.95781],[-57.74238,-34.95753],[-57.74187,-34.95709],[-57.74112,-34.95714],[-57.74056,-34.95706],[-57.74109,-34.9566],[-57.74109,-34.95614],[-57.74045,-34.95519],[-57.74058,-34.95481],[-57.74148,-34.95449],[-57.74217,-34.95424],[-57.74279,-34.95445],[-57.74341,-34.95495],[-57.74384,-34.95474],[-57.74388,-34.95408],[-57.74412,-34.95347],[-57.74437,-34.95329]]}},{"type":"Feature","properties":{"nombre":"Arroyo del Gato","descripcion":"Arroyo"},"geometry":{"type":"LineString","coordinates":[[-57.94599,-34.84314],[-57.94571,-34.84271],[-57.94528,-34.84257],[-57.94498,-34.84262],[-57.94474,-34.84278],[-57.94462,-34.84285],[-57.94436,-34.84294],[-57.94415,-34.84282],[-57.94391,-34.84272],[-57.94369,-34.84273],[-57.94347,-34.84281],[-57.94286,-34.84308],[-57.94279,-34.84316]]}},{"type":"Feature","properties":{"descripcion":"Arroyo"},"geometry":{"type":"LineString","coordinates":[[-57.9461,-34.8432],[-57.94599,-34.84314]]}},{"type":"Feature","properties":{"descripcion":"Arroyo"},"geometry":{"type":"LineString","coordinates":[[-58.08599,-35.12891],[-58.08607,-35.12889],[-58.08613,-35.12885],[-58.08643,-35.12863],[-58.08656,-35.12852],[-58.08662,-35.12841],[-58.08666,-35.1283],[-58.08672,-35.12825]]}},{"type":"Feature","properties":{"descripcion":"Desagüe o zanja"},"geometry":{"type":"LineString","coordinates":[[-58.07415,-35.12663],[-58.07413,-35.12671],[-58.07408,-35.12679],[-58.07408,-35.1268],[-58.07437,-35.12694],[-58.07457,-35.12701],[-58.07462,-35.12703],[-58.07488,-35.12717]]}},{"type":"Feature","properties":{"descripcion":"Arroyo"},"geometry":{"type":"LineString","coordinates":[[-58.08494,-35.12876],[-58.08499,-35.12873],[-58.08506,-35.12874],[-58.0851,-35.12877],[-58.08518,-35.12878],[-58.08526,-35.12873],[-58.08535,-35.12867]]}},{"type":"Feature","properties":{"descripcion":"Arroyo"},"geometry":{"type":"LineString","coordinates":[[-58.08535,-35.12867],[-58.08541,-35.12863]]}},{"type":"Feature","properties":{"descripcion":"Arroyo"},"geometry":{"type":"LineString","coordinates":[[-58.10565,-35.04745],[-58.10561,-35.04776]]}},{"type":"Feature","properties":{"descripcion":"Arroyo"},"geometry":{"type":"LineString","coordinates":[[-58.05471,-35.03628],[-58.0541,-35.03674]]}},{"type":"Feature","properties":{"descripcion":"Arroyo"},"geometry":{"type":"LineString","coordinates":[[-58.05474,-35.0362],[-58.05471,-35.03628]]}},{"type":"Feature","properties":{"descripcion":"Desagüe o zanja"},"geometry":{"type":"LineString","coordinates":[[-58.05926,-35.03157],[-58.05925,-35.03161],[-58.05922,-35.03165]]}},{"type":"Feature","properties":{"descripcion":"Desagüe o zanja"},"geometry":{"type":"LineString","coordinates":[[-58.0593,-35.03146],[-58.05926,-35.03157]]}},{"type":"Feature","properties":{"descripcion":"Desagüe o zanja"},"geometry":{"type":"LineString","coordinates":[[-58.05731,-35.02988],[-58.0572,-35.02997]]}},{"type":"Feature","properties":{"descripcion":"Desagüe o zanja"},"geometry":{"type":"LineString","coordinates":[[-58.05741,-35.02981],[-58.05731,-35.02988]]}},{"type":"Feature","properties":{"descripcion":"Desagüe o zanja"},"geometry":{"type":"LineString","coordinates":[[-58.18442,-34.85565],[-58.18439,-34.85573],[-58.1843,-34.85585],[-58.18427,-34.85595],[-58.18426,-34.85604]]}},{"type":"Feature","properties":{"descripcion":"Desagüe o zanja"},"geometry":{"type":"LineString","coordinates":[[-58.18445,-34.85555],[-58.18442,-34.85565]]}},{"type":"Feature","properties":{"descripcion":"Arroyo"},"geometry":{"type":"LineString","coordinates":[[-58.17891,-34.8919],[-58.17814,-34.89076]]}},{"type":"Feature","properties":{"descripcion":"Arroyo"},"geometry":{"type":"LineString","coordinates":[[-58.17814,-34.89076],[-58.17808,-34.89067]]}},{"type":"Feature","properties":{"descripcion":"Arroyo"},"geometry":{"type":"LineString","coordinates":[[-58.17667,-34.88934],[-58.17665,-34.88925],[-58.17597,-34.88843],[-58.17594,-34.88836]]}},{"type":"Feature","properties":{"descripcion":"Arroyo"},"geometry":{"type":"LineString","coordinates":[[-58.17594,-34.88836],[-58.1759,-34.88826]]}},{"type":"Feature","properties":{"nombre":"Arroyo Rodríguez","descripcion":"Arroyo"},"geometry":{"type":"LineString","coordinates":[[-58.06814,-34.96199],[-58.06815,-34.962],[-58.06829,-34.96222],[-58.06848,-34.96256],[-58.06861,-34.96276],[-58.06879,-34.96311],[-58.06892,-34.96335],[-58.06912,-34.96376],[-58.06931,-34.9641],[-58.06931,-34.96419],[-58.06929,-34.96437],[-58.06932,-34.96449],[-58.06937,-34.96463],[-58.06923,-34.96466],[-58.0692,-34.96473],[-58.06926,-34.96492],[-58.06934,-34.96529],[-58.06951,-34.96561],[-58.06965,-34.96608],[-58.07,-34.96637],[-58.07005,-34.96644],[-58.07011,-34.96683],[-58.07028,-34.96698],[-58.07045,-34.96713],[-58.07061,-34.9673],[-58.07074,-34.96739],[-58.07089,-34.96761],[-58.07083,-34.96777],[-58.07087,-34.96786],[-58.0712,-34.96819],[-58.07129,-34.96843],[-58.07135,-34.96855],[-58.07129,-34.96865],[-58.07139,-34.96884],[-58.07144,-34.96896],[-58.07155,-34.96922],[-58.07156,-34.9693],[-58.07149,-34.96945],[-58.0715,-34.96951],[-58.07169,-34.96974],[-58.07171,-34.96997],[-58.07179,-34.97013],[-58.07188,-34.97032],[-58.07178,-34.97067],[-58.07178,-34.97076],[-58.07192,-34.9709],[-58.07208,-34.97103],[-58.07212,-34.97116],[-58.07233,-34.97133],[-58.0726,-34.97177],[-58.07261,-34.97192],[-58.07259,-34.972],[-58.07255,-34.97207]]}},{"type":"Feature","properties":{"nombre":"Arroyo Rodríguez","descripcion":"Arroyo"},"geometry":{"type":"LineString","coordinates":[[-58.06808,-34.96191],[-58.06814,-34.96199]]}},{"type":"Feature","properties":{"descripcion":"Arroyo"},"geometry":{"type":"LineString","coordinates":[[-57.95163,-34.82917],[-57.95142,-34.8289]]}},{"type":"Feature","properties":{"descripcion":"Arroyo"},"geometry":{"type":"LineString","coordinates":[[-57.9517,-34.82925],[-57.95163,-34.82917]]}},{"type":"Feature","properties":{"descripcion":"Arroyo"},"geometry":{"type":"LineString","coordinates":[[-57.94505,-34.83256],[-57.94471,-34.83278],[-57.94471,-34.83295]]}},{"type":"Feature","properties":{"descripcion":"Arroyo"},"geometry":{"type":"LineString","coordinates":[[-57.94471,-34.83295],[-57.94471,-34.83305]]}},{"type":"Feature","properties":{"descripcion":"Desagüe o zanja"},"geometry":{"type":"LineString","coordinates":[[-57.9128,-34.8709],[-57.9155,-34.86873]]}},{"type":"Feature","properties":{"descripcion":"Desagüe o zanja"},"geometry":{"type":"LineString","coordinates":[[-57.9155,-34.86873],[-57.91567,-34.8686]]}},{"type":"Feature","properties":{"descripcion":"Desagüe o zanja"},"geometry":{"type":"LineString","coordinates":[[-57.92444,-34.86028],[-57.92756,-34.85779]]}},{"type":"Feature","properties":{"descripcion":"Desagüe o zanja"},"geometry":{"type":"LineString","coordinates":[[-57.92756,-34.85779],[-57.92765,-34.85772]]}},{"type":"Feature","properties":{"descripcion":"Arroyo"},"geometry":{"type":"LineString","coordinates":[[-58.03794,-34.96895],[-58.03701,-34.96693],[-58.03652,-34.96588],[-58.03649,-34.96581],[-58.03654,-34.96487],[-58.03656,-34.96441],[-58.03662,-34.9634]]}},{"type":"Feature","properties":{"descripcion":"Arroyo"},"geometry":{"type":"LineString","coordinates":[[-58.03799,-34.96905],[-58.03794,-34.96895]]}},{"type":"Feature","properties":{"descripcion":"Arroyo"},"geometry":{"type":"LineString","coordinates":[[-58.04349,-34.96827],[-58.04346,-34.96823],[-58.0434,-34.96788],[-58.04323,-34.9677],[-58.04307,-34.96761],[-58.04267,-34.96746],[-58.04203,-34.96737],[-58.04177,-34.96708],[-58.0413,-34.9668],[-58.04125,-34.96664],[-58.04118,-34.96664],[-58.04099,-34.96681],[-58.04094,-34.96679],[-58.04054,-34.96654],[-58.0401,-34.96613],[-58.03932,-34.96584],[-58.03662,-34.9634]]}},{"type":"Feature","properties":{"descripcion":"Arroyo"},"geometry":{"type":"LineString","coordinates":[[-58.04357,-34.96837],[-58.04349,-34.96827]]}},{"type":"Feature","properties":{"descripcion":"Arroyo"},"geometry":{"type":"LineString","coordinates":[[-58.0194,-35.02571],[-58.01936,-35.02575],[-58.01912,-35.02606],[-58.01876,-35.02668],[-58.01854,-35.02691],[-58.01833,-35.02728],[-58.01842,-35.02755],[-58.01617,-35.0293],[-58.01599,-35.02931],[-58.0157,-35.02928],[-58.01508,-35.02921],[-58.01423,-35.02912],[-58.01313,-35.02905],[-58.01243,-35.02899],[-58.01172,-35.02887],[-58.01134,-35.02885],[-58.01081,-35.02889],[-58.01014,-35.02898],[-58.00957,-35.02903],[-58.00916,-35.02903],[-58.00886,-35.02892],[-58.00849,-35.02881],[-58.0082,-35.02868],[-58.00762,-35.0285],[-58.00727,-35.02844],[-58.00664,-35.02829],[-58.00625,-35.02821],[-58.00585,-35.02823],[-58.00508,-35.02827],[-58.0043,-35.02815],[-58.00408,-35.02823],[-58.00376,-35.02821],[-58.00317,-35.02806],[-58.00261,-35.02797],[-58.00213,-35.02782],[-58.0018,-35.02776],[-58.00155,-35.02782],[-58.00131,-35.02793],[-58.001,-35.02796],[-58.00084,-35.02791],[-58.0006,-35.02784],[-58.00035,-35.02776],[-58.00018,-35.02764],[-58.00002,-35.02756],[-57.99973,-35.02745],[-57.99929,-35.02734],[-57.9989,-35.02723],[-57.99862,-35.02711],[-57.99838,-35.02702],[-57.99808,-35.02692],[-57.998,-35.02681],[-57.99757,-35.02665],[-57.99681,-35.02636],[-57.99624,-35.02615],[-57.99553,-35.026],[-57.9952,-35.02588],[-57.9949,-35.0257],[-57.99467,-35.02556],[-57.99431,-35.02551],[-57.99403,-35.02552],[-57.99314,-35.02559],[-57.99258,-35.02562],[-57.99244,-35.02561],[-57.99223,-35.02557],[-57.99188,-35.02555],[-57.99147,-35.02553],[-57.99124,-35.02547],[-57.99079,-35.02527],[-57.99016,-35.02497],[-57.99001,-35.02487],[-57.98995,-35.02476],[-57.98991,-35.02461],[-57.98984,-35.02454],[-57.98968,-35.02455],[-57.98953,-35.02454],[-57.989,-35.02432],[-57.98888,-35.02429],[-57.98876,-35.02429],[-57.98868,-35.02435],[-57.98847,-35.02447],[-57.98822,-35.02452],[-57.98799,-35.02451],[-57.98761,-35.02451],[-57.98727,-35.02446],[-57.98709,-35.02436],[-57.98695,-35.02427],[-57.9867,-35.02421],[-57.98631,-35.02414],[-57.98595,-35.02414],[-57.98582,-35.02414],[-57.98557,-35.02401],[-57.98528,-35.0239],[-57.9849,-35.02378],[-57.98464,-35.02371],[-57.98449,-35.02371],[-57.98417,-35.02375],[-57.98379,-35.02379],[-57.98336,-35.02378],[-57.98298,-35.02371],[-57.98273,-35.02366],[-57.98252,-35.0237],[-57.98234,-35.0237],[-57.98215,-35.02369],[-57.982,-35.02369],[-57.9819,-35.02372],[-57.98181,-35.02379],[-57.98154,-35.02404],[-57.98137,-35.02413],[-57.98111,-35.02431],[-57.98075,-35.02458],[-57.98058,-35.02469],[-57.98043,-35.0248],[-57.98028,-35.02485],[-57.98005,-35.02487],[-57.97979,-35.02484],[-57.97913,-35.02454],[-57.97755,-35.0236],[-57.97739,-35.02354],[-57.97712,-35.02352],[-57.97659,-35.02355],[-57.97643,-35.02357],[-57.97635,-35.02364],[-57.97625,-35.02367],[-57.9761,-35.0237],[-57.976,-35.02375],[-57.97585,-35.02396],[-57.97569,-35.02404],[-57.97544,-35.02415],[-57.97524,-35.02417],[-57.9748,-35.02409],[-57.97442,-35.02401],[-57.9742,-35.02391],[-57.97389,-35.02369],[-57.973,-35.02308]]}},{"type":"Feature","properties":{"nombre":"Canal El Pescado","descripcion":"Canal"},"geometry":{"type":"LineString","coordinates":[[-57.75317,-34.92088],[-57.75322,-34.92082],[-57.75337,-34.92083],[-57.75366,-34.92072],[-57.7537,-34.92055],[-57.75375,-34.92038],[-57.75366,-34.92014],[-57.75366,-34.9201],[-57.75365,-34.92006],[-57.75363,-34.92001],[-57.75359,-34.91998],[-57.75353,-34.91995],[-57.75349,-34.91992],[-57.75344,-34.91989],[-57.75339,-34.91985],[-57.75335,-34.9198],[-57.75331,-34.91973],[-57.75315,-34.91923],[-57.75312,-34.91915],[-57.75308,-34.9191],[-57.75302,-34.91905],[-57.75298,-34.91898],[-57.75294,-34.91888],[-57.75248,-34.91793],[-57.75199,-34.91702],[-57.75109,-34.91532],[-57.75103,-34.91499]]}},{"type":"Feature","properties":{"nombre":"Arroyo La Balandra","descripcion":"Arroyo"},"geometry":{"type":"LineString","coordinates":[[-57.75631,-34.92206],[-57.75658,-34.92208],[-57.75728,-34.92205],[-57.75736,-34.92204],[-57.75744,-34.92201],[-57.75768,-34.92191],[-57.75775,-34.92187],[-57.75782,-34.92181],[-57.758,-34.92159],[-57.75807,-34.92154],[-57.75816,-34.92151],[-57.75922,-34.92119],[-57.7597,-34.92104],[-57.75987,-34.92099],[-57.76,-34.921],[-57.7609,-34.92104],[-57.76156,-34.92103],[-57.76164,-34.92099],[-57.76169,-34.92094]]}},{"type":"Feature","properties":{"descripcion":"Arroyo"},"geometry":{"type":"LineString","coordinates":[[-58.05508,-35.07427],[-58.05442,-35.07525],[-58.05368,-35.07776]]}},{"type":"Feature","properties":{"descripcion":"Arroyo"},"geometry":{"type":"LineString","coordinates":[[-58.05368,-35.07776],[-58.05365,-35.07789]]}},{"type":"Feature","properties":{"descripcion":"Canal"},"geometry":{"type":"LineString","coordinates":[[-57.85573,-34.91127],[-57.86877,-34.90169],[-57.87117,-34.89997],[-57.8712,-34.89992],[-57.87121,-34.89987],[-57.87119,-34.8998],[-57.86936,-34.89761],[-57.86934,-34.89756],[-57.86934,-34.89752],[-57.86938,-34.89739],[-57.86941,-34.89735],[-57.87627,-34.89353],[-57.87638,-34.89344]]}},{"type":"Feature","properties":{"descripcion":"Canal"},"geometry":{"type":"LineString","coordinates":[[-58.00263,-34.95773],[-58.00172,-34.95697],[-58.00167,-34.95664],[-58.00148,-34.9562],[-58.00137,-34.95554],[-58.00122,-34.95531],[-58.00101,-34.95467],[-58.00101,-34.95413],[-58.00091,-34.95391],[-58.00091,-34.95366],[-58.00099,-34.95358],[-58.0009,-34.95301],[-58.00091,-34.95254],[-58.00123,-34.95228],[-58.00194,-34.94951]]}},{"type":"Feature","properties":{"descripcion":"Canal"},"geometry":{"type":"LineString","coordinates":[[-58.00273,-34.95783],[-58.00263,-34.95773]]}},{"type":"Feature","properties":{"descripcion":"Canal"},"geometry":{"type":"LineString","coordinates":[[-58.00626,-34.96706],[-58.00623,-34.96698],[-58.00625,-34.96687],[-58.00631,-34.96675],[-58.0063,-34.9667],[-58.00622,-34.96661],[-58.00594,-34.96629],[-58.00592,-34.96615],[-58.00579,-34.96604],[-58.00566,-34.96588]]}},{"type":"Feature","properties":{"descripcion":"Canal"},"geometry":{"type":"LineString","coordinates":[[-58.00415,-34.96355],[-58.00411,-34.96348]]}},{"type":"Feature","properties":{"descripcion":"Canal"},"geometry":{"type":"LineString","coordinates":[[-58.0048,-34.96462],[-58.00476,-34.96456],[-58.00415,-34.96355]]}},{"type":"Feature","properties":{"descripcion":"Canal"},"geometry":{"type":"LineString","coordinates":[[-58.00485,-34.9647],[-58.0048,-34.96462]]}},{"type":"Feature","properties":{"descripcion":"Canal"},"geometry":{"type":"LineString","coordinates":[[-58.00559,-34.9658],[-58.00554,-34.96573],[-58.00521,-34.96523],[-58.00496,-34.96485],[-58.00485,-34.9647]]}},{"type":"Feature","properties":{"descripcion":"Canal"},"geometry":{"type":"LineString","coordinates":[[-58.00566,-34.96588],[-58.00559,-34.9658]]}},{"type":"Feature","properties":{"descripcion":"Canal"},"geometry":{"type":"LineString","coordinates":[[-58.00815,-34.97006],[-58.00679,-34.96883],[-58.00671,-34.96872],[-58.0067,-34.96864],[-58.00671,-34.96854],[-58.00697,-34.96833]]}},{"type":"Feature","properties":{"descripcion":"Canal"},"geometry":{"type":"LineString","coordinates":[[-58.00631,-34.96712],[-58.00626,-34.96706]]}},{"type":"Feature","properties":{"descripcion":"Canal"},"geometry":{"type":"LineString","coordinates":[[-58.00691,-34.96823],[-58.00678,-34.968],[-58.00642,-34.96725],[-58.00631,-34.96712]]}},{"type":"Feature","properties":{"descripcion":"Canal"},"geometry":{"type":"LineString","coordinates":[[-58.00697,-34.96833],[-58.00691,-34.96823]]}},{"type":"Feature","properties":{"nombre":"Arroyo El Gato","descripcion":"Arroyo"},"geometry":{"type":"LineString","coordinates":[[-58.01777,-34.9313],[-58.01708,-34.9307],[-58.01637,-34.9301]]}},{"type":"Feature","properties":{"descripcion":"Arroyo"},"geometry":{"type":"LineString","coordinates":[[-57.79079,-35.03888],[-57.79086,-35.03862],[-57.79104,-35.03835],[-57.79117,-35.03822],[-57.79148,-35.03809],[-57.79167,-35.03795],[-57.79188,-35.0376],[-57.79285,-35.03597],[-57.79304,-35.03561],[-57.79324,-35.03479],[-57.79335,-35.03461],[-57.79352,-35.03446],[-57.79353,-35.03435],[-57.79349,-35.03402],[-57.79346,-35.0338],[-57.79352,-35.03341],[-57.79352,-35.03331]]}},{"type":"Feature","properties":{"descripcion":"Arroyo"},"geometry":{"type":"LineString","coordinates":[[-57.79352,-35.03331],[-57.79352,-35.03316]]}},{"type":"Feature","properties":{"descripcion":"Arroyo"},"geometry":{"type":"LineString","coordinates":[[-57.73092,-35.01735],[-57.73094,-35.01728],[-57.73089,-35.01718],[-57.73098,-35.01692],[-57.73117,-35.01679],[-57.73141,-35.01669],[-57.73146,-35.01654],[-57.73119,-35.01509],[-57.73122,-35.01487],[-57.7313,-35.01465],[-57.73169,-35.01428],[-57.73186,-35.01312],[-57.73178,-35.01282],[-57.7315,-35.01253],[-57.73128,-35.0122],[-57.73122,-35.0119],[-57.73127,-35.01134],[-57.73132,-35.0111],[-57.73149,-35.01089],[-57.73183,-35.0106],[-57.73206,-35.01043],[-57.73214,-35.01022],[-57.73215,-35.00995],[-57.73222,-35.00973],[-57.7325,-35.00918],[-57.73277,-35.00884],[-57.73287,-35.00867],[-57.73289,-35.00838],[-57.73247,-35.00763],[-57.73226,-35.00691],[-57.73227,-35.00672],[-57.73248,-35.00656],[-57.73263,-35.00641],[-57.73266,-35.00622],[-57.73252,-35.00598],[-57.73223,-35.00584],[-57.73185,-35.00575],[-57.73156,-35.00572],[-57.73128,-35.00573],[-57.73115,-35.00564],[-57.73111,-35.00552],[-57.73121,-35.00525],[-57.73109,-35.00467],[-57.73091,-35.00431],[-57.7307,-35.00358],[-57.73057,-35.00339],[-57.73038,-35.0033],[-57.73013,-35.00325],[-57.72988,-35.00329],[-57.7296,-35.0035],[-57.72908,-35.0036],[-57.72858,-35.00363],[-57.72839,-35.00374],[-57.72829,-35.00369],[-57.72803,-35.0037],[-57.72773,-35.00367],[-57.72747,-35.00348],[-57.72733,-35.00334],[-57.72716,-35.00307],[-57.72693,-35.00295],[-57.72664,-35.00291],[-57.72553,-35.00316],[-57.72525,-35.00327],[-57.7249,-35.00325],[-57.7247,-35.00329],[-57.72462,-35.00315],[-57.72432,-35.00319],[-57.72414,-35.00303],[-57.72401,-35.00262],[-57.72362,-35.00215],[-57.72357,-35.00193],[-57.72365,-35.00141],[-57.7236,-35.00119],[-57.72328,-35.00082],[-57.7227,-35.0007],[-57.72227,-35.00041],[-57.7219,-35.00026],[-57.72156,-35.0002],[-57.72133,-35.00025],[-57.72118,-35.00021],[-57.72111,-35.00011],[-57.72103,-34.99983],[-57.7211,-34.99952],[-57.72125,-34.99942],[-57.72164,-34.9989]]}},{"type":"Feature","properties":{"descripcion":"Arroyo"},"geometry":{"type":"LineString","coordinates":[[-57.7309,-35.01748],[-57.73092,-35.01735]]}},{"type":"Feature","properties":{"descripcion":"Arroyo"},"geometry":{"type":"LineString","coordinates":[[-58.03319,-35.18361],[-58.03316,-35.18359],[-58.03259,-35.18254]]}},{"type":"Feature","properties":{"descripcion":"Arroyo"},"geometry":{"type":"LineString","coordinates":[[-58.03328,-35.18369],[-58.03319,-35.18361]]}},{"type":"Feature","properties":{"descripcion":"Desagüe o zanja"},"geometry":{"type":"LineString","coordinates":[[-57.95652,-34.87977],[-57.95653,-34.87962]]}},{"type":"Feature","properties":{"descripcion":"Desagüe o zanja"},"geometry":{"type":"LineString","coordinates":[[-57.95653,-34.87962],[-57.95657,-34.87898],[-57.95656,-34.87835]]}},{"type":"Feature","properties":{"descripcion":"Desagüe o zanja"},"geometry":{"type":"LineString","coordinates":[[-57.9553,-34.88133],[-57.95536,-34.88065],[-57.95652,-34.8798]]}},{"type":"Feature","properties":{"descripcion":"Desagüe o zanja"},"geometry":{"type":"LineString","coordinates":[[-57.9552,-34.8819],[-57.95528,-34.88158],[-57.9553,-34.88133]]}},{"type":"Feature","properties":{"descripcion":"Desagüe o zanja"},"geometry":{"type":"LineString","coordinates":[[-57.9546,-34.88259],[-57.95447,-34.88268]]}},{"type":"Feature","properties":{"descripcion":"Desagüe o zanja"},"geometry":{"type":"LineString","coordinates":[[-57.95447,-34.88268],[-57.95418,-34.88288]]}},{"type":"Feature","properties":{"descripcion":"Arroyo"},"geometry":{"type":"LineString","coordinates":[[-57.99833,-34.79108],[-57.99825,-34.791],[-57.99813,-34.79097],[-57.99803,-34.79086],[-57.99779,-34.79063]]}},{"type":"Feature","properties":{"descripcion":"Canal"},"geometry":{"type":"LineString","coordinates":[[-57.87682,-34.89324],[-57.88012,-34.89139]]}},{"type":"Feature","properties":{"descripcion":"Canal"},"geometry":{"type":"LineString","coordinates":[[-57.88012,-34.89139],[-57.88022,-34.89133]]}},{"type":"Feature","properties":{"descripcion":"Canal"},"geometry":{"type":"LineString","coordinates":[[-57.90785,-34.88235],[-57.9035,-34.87854]]}},{"type":"Feature","properties":{"descripcion":"Canal"},"geometry":{"type":"LineString","coordinates":[[-57.91144,-34.88549],[-57.91136,-34.88542]]}},{"type":"Feature","properties":{"descripcion":"Canal"},"geometry":{"type":"LineString","coordinates":[[-57.91136,-34.88542],[-57.90793,-34.88242]]}},{"type":"Feature","properties":{"descripcion":"Canal"},"geometry":{"type":"LineString","coordinates":[[-57.90793,-34.88242],[-57.90785,-34.88235]]}},{"type":"Feature","properties":{"descripcion":"Arroyo"},"geometry":{"type":"LineString","coordinates":[[-57.93423,-34.88659],[-57.93422,-34.8866],[-57.93382,-34.88638],[-57.93203,-34.8876]]}},{"type":"Feature","properties":{"descripcion":"Arroyo"},"geometry":{"type":"LineString","coordinates":[[-57.93434,-34.88653],[-57.93423,-34.88659]]}},{"type":"Feature","properties":{"descripcion":"Desagüe o zanja"},"geometry":{"type":"LineString","coordinates":[[-57.92906,-34.87229],[-57.92593,-34.87012]]}},{"type":"Feature","properties":{"descripcion":"Desagüe o zanja"},"geometry":{"type":"LineString","coordinates":[[-57.92593,-34.87012],[-57.92565,-34.86993]]}},{"type":"Feature","properties":{"descripcion":"Desagüe o zanja"},"geometry":{"type":"LineString","coordinates":[[-57.91471,-34.87286],[-57.91404,-34.87227],[-57.91461,-34.8719],[-57.91561,-34.87147],[-57.91802,-34.86947],[-57.91869,-34.86902]]}},{"type":"Feature","properties":{"descripcion":"Desagüe o zanja"},"geometry":{"type":"LineString","coordinates":[[-57.91869,-34.86902],[-57.91878,-34.86896]]}},{"type":"Feature","properties":{"descripcion":"Desagüe o zanja"},"geometry":{"type":"LineString","coordinates":[[-57.91325,-34.87154],[-57.91283,-34.87118],[-57.91281,-34.87096]]}},{"type":"Feature","properties":{"descripcion":"Desagüe o zanja"},"geometry":{"type":"LineString","coordinates":[[-57.91281,-34.87096],[-57.9128,-34.8709]]}},{"type":"Feature","properties":{"descripcion":"Desagüe o zanja"},"geometry":{"type":"LineString","coordinates":[[-57.90716,-34.85493],[-57.90724,-34.85487],[-57.90728,-34.85485],[-57.90731,-34.85483],[-57.90736,-34.85479],[-57.90742,-34.85475],[-57.90749,-34.85469],[-57.90757,-34.85462],[-57.9078,-34.85443],[-57.90782,-34.85441]]}},{"type":"Feature","properties":{"descripcion":"Desagüe o zanja"},"geometry":{"type":"LineString","coordinates":[[-57.90782,-34.85441],[-57.90789,-34.85434]]}},{"type":"Feature","properties":{"descripcion":"Desagüe o zanja"},"geometry":{"type":"LineString","coordinates":[[-57.90925,-34.85294],[-57.90923,-34.85289],[-57.9092,-34.85287]]}},{"type":"Feature","properties":{"descripcion":"Desagüe o zanja"},"geometry":{"type":"LineString","coordinates":[[-57.9093,-34.85298],[-57.90925,-34.85294]]}},{"type":"Feature","properties":{"descripcion":"Desagüe o zanja"},"geometry":{"type":"LineString","coordinates":[[-57.92037,-34.86621],[-57.92027,-34.86614]]}},{"type":"Feature","properties":{"descripcion":"Desagüe o zanja"},"geometry":{"type":"LineString","coordinates":[[-57.93328,-34.85692],[-57.9331,-34.85677]]}},{"type":"Feature","properties":{"descripcion":"Desagüe o zanja"},"geometry":{"type":"LineString","coordinates":[[-57.94947,-34.88072],[-57.94712,-34.88345],[-57.94664,-34.88323]]}},{"type":"Feature","properties":{"descripcion":"Desagüe o zanja"},"geometry":{"type":"LineString","coordinates":[[-57.94664,-34.88323],[-57.94031,-34.87951]]}},{"type":"Feature","properties":{"descripcion":"Desagüe o zanja"},"geometry":{"type":"LineString","coordinates":[[-57.92556,-34.86928],[-57.93389,-34.86286],[-57.93232,-34.86158]]}},{"type":"Feature","properties":{"descripcion":"Desagüe o zanja"},"geometry":{"type":"LineString","coordinates":[[-57.92059,-34.86635],[-57.92037,-34.86621]]}},{"type":"Feature","properties":{"descripcion":"Arroyo"},"geometry":{"type":"LineString","coordinates":[[-58.02617,-34.97936],[-58.02611,-34.97928],[-58.02603,-34.97912],[-58.02607,-34.97893],[-58.02613,-34.97828],[-58.02613,-34.97775],[-58.02637,-34.97738],[-58.02655,-34.97692],[-58.02653,-34.97677],[-58.02645,-34.97639],[-58.02619,-34.97605],[-58.02608,-34.97546],[-58.02579,-34.97524],[-58.02563,-34.97505],[-58.02571,-34.975]]}},{"type":"Feature","properties":{"descripcion":"Arroyo"},"geometry":{"type":"LineString","coordinates":[[-58.02624,-34.97944],[-58.02617,-34.97936]]}},{"type":"Feature","properties":{"nombre":"Arroyo El Gato","descripcion":"Arroyo"},"geometry":{"type":"LineString","coordinates":[[-58.01917,-34.95631],[-58.01884,-34.95618],[-58.0188,-34.95611],[-58.01883,-34.95607],[-58.01918,-34.95584],[-58.0192,-34.95582]]}},{"type":"Feature","properties":{"nombre":"Arroyo El Gato","descripcion":"Arroyo"},"geometry":{"type":"LineString","coordinates":[[-58.01908,-34.95563],[-58.01905,-34.95551]]}},{"type":"Feature","properties":{"nombre":"Arroyo El Gato","descripcion":"Arroyo"},"geometry":{"type":"LineString","coordinates":[[-58.01914,-34.95574],[-58.0191,-34.95568],[-58.01908,-34.95563]]}},{"type":"Feature","properties":{"nombre":"Arroyo El Gato","descripcion":"Arroyo"},"geometry":{"type":"LineString","coordinates":[[-58.0192,-34.95582],[-58.01914,-34.95574]]}},{"type":"Feature","properties":{"descripcion":"Arroyo"},"geometry":{"type":"LineString","coordinates":[[-58.05653,-34.98915],[-58.05652,-34.98914],[-58.05604,-34.9885],[-58.05567,-34.98792],[-58.05558,-34.98774],[-58.05554,-34.98762],[-58.05551,-34.98752],[-58.05542,-34.98737],[-58.05531,-34.9872],[-58.05525,-34.98713],[-58.05519,-34.98702],[-58.05513,-34.98689],[-58.05506,-34.98681],[-58.055,-34.98678],[-58.05493,-34.98668],[-58.05488,-34.98656],[-58.05481,-34.98644],[-58.0548,-34.98643],[-58.05479,-34.98633],[-58.05478,-34.98632],[-58.05477,-34.98631],[-58.05474,-34.9863],[-58.05474,-34.98629],[-58.05473,-34.98628],[-58.05473,-34.98626],[-58.05476,-34.98622],[-58.05477,-34.98618],[-58.05476,-34.98612],[-58.05472,-34.98603],[-58.05468,-34.98595],[-58.05465,-34.98588],[-58.05462,-34.98578],[-58.0546,-34.98567],[-58.0546,-34.98564]]}},{"type":"Feature","properties":{"descripcion":"Arroyo"},"geometry":{"type":"LineString","coordinates":[[-58.0546,-34.98564],[-58.05459,-34.98554]]}},{"type":"Feature","properties":{"descripcion":"Arroyo"},"geometry":{"type":"LineString","coordinates":[[-58.08711,-34.99696],[-58.08712,-34.99699],[-58.08704,-34.99709]]}},{"type":"Feature","properties":{"descripcion":"Arroyo"},"geometry":{"type":"LineString","coordinates":[[-58.08708,-34.99684],[-58.08711,-34.99696]]}},{"type":"Feature","properties":{"descripcion":"Arroyo"},"geometry":{"type":"LineString","coordinates":[[-58.08541,-35.12863],[-58.08553,-35.12873],[-58.08559,-35.12878],[-58.08566,-35.12882],[-58.08578,-35.12887],[-58.08592,-35.12891]]}},{"type":"Feature","properties":{"descripcion":"Arroyo"},"geometry":{"type":"LineString","coordinates":[[-58.08592,-35.12891],[-58.08599,-35.12891]]}},{"type":"Feature","properties":{"nombre":"Arroyo Baldovinos","descripcion":"Arroyo"},"geometry":{"type":"LineString","coordinates":[[-58.17413,-34.83612],[-58.17413,-34.83611],[-58.17408,-34.83605]]}},{"type":"Feature","properties":{"nombre":"Arroyo Baldovinos","descripcion":"Arroyo"},"geometry":{"type":"LineString","coordinates":[[-58.17419,-34.83622],[-58.17413,-34.83612]]}},{"type":"Feature","properties":{"descripcion":"Desagüe o zanja"},"geometry":{"type":"LineString","coordinates":[[-58.1522,-34.78055],[-58.15202,-34.78043],[-58.15161,-34.78009],[-58.14801,-34.77675]]}},{"type":"Feature","properties":{"descripcion":"Desagüe o zanja"},"geometry":{"type":"LineString","coordinates":[[-58.14801,-34.77675],[-58.14791,-34.77666]]}},{"type":"Feature","properties":{"nombre":"Carlitos","descripcion":"Arroyo"},"geometry":{"type":"LineString","coordinates":[[-57.84282,-34.86581],[-57.84311,-34.8655],[-57.84283,-34.8651],[-57.84231,-34.86428],[-57.84209,-34.86392],[-57.84171,-34.86351]]}},{"type":"Feature","properties":{"nombre":"Delgado","descripcion":"Canal"},"geometry":{"type":"LineString","coordinates":[[-57.81018,-34.90617],[-57.80506,-34.90005],[-57.80503,-34.90001],[-57.80448,-34.89949],[-57.80455,-34.89914]]}},{"type":"Feature","properties":{"nombre":"Napoleone","descripcion":"Canal"},"geometry":{"type":"LineString","coordinates":[[-57.81893,-34.92503],[-57.804,-34.90697],[-57.80153,-34.90242],[-57.801,-34.90178],[-57.80107,-34.90157]]}},{"type":"Feature","properties":{"descripcion":"Canal"},"geometry":{"type":"LineString","coordinates":[[-57.8421,-34.88564],[-57.83439,-34.88996],[-57.83428,-34.88996],[-57.83407,-34.88969],[-57.83399,-34.88966],[-57.83276,-34.88969],[-57.83183,-34.8899],[-57.82611,-34.89111],[-57.82461,-34.89165],[-57.82387,-34.89155],[-57.82363,-34.89142],[-57.82344,-34.89125],[-57.82342,-34.89122]]}},{"type":"Feature","properties":{"nombre":"Arroyo Pereyra","descripcion":"Arroyo"},"geometry":{"type":"LineString","coordinates":[[-58.12461,-34.8454],[-58.12485,-34.84556],[-58.12502,-34.84571],[-58.12514,-34.84593],[-58.12524,-34.84619],[-58.12528,-34.84637],[-58.12546,-34.84652],[-58.12575,-34.84678],[-58.12595,-34.84696]]}},{"type":"Feature","properties":{"descripcion":"Canal"},"geometry":{"type":"LineString","coordinates":[[-57.82336,-34.89112],[-57.82335,-34.89112],[-57.82169,-34.8867],[-57.82162,-34.88656],[-57.82084,-34.88558]]}},{"type":"Feature","properties":{"descripcion":"Canal"},"geometry":{"type":"LineString","coordinates":[[-57.82342,-34.89122],[-57.82336,-34.89112]]}},{"type":"Feature","properties":{"descripcion":"Canal"},"geometry":{"type":"LineString","coordinates":[[-58.05532,-34.8538],[-58.05531,-34.85378]]}},{"type":"Feature","properties":{"descripcion":"Canal"},"geometry":{"type":"LineString","coordinates":[[-58.05531,-34.85378],[-58.05529,-34.85369]]}},{"type":"Feature","properties":{"nombre":"Arroyo Carnaval","descripcion":"Desagüe o zanja"},"geometry":{"type":"LineString","coordinates":[[-58.07122,-34.85773],[-58.07112,-34.85764],[-58.07104,-34.85756],[-58.07097,-34.85751],[-58.0708,-34.85743],[-58.07066,-34.85742],[-58.07042,-34.85745],[-58.07017,-34.85753],[-58.06991,-34.85768],[-58.06957,-34.85791],[-58.06933,-34.858],[-58.0691,-34.85806],[-58.06867,-34.85808],[-58.06838,-34.85798],[-58.06817,-34.85787]]}},{"type":"Feature","properties":{"descripcion":"Desagüe o zanja"},"geometry":{"type":"LineString","coordinates":[[-57.92027,-34.86614],[-57.91926,-34.86542]]}},{"type":"Feature","properties":{"descripcion":"Desagüe o zanja"},"geometry":{"type":"LineString","coordinates":[[-57.91926,-34.86542],[-57.91914,-34.86534]]}},{"type":"Feature","properties":{"descripcion":"Desagüe o zanja"},"geometry":{"type":"LineString","coordinates":[[-57.94254,-34.8808],[-57.94048,-34.87961]]}},{"type":"Feature","properties":{"nombre":"Arroyo Rodríguez","descripcion":"Arroyo"},"geometry":{"type":"LineString","coordinates":[[-58.04782,-34.88932],[-58.04775,-34.88926],[-58.04772,-34.88919],[-58.04763,-34.88906],[-58.04757,-34.88899],[-58.04754,-34.88891],[-58.04755,-34.88878],[-58.04757,-34.88865],[-58.04757,-34.88854],[-58.04752,-34.88843],[-58.04745,-34.88831],[-58.04741,-34.88822],[-58.0474,-34.88808],[-58.04739,-34.88797],[-58.04712,-34.88766],[-58.04684,-34.88753],[-58.04657,-34.88745],[-58.04636,-34.88736],[-58.04592,-34.88714],[-58.04573,-34.88691],[-58.04559,-34.88674],[-58.0454,-34.88656],[-58.04504,-34.88651],[-58.0446,-34.88636],[-58.04447,-34.88629],[-58.04449,-34.88613],[-58.04454,-34.88597],[-58.04456,-34.88576],[-58.04458,-34.88566],[-58.04456,-34.88555],[-58.04446,-34.88544],[-58.04429,-34.88529],[-58.04409,-34.88516],[-58.04371,-34.88508],[-58.04334,-34.88499],[-58.04313,-34.88487],[-58.04268,-34.88461],[-58.04242,-34.88445],[-58.04209,-34.88424],[-58.04192,-34.88412],[-58.04178,-34.8839],[-58.0417,-34.88379],[-58.04161,-34.88369],[-58.04127,-34.8833],[-58.04096,-34.88274],[-58.04076,-34.88231],[-58.04073,-34.88222]]}},{"type":"Feature","properties":{"nombre":"Arroyo Rodríguez","descripcion":"Arroyo"},"geometry":{"type":"LineString","coordinates":[[-58.04073,-34.88222],[-58.04067,-34.88212]]}},{"type":"Feature","properties":{"nombre":"Arroyo Rodríguez","descripcion":"Arroyo"},"geometry":{"type":"LineString","coordinates":[[-58.04786,-34.88937],[-58.04782,-34.88932]]}},{"type":"Feature","properties":{"descripcion":"Desagüe o zanja"},"geometry":{"type":"LineString","coordinates":[[-58.19448,-34.86364],[-58.19451,-34.86366],[-58.19449,-34.86368],[-58.19447,-34.8637],[-58.19448,-34.86373],[-58.19451,-34.86376],[-58.19454,-34.86378],[-58.19458,-34.8638],[-58.19464,-34.86381],[-58.19468,-34.86384],[-58.19472,-34.86388],[-58.19476,-34.86391],[-58.19478,-34.86396],[-58.19478,-34.86399]]}},{"type":"Feature","properties":{"descripcion":"Desagüe o zanja"},"geometry":{"type":"LineString","coordinates":[[-58.08628,-35.07289],[-58.08632,-35.07293]]}},{"type":"Feature","properties":{"descripcion":"Desagüe o zanja"},"geometry":{"type":"LineString","coordinates":[[-58.0848,-35.0696],[-58.0851,-35.06976],[-58.08529,-35.06986],[-58.08617,-35.0728],[-58.08628,-35.07289]]}},{"type":"Feature","properties":{"nombre":"Arroyo Las Conchitas","descripcion":"Río"},"geometry":{"type":"LineString","coordinates":[[-58.1895,-34.79714],[-58.18938,-34.79708],[-58.18926,-34.79707],[-58.18813,-34.79699],[-58.18797,-34.79697],[-58.18783,-34.79692],[-58.1877,-34.79685],[-58.18759,-34.79678],[-58.18731,-34.79656],[-58.18573,-34.79526],[-58.18328,-34.79321],[-58.18057,-34.79097],[-58.18018,-34.79062],[-58.17998,-34.79023],[-58.17997,-34.79009],[-58.18038,-34.78845]]}},{"type":"Feature","properties":{"nombre":"Arroyo Rodríguez","descripcion":"Arroyo"},"geometry":{"type":"LineString","coordinates":[[-58.03014,-34.87175],[-58.03013,-34.87172],[-58.03011,-34.87169]]}},{"type":"Feature","properties":{"nombre":"Arroyo Carnaval","descripcion":"Desagüe o zanja"},"geometry":{"type":"LineString","coordinates":[[-58.07126,-34.85777],[-58.07122,-34.85773]]}},{"type":"Feature","properties":{"nombre":"Canal Villa Elisa","descripcion":"Arroyo"},"geometry":{"type":"LineString","coordinates":[[-58.06092,-34.85626],[-58.06056,-34.85568],[-58.06036,-34.85519],[-58.0603,-34.85457],[-58.0603,-34.85406],[-58.06034,-34.85362],[-58.06045,-34.85295],[-58.06045,-34.85246],[-58.06041,-34.85193],[-58.0603,-34.85146],[-58.06009,-34.851],[-58.05989,-34.85061],[-58.05957,-34.85017],[-58.05876,-34.84887],[-58.05739,-34.84668]]}},{"type":"Feature","properties":{"nombre":"Arroyo El Gato","descripcion":"Arroyo"},"geometry":{"type":"LineString","coordinates":[[-57.99473,-34.89163],[-57.99472,-34.89149],[-57.99468,-34.89134],[-57.99455,-34.89079],[-57.99442,-34.89057],[-57.99364,-34.88997],[-57.99317,-34.88956],[-57.99147,-34.88809],[-57.9907,-34.88737],[-57.99046,-34.88719],[-57.99022,-34.88704],[-57.98983,-34.88685],[-57.98937,-34.88672],[-57.9885,-34.88641],[-57.98787,-34.8861],[-57.98714,-34.88518],[-57.98571,-34.88299],[-57.98399,-34.88014]]}},{"type":"Feature","properties":{"nombre":"Arroyo El Gato","descripcion":"Arroyo"},"geometry":{"type":"LineString","coordinates":[[-57.9924,-34.89929],[-57.99238,-34.89904],[-57.99256,-34.89724],[-57.99265,-34.89677],[-57.9928,-34.89613],[-57.99287,-34.89586]]}},{"type":"Feature","properties":{"nombre":"Arroyo El Gato","descripcion":"Arroyo"},"geometry":{"type":"LineString","coordinates":[[-57.99287,-34.89586],[-57.99326,-34.89438],[-57.99334,-34.89418],[-57.99343,-34.89403],[-57.99374,-34.8936],[-57.99461,-34.89239],[-57.99469,-34.89224],[-57.99474,-34.89208],[-57.99475,-34.89193],[-57.99473,-34.89163]]}}]}